video,frame,t_sec,veg,raw_deg,fused_deg,gated,ct_px,fused_ct_px,gt_deg,gt_ct_px
rec_20251130_030636.avi,videos__rec_20251130_030636__f000000.jpg,0.0,0.0445,0.7510430323317564,0.7510430323317564,0,15.649439098522237,15.649439098522237,4.853096386992323,18.041509433962062
rec_20251130_030636.avi,videos__rec_20251130_030636__f000020.jpg,1.0,0.0628,-1.5841163451038678,-0.1830207186424933,0,11.66493935647145,14.055639201701922,7.054756548561236,17.795170527437335
rec_20251130_030636.avi,videos__rec_20251130_030636__f000040.jpg,2.0,0.0642,1.0281989822218076,0.30146716170322707,0,15.038416269116794,14.44875002866787,,
rec_20251130_030636.avi,videos__rec_20251130_030636__f000060.jpg,3.0,0.0631,-0.7966952923174357,-0.13779781990503812,0,13.52170802129342,14.077933225718091,,
rec_20251130_030636.avi,videos__rec_20251130_030636__f000080.jpg,4.0,0.0635,-0.18246307623853475,-0.15566392243843677,0,13.337851278420771,13.781900446799163,,
rec_20251130_030636.avi,videos__rec_20251130_030636__f000100.jpg,5.0,0.064,-0.08403036497065657,-0.1270104994513247,0,13.912344233687634,13.834077961554552,,
rec_20251130_030636.avi,videos__rec_20251130_030636__f000120.jpg,6.0,0.0644,-0.8549248438236453,-0.418176237200253,0,13.485974946800752,13.694836755653032,,
rec_20251130_030636.avi,videos__rec_20251130_030636__f000140.jpg,7.0,0.0647,-1.502432653211098,-0.851878803604591,0,12.174239835608205,13.0865979876351,,
rec_20251130_030636.avi,videos__rec_20251130_030636__f000160.jpg,8.0,0.0682,0.6527622511269945,-0.2500223817119568,0,14.74239725696009,13.748917695365096,,
rec_20251130_030636.avi,videos__rec_20251130_030636__f000180.jpg,9.0,0.0671,7.874751717041459,-0.2500223817119568,1,11.824729703251933,12.979242498519831,,
rec_20251130_030636.avi,videos__rec_20251130_030636__f000200.jpg,10.0,0.0681,1.6017014271795866,0.49066714184466065,0,16.489508165795826,14.38334876543023,,
rec_20251130_030636.avi,videos__rec_20251130_030636__f000220.jpg,11.0,0.0715,0.3881816543953434,0.44967294686493375,0,8.704953982404504,12.11199085221994,5.801805801856783,17.21105700328502
rec_20251130_030636.avi,videos__rec_20251130_030636__f000240.jpg,12.0,0.0737,1.1432067699145547,0.7270864760847822,0,10.346883701076194,11.405947991762442,,
rec_20251130_030636.avi,videos__rec_20251130_030636__f000260.jpg,13.0,0.0752,5.120444919733306,2.484429853544192,0,12.624175402069,11.893238955885066,,
rec_20251130_030636.avi,videos__rec_20251130_030636__f000280.jpg,14.0,0.0747,6.429465556422936,4.06244413469569,0,16.35452541650534,13.677753540133175,,
rec_20251130_030636.avi,videos__rec_20251130_030636__f000300.jpg,15.0,0.074,7.188250308769121,5.312766604325063,0,16.71889739929742,14.894211083798872,,
rec_20251130_030636.avi,videos__rec_20251130_030636__f000320.jpg,16.0,0.0718,0.9405173950548714,3.563866920616986,0,9.510369177590974,12.740674321315712,,
rec_20251130_030636.avi,videos__rec_20251130_030636__f000340.jpg,17.0,0.0623,0.03691535759237533,2.153086295407142,0,14.28146829328449,13.356991910103224,6.674066708657386,18.967882244900125
rec_20251130_030636.avi,videos__rec_20251130_030636__f000360.jpg,18.0,0.0691,0.3917742504173246,1.4485614774112148,0,14.237130819377342,13.70904747381287,,
rec_20251130_030636.avi,videos__rec_20251130_030636__f000380.jpg,19.0,0.0697,6.319786109378329,3.3970513301980603,0,16.286332214834374,14.739961370221472,,
rec_20251130_030636.avi,videos__rec_20251130_030636__f000400.jpg,20.0,0.07,-0.0548051745890375,2.016308728283221,0,14.68720253092772,14.718857834503972,,
rec_20251130_030636.avi,videos__rec_20251130_030636__f000420.jpg,21.0,0.0714,-0.7966952923174357,0.8911071200429581,0,13.52170802129342,14.23999790921975,,
rec_20251130_030636.avi,videos__rec_20251130_030636__f000440.jpg,22.0,0.0697,5.93449555463125,2.9084624938782753,0,15.25678658266645,14.646713378598431,,
rec_20251130_030636.avi,videos__rec_20251130_030636__f000460.jpg,23.0,0.0698,-0.26027211521231713,1.6409686502420382,0,13.08319880057229,14.021307547387973,5.892224543266433,19.015102764309177
rec_20251130_030636.avi,videos__rec_20251130_030636__f000480.jpg,24.0,0.0741,-0.23383514954495765,0.8910471303272398,0,14.246106810444871,14.111227252610732,,
rec_20251130_030636.avi,videos__rec_20251130_030636__f000500.jpg,25.0,0.0741,0.22898623821012926,0.6262227734803956,0,14.50434803542305,14.26847556573566,,
rec_20251130_030636.avi,videos__rec_20251130_030636__f000520.jpg,26.0,0.0745,0.9606157921020275,0.7599799809290484,0,15.478303810130058,14.75240686349342,,
rec_20251130_030636.avi,videos__rec_20251130_030636__f000540.jpg,27.0,0.0724,6.735808430289763,3.1503113606733346,0,16.614619960157142,15.497292102158909,,
rec_20251130_030636.avi,videos__rec_20251130_030636__f000560.jpg,28.0,0.0747,2.2056918471966007,2.7724635552826413,0,16.72163321138123,15.987028545847839,,
rec_20251130_030636.avi,videos__rec_20251130_030636__f000580.jpg,29.0,0.0791,8.226658522402374,4.954141542130534,0,18.714506995503484,17.078019925710095,,
rec_20251130_030636.avi,videos__rec_20251130_030636__f000600.jpg,30.0,0.0713,-0.6617387930457923,2.7077894080600036,0,13.661098514004777,15.711251361027967,,
rec_20251130_030636.avi,videos__rec_20251130_030636__f000620.jpg,31.0,0.0686,-0.11127387241340615,1.5801640958706398,0,14.709951399021236,15.310731376225274,,
rec_20251130_030636.avi,videos__rec_20251130_030636__f000640.jpg,32.0,0.0714,7.431752123454104,3.920799306904026,0,17.213861427208315,16.071983396618492,,
rec_20251130_030636.avi,videos__rec_20251130_030636__f000660.jpg,33.0,0.0726,6.804334959715667,5.074213568028682,0,16.423294361171713,16.21250778243978,,
rec_20251130_030636.avi,videos__rec_20251130_030636__f000680.jpg,34.0,0.0735,0.9683864466534832,3.4318827194786024,0,13.961879660761781,15.31225653376858,6.79765040246468,17.454629806692935
rec_20251130_030636.avi,videos__rec_20251130_030636__f000700.jpg,35.0,0.0715,0.05803655860542135,2.0823442551293296,0,14.319621490751615,14.915202516561793,,
rec_20251130_030636.avi,videos__rec_20251130_030636__f000720.jpg,36.0,0.0728,8.465467601660823,4.635593593741927,0,13.183240174696948,14.222417579815854,,
rec_20251130_030636.avi,videos__rec_20251130_030636__f000740.jpg,37.0,0.065,5.646850441836419,5.040096332979724,0,16.73154407910482,15.226068179531442,,
rec_20251130_030636.avi,videos__rec_20251130_030636__f000760.jpg,38.0,0.0654,1.4757630463314286,3.6143630183204056,0,13.796701276440729,14.654321418295156,,
rec_20251130_030636.avi,videos__rec_20251130_030636__f000780.jpg,39.0,0.0626,5.207675844983501,4.251688148985644,0,15.626041161635442,15.04300931563127,,
rec_20251130_030636.avi,videos__rec_20251130_030636__f000800.jpg,40.0,0.0638,0.8173909151189037,2.877969255438948,0,16.687452563617853,15.700786614825903,,
rec_20251130_030636.avi,videos__rec_20251130_030636__f000820.jpg,41.0,0.0651,6.53040802305276,4.3389447624844735,0,13.335208250440814,14.754555269071867,,
rec_20251130_030636.avi,videos__rec_20251130_030636__f000840.jpg,42.0,0.0648,5.425598849648053,4.773606397349905,0,15.861093021522322,15.19717037005205,,
rec_20251130_030636.avi,videos__rec_20251130_030636__f000860.jpg,43.0,0.0642,4.658414246355113,4.727529536951988,0,8.128045893641684,12.369520579487903,,
rec_20251130_030636.avi,videos__rec_20251130_030636__f000880.jpg,44.0,0.0638,-4.324486114188861,4.727529536951988,1,13.145139962207963,12.679768332575927,6.0542466429083035,17.671011827458244
rec_20251130_030636.avi,videos__rec_20251130_030636__f000900.jpg,45.0,0.0657,5.0033217924509845,4.837846439151587,0,25.378929638569332,17.75943285497329,,
rec_20251130_030636.avi,videos__rec_20251130_030636__f000920.jpg,46.0,0.0681,7.304230621832169,5.82440011222382,0,18.30204197090916,17.976476501347637,,
rec_20251130_030636.avi,videos__rec_20251130_030636__f000940.jpg,47.0,0.072,4.626095679659886,5.345078339198246,0,13.13041333245667,16.03805123379125,,
rec_20251130_030636.avi,videos__rec_20251130_030636__f000960.jpg,48.0,0.0725,5.98401484247634,5.600652940509484,0,14.575522333378785,15.453039673626265,,
rec_20251130_030636.avi,videos__rec_20251130_030636__f000980.jpg,49.0,0.0735,2.518783336972556,4.367905099094712,0,13.811817356452195,14.796550746756637,,
rec_20251130_030636.avi,videos__rec_20251130_030636__f001000.jpg,50.0,0.073,-1.6770932563454952,1.9499057569186293,0,12.942267023437637,14.054837257429037,,
rec_20251130_030636.avi,videos__rec_20251130_030636__f001020.jpg,51.0,0.0727,1.0284067921576423,1.5813061710142344,0,15.31484649677327,14.55884095316673,,
rec_20251130_030636.avi,videos__rec_20251130_030636__f001040.jpg,52.0,0.0716,1.2790470523140387,1.4604025235341562,0,13.895737234249395,14.293599465599797,,
rec_20251130_030636.avi,videos__rec_20251130_030636__f001060.jpg,53.0,0.0725,-0.39322442314717077,0.7189517448616254,0,13.769327437433674,14.083890654333347,,
rec_20251130_030636.avi,videos__rec_20251130_030636__f001080.jpg,54.0,0.0749,7.039805366276554,3.247293193427597,0,17.02683796063974,15.261069576855903,7.021396471641349,17.265450090089814
rec_20251130_030636.avi,videos__rec_20251130_030636__f001100.jpg,55.0,0.0777,-0.43832531017032733,1.7730457919884273,0,14.637566807498047,15.01166846911276,,
rec_20251130_030636.avi,videos__rec_20251130_030636__f001120.jpg,56.0,0.0769,1.3145803504571274,1.5896596153759073,0,16.23832176312675,15.502329786718354,,
rec_20251130_030636.avi,videos__rec_20251130_030636__f001140.jpg,57.0,0.0771,0.7710342338531171,1.2622094627667912,0,15.993367885482314,15.69874502622394,,
rec_20251130_030636.avi,videos__rec_20251130_030636__f001160.jpg,58.0,0.0755,-1.1993464576889066,0.2775870945845121,0,13.332669003368835,14.752314617081897,,
rec_20251130_030636.avi,videos__rec_20251130_030636__f001180.jpg,59.0,0.0749,0.693170036253814,0.4438202712522329,0,14.752827975105447,14.752519960291316,,
rec_20251130_030636.avi,videos__rec_20251130_030636__f001200.jpg,60.0,0.0753,-1.4547817781517347,-0.31562054850935417,0,12.01202638415947,13.656322529838578,,
rec_20251130_030636.avi,videos__rec_20251130_030636__f001220.jpg,61.0,0.0751,-0.3714368174442862,-0.337947056083327,0,16.054538387573473,14.615608872932535,,
rec_20251130_030636.avi,videos__rec_20251130_030636__f001240.jpg,62.0,0.0752,-0.49658389228758726,-0.4014017905650311,0,13.008170881858632,13.972633676502975,,
rec_20251130_030636.avi,videos__rec_20251130_030636__f001260.jpg,63.0,0.0755,1.1300632818707763,0.21118423840929187,0,15.51370537094084,14.589062354278122,,
rec_20251130_030636.avi,videos__rec_20251130_030636__f001280.jpg,64.0,0.0737,3.1364893357360852,1.3813062773400093,0,12.809731777119055,13.877330123414495,,
rec_20251130_030636.avi,videos__rec_20251130_030636__f001300.jpg,65.0,0.0731,5.725013496637007,3.1187891650588084,0,17.553527710555784,15.347809158271012,7.615236814131772,18.37476947535788
rec_20251130_030636.avi,videos__rec_20251130_030636__f001320.jpg,66.0,0.0735,4.902649630868633,3.8323333513827382,0,23.498515554268238,18.608091716669904,,
rec_20251130_030636.avi,videos__rec_20251130_030636__f001340.jpg,67.0,0.0736,2.1397484561345332,3.1552993932834563,0,16.936271484987003,17.939363623996744,,
rec_20251130_030636.avi,videos__rec_20251130_030636__f001360.jpg,68.0,0.0737,2.406511999871359,2.8557844359186175,0,17.274785465772993,17.67353236070724,,
rec_20251130_030636.avi,videos__rec_20251130_030636__f001380.jpg,69.0,0.0749,-0.207396906899744,1.630511898791273,0,13.836586135178209,16.138753870495627,,
rec_20251130_030636.avi,videos__rec_20251130_030636__f001400.jpg,70.0,0.0739,1.0202036695251673,1.3863886070848306,0,25.952405938034303,20.064214697511098,,
rec_20251130_030636.avi,videos__rec_20251130_030636__f001420.jpg,71.0,0.0686,6.199212582353637,3.311518197192353,0,17.044461413119905,18.856313383754618,,
rec_20251130_030636.avi,videos__rec_20251130_030636__f001440.jpg,72.0,0.0601,5.792307462718323,4.303833903402741,0,18.237141195759136,18.608644508556424,,
rec_20251130_030636.avi,videos__rec_20251130_030636__f001460.jpg,73.0,0.0589,5.6758631320541655,4.8526455948633105,0,17.433172497441205,18.138455704110335,,
rec_20251130_030636.avi,videos__rec_20251130_030636__f001480.jpg,74.0,0.0602,2.2223690328436025,3.8005349700554274,0,14.824004110051192,16.812675066486676,,
rec_20251130_030636.avi,videos__rec_20251130_030636__f001500.jpg,75.0,0.0613,4.069065898655674,3.9079473414955257,0,15.698268409588309,16.36691240372733,,
rec_20251130_030636.avi,videos__rec_20251130_030636__f001520.jpg,76.0,0.0605,4.409853273064929,4.108709714123287,0,16.135519587018848,16.274355277043938,,
rec_20251130_030636.avi,videos__rec_20251130_030636__f001540.jpg,77.0,0.0601,1.9703245682585921,3.253355655777409,0,17.295798672411877,16.682932635191115,,
rec_20251130_030636.avi,videos__rec_20251130_030636__f001560.jpg,78.0,0.0601,5.705424647735362,4.23418325256059,0,17.314959631205,16.93574343359667,,
rec_20251130_030636.avi,videos__rec_20251130_030636__f001580.jpg,79.0,0.0601,4.691902426004217,4.417270921938041,0,16.23091832013506,16.653813388212026,7.2597279585991785,17.425519804522764
rec_20251130_030636.avi,videos__rec_20251130_030636__f001600.jpg,80.0,0.0578,5.019233239725401,4.658055849052985,0,16.754881513557223,16.694240638350102,,
rec_20251130_030636.avi,videos__rec_20251130_030636__f001640.jpg,82.0,0.0653,-29.972892326475264,4.658055849052985,1,-14.426382666980885,4.245991316217706,,
rec_20251130_030636.avi,videos__rec_20251130_030636__f001660.jpg,83.0,0.0712,4.776398481692796,4.70539290210891,0,15.704791870768759,8.829511538038128,,
rec_20251130_030636.avi,videos__rec_20251130_030636__f001680.jpg,84.0,0.0624,0.4253075694026933,2.993358769026423,0,14.972767147053673,11.286813781644346,,
rec_20251130_030636.avi,videos__rec_20251130_030636__f001700.jpg,85.0,0.0688,4.546439042109367,3.614590878259601,0,15.499924568475535,12.972058096376822,,
rec_20251130_030636.avi,videos__rec_20251130_030636__f001720.jpg,86.0,0.0683,3.420073510305941,3.5367839310781366,0,14.15554218574789,13.44545173212525,,
rec_20251130_030636.avi,videos__rec_20251130_030636__f001740.jpg,87.0,0.0664,1.571963738404314,2.7508558540086074,0,14.443573827364332,13.844700570220883,,
rec_20251130_030636.avi,videos__rec_20251130_030636__f001760.jpg,88.0,0.0681,6.258324289478708,4.1538432281966475,0,17.061189447298602,15.131296121051971,,
rec_20251130_030636.avi,videos__rec_20251130_030636__f001780.jpg,89.0,0.0667,4.130384877001298,4.144459887718508,0,15.978109703601206,15.470021554071664,,
rec_20251130_030636.avi,videos__rec_20251130_030636__f001800.jpg,90.0,0.0673,4.207110240250842,4.169520028731442,0,14.671459119049473,15.150596580062787,,
rec_20251130_030636.avi,videos__rec_20251130_030636__f001820.jpg,91.0,0.0661,4.080110376037142,4.133756167653722,0,15.665917666699954,15.356725014717654,,
rec_20251130_030636.avi,videos__rec_20251130_030636__f001840.jpg,92.0,0.0658,-1.0342969647022109,2.0665349147113483,0,15.34843402197879,15.353408617622108,6.436337242694721,18.292272813878014
rec_20251130_030636.avi,videos__rec_20251130_030636__f001860.jpg,93.0,0.0665,4.2359865424744605,2.9343155658165934,0,14.890645755883043,15.168303472926482,,
rec_20251130_030636.avi,videos__rec_20251130_030636__f001880.jpg,94.0,0.0671,2.3431239564172532,2.6978389220568575,0,17.525464513981376,16.11116788934844,,
rec_20251130_030636.avi,videos__rec_20251130_030636__f001900.jpg,95.0,0.0672,0.16856427877249158,1.686129064743111,0,11.567901580979594,14.2938613660009,,
rec_20251130_030636.avi,videos__rec_20251130_030636__f001920.jpg,96.0,0.0671,-0.4219240561836531,0.8429078163724054,0,7.543483768127601,11.593710326851582,,
rec_20251130_030636.avi,videos__rec_20251130_030636__f001940.jpg,97.0,0.0673,5.329934855057186,2.6377186318463175,0,16.384606165587513,13.510068662345954,,
rec_20251130_030636.avi,videos__rec_20251130_030636__f001960.jpg,98.0,0.0691,-2.26935115278686,0.6748907179930465,0,8.393002114138085,11.463242043062806,,
rec_20251130_030636.avi,videos__rec_20251130_030636__f001980.jpg,99.0,0.0704,0.50382608354505,0.6064648642138479,0,13.399632137236324,12.237798080732214,,
rec_20251130_030636.avi,videos__rec_20251130_030636__f002000.jpg,100.0,0.0714,5.96187629807805,2.748629437759529,0,16.091297124654204,13.77919769830101,,
rec_20251130_030636.avi,videos__rec_20251130_030636__f002020.jpg,101.0,0.071,1.6525497005064238,2.310197542858287,0,12.698862879863555,13.347063770926027,,
rec_20251130_030636.avi,videos__rec_20251130_030636__f002040.jpg,102.0,0.0705,2.5169849380342746,2.3929125009286816,0,12.307368562912245,12.931185687720514,6.7552710359142525,19.02372759906632
rec_20251130_030636.avi,videos__rec_20251130_030636__f002060.jpg,103.0,0.0709,1.1684949854250637,1.9031454947272344,0,14.162580142864272,13.423743469778017,,
rec_20251130_030636.avi,videos__rec_20251130_030636__f002080.jpg,104.0,0.0708,2.4960983908904724,2.1403266531925293,0,14.127541446629664,13.705262660518676,,
rec_20251130_030636.avi,videos__rec_20251130_030636__f002100.jpg,105.0,0.0695,-0.7579169920614793,0.9810291950909258,0,8.303733938974347,11.544651171900945,,
rec_20251130_030636.avi,videos__rec_20251130_030636__f002120.jpg,106.0,0.0699,-0.8981209830170093,0.2293691238477517,0,21.67487539478907,15.596740861056194,,
rec_20251130_030636.avi,videos__rec_20251130_030636__f002140.jpg,107.0,0.0696,0.9408203723427849,0.513949623245765,0,12.685030814925767,14.432056842604023,,
rec_20251130_030636.avi,videos__rec_20251130_030636__f002160.jpg,108.0,0.0703,0.4067270276911423,0.4710605850239159,0,12.006780728952492,13.46194639714341,,
rec_20251130_030636.avi,videos__rec_20251130_030636__f002180.jpg,109.0,0.0699,2.888836244006801,1.43817084861707,0,14.223913774426364,13.766733348056592,,
rec_20251130_030636.avi,videos__rec_20251130_030636__f002200.jpg,110.0,0.0692,-0.43651357039483407,0.6882970810123082,0,11.456089582580717,12.842475841866241,,
rec_20251130_030636.avi,videos__rec_20251130_030636__f002220.jpg,111.0,0.0669,-0.4074669643023576,0.24999146288644186,0,12.541784744739687,12.722199403015619,,
rec_20251130_030636.avi,videos__rec_20251130_030636__f002240.jpg,112.0,0.0667,0.09211759389337608,0.18684191528921557,0,12.196663149912695,12.51198490177445,5.7260733023497,17.81417650997696
rec_20251130_030636.avi,videos__rec_20251130_030636__f002260.jpg,113.0,0.0671,2.0274459899795105,0.9230835451653335,0,14.619146184443991,13.354849414842267,,
rec_20251130_030636.avi,videos__rec_20251130_030636__f002280.jpg,114.0,0.0681,0.9947395571207226,0.9517459499474892,0,14.79491589121369,13.930876005390836,,
rec_20251130_030636.avi,videos__rec_20251130_030636__f002300.jpg,115.0,0.0691,1.2179860432536302,1.0582419872699456,0,14.903955984098843,14.32010799687404,,
rec_20251130_030636.avi,videos__rec_20251130_030636__f002320.jpg,116.0,0.0698,-2.6437239661518492,-0.4225443940987723,0,13.23399373258053,13.885662291156637,,
rec_20251130_030636.avi,videos__rec_20251130_030636__f002340.jpg,117.0,0.0707,-2.6738439490154016,-1.323064216065424,0,13.268698821287956,13.638876903209164,,
rec_20251130_030636.avi,videos__rec_20251130_030636__f002360.jpg,118.0,0.0671,0.6896457035355957,-0.5179802482250161,0,12.533046742584986,13.196544838959493,,
rec_20251130_030636.avi,videos__rec_20251130_030636__f002380.jpg,119.0,0.0668,-0.8156504730472692,-0.6370483381539174,0,14.715818629351418,13.804254355116264,,
rec_20251130_030636.avi,videos__rec_20251130_030636__f002400.jpg,120.0,0.0681,5.399510846669149,1.7775753357753095,0,16.88234224283906,15.03548951020538,,
rec_20251130_030636.avi,videos__rec_20251130_030636__f002420.jpg,121.0,0.0653,0.7051089266009544,1.3485887721055674,0,14.713321285683548,14.906622220396647,,
rec_20251130_030636.avi,videos__rec_20251130_030636__f002440.jpg,122.0,0.0645,-0.926685493040245,0.43847906604724235,0,14.113753065259345,14.589474558341728,,
rec_20251130_030636.avi,videos__rec_20251130_030636__f002460.jpg,123.0,0.0647,-1.3503615334841403,-0.27705717376531075,0,13.841214752015219,14.290170635811124,,
rec_20251130_030636.avi,videos__rec_20251130_030636__f002480.jpg,124.0,0.0606,2.0808631404878777,0.6661109519359647,0,16.84887156413231,15.3136510071396,6.268676873117615,11.457814095315996
rec_20251130_030636.avi,videos__rec_20251130_030636__f002500.jpg,125.0,0.0535,1.4635879907346159,0.9851017674554252,0,15.677133223880219,15.459043893835847,,
rec_20251130_030636.avi,videos__rec_20251130_030636__f002520.jpg,126.0,0.0531,2.623251086871194,1.6403614952217327,0,17.568121198184826,16.30267481557544,,
rec_20251130_030636.avi,videos__rec_20251130_030636__f002540.jpg,127.0,0.0516,-0.1959622226198048,0.9058320080851177,0,16.13303165057914,16.23481754957692,,
rec_20251130_030636.avi,videos__rec_20251130_030636__f002560.jpg,128.0,0.0533,2.460270620915447,1.5276074532172494,0,17.4534534662572,16.72227191624903,,
rec_20251130_030636.avi,videos__rec_20251130_030636__f002580.jpg,129.0,0.0603,2.2661495229169386,1.823024281097125,0,17.01400741363443,16.838966115203192,,
rec_20251130_030636.avi,videos__rec_20251130_030636__f002600.jpg,130.0,0.0643,1.9870412020117243,1.8886310494629648,0,16.842374424027184,16.840329438732788,,
rec_20251130_030636.avi,videos__rec_20251130_030636__f002620.jpg,131.0,0.0642,1.8542701790749787,1.8748867013077704,0,16.2057854026545,16.58651182430147,,
rec_20251130_030636.avi,videos__rec_20251130_030636__f002640.jpg,132.0,0.0649,6.039266010984186,3.5406384251783365,0,18.28241915924218,17.264874758277756,,
rec_20251130_030636.avi,videos__rec_20251130_030636__f002660.jpg,133.0,0.0655,0.4789056146998886,2.3159453009869573,0,24.468183780338563,20.14619836710208,,
rec_20251130_030636.avi,videos__rec_20251130_030636__f002680.jpg,134.0,0.0654,0.2870098900854787,1.504371136626366,0,17.513714955091984,19.093205002298042,,
rec_20251130_030636.avi,videos__rec_20251130_030636__f002700.jpg,135.0,0.073,-2.6255601877430905,-0.14760139312141674,0,15.841855229878433,17.7926650933302,,
rec_20251130_030636.avi,videos__rec_20251130_030636__f002720.jpg,136.0,0.071,0.5252092079377219,0.12152284730223871,0,16.55857138915445,17.299027611659902,5.775654671814989,17.12205254286465
rec_20251130_030636.avi,videos__rec_20251130_030636__f002740.jpg,137.0,0.0716,2.1397484561345332,0.9288130908351566,0,16.936271484987003,17.15392516099074,,
rec_20251130_030636.avi,videos__rec_20251130_030636__f002760.jpg,138.0,0.0716,0.8107324403721449,0.881580830649952,0,14.748981258196068,16.191947599872872,,
rec_20251130_030636.avi,videos__rec_20251130_030636__f002780.jpg,139.0,0.0635,4.782737599775605,2.4420435383002133,0,17.633537557123987,16.768583582773317,,
rec_20251130_030636.avi,videos__rec_20251130_030636__f002800.jpg,140.0,0.0624,1.93653260288337,2.239839164133476,0,17.31859270760333,16.98858723270532,,
rec_20251130_030636.avi,videos__rec_20251130_030636__f002820.jpg,141.0,0.0626,-1.2651146443883348,0.8378576407247516,0,26.77009607721402,20.901190770508798,,
rec_20251130_030636.avi,videos__rec_20251130_030636__f002840.jpg,142.0,0.0628,0.7910508807002591,0.8191349367149546,0,25.89310203008995,22.897955274341257,5.970173324981666,18.4314056205896
rec_20251130_030636.avi,videos__rec_20251130_030636__f002860.jpg,143.0,0.0644,1.40359278634086,1.0529180765653168,0,15.637696326357627,19.993851695147804,,
rec_20251130_030636.avi,videos__rec_20251130_030636__f002880.jpg,144.0,0.0636,5.951827409058145,3.0124818095624484,0,15.766704026549974,18.30299262770867,,
rec_20251130_030636.avi,videos__rec_20251130_030636__f002900.jpg,145.0,0.0639,4.371253597789323,3.5559905248531987,0,17.044808259998433,17.799718880624575,,
rec_20251130_030636.avi,videos__rec_20251130_030636__f002920.jpg,146.0,0.0657,0.5903381697812272,2.36972958282441,0,17.260470313438702,17.584019453750226,,
rec_20251130_030636.avi,videos__rec_20251130_030636__f002940.jpg,147.0,0.0637,3.75669985748269,2.924517692687722,0,15.590891951680362,16.78676845292228,,
rec_20251130_030636.avi,videos__rec_20251130_030636__f002960.jpg,148.0,0.0639,4.732921761030457,3.647879320024816,0,16.791563020935143,16.78868628012743,,
rec_20251130_030636.avi,videos__rec_20251130_030636__f002980.jpg,149.0,0.0668,4.818234112369729,4.116021236962782,0,16.252954484450868,16.5743935618568,,
rec_20251130_030636.avi,videos__rec_20251130_030636__f003000.jpg,150.0,0.0683,0.20047236037483257,2.549801686327602,0,25.515706635689412,20.15091879138985,,
rec_20251130_030636.avi,videos__rec_20251130_030636__f003020.jpg,151.0,0.0771,3.4042091574889715,2.89156467479215,0,24.020375786765726,21.6987015895402,,
rec_20251130_030636.avi,videos__rec_20251130_030636__f003040.jpg,152.0,0.0671,5.999009500496106,4.134542605073732,0,18.351041012199914,20.359637358604086,,
rec_20251130_030636.avi,videos__rec_20251130_030636__f003060.jpg,153.0,0.0667,1.8882588924022896,3.2360291200051554,0,16.612572591464243,18.860811451748148,,
rec_20251130_030636.avi,videos__rec_20251130_030636__f003080.jpg,154.0,0.0653,5.469807194493989,4.129540349800689,0,16.45688068934578,17.899239146787203,5.8875233725870375,17.6328275862067
rec_20251130_030636.avi,videos__rec_20251130_030636__f003100.jpg,155.0,0.0646,3.45857213979808,3.8611530657996456,0,24.703362124470686,20.6208883378606,,
rec_20251130_030636.avi,videos__rec_20251130_030636__f003120.jpg,156.0,0.0625,6.071674623579093,4.745361688911425,0,17.383756014491382,19.32603540851291,,
rec_20251130_030636.avi,videos__rec_20251130_030636__f003140.jpg,157.0,0.0645,6.76291529617488,5.552383131816807,0,15.15708810194485,17.658456485885687,,
rec_20251130_030636.avi,videos__rec_20251130_030636__f003160.jpg,158.0,0.0664,5.5091909388656,5.535106254636324,0,11.931577598011586,15.367704930736046,,
rec_20251130_030636.avi,videos__rec_20251130_030636__f003180.jpg,159.0,0.0666,1.8289536054747684,4.052645194971702,0,23.820646785745907,18.74888167273999,,
rec_20251130_030636.avi,videos__rec_20251130_030636__f003200.jpg,160.0,0.0663,8.252035294426607,5.732401234753664,0,12.398344923346144,16.208666972982453,,
rec_20251130_030636.avi,videos__rec_20251130_030636__f003220.jpg,161.0,0.0599,6.1070888186562415,5.882276268314695,0,15.416101804012726,15.891640905394564,,
rec_20251130_030636.avi,videos__rec_20251130_030636__f003240.jpg,162.0,0.0588,1.9838813893814855,4.322918316741411,0,11.25436961433428,14.03673238897045,,
rec_20251130_030636.avi,videos__rec_20251130_030636__f003260.jpg,163.0,0.0584,3.281967424770001,3.906537959952847,0,8.920994952394324,11.990437414339999,,
rec_20251130_030636.avi,videos__rec_20251130_030636__f003280.jpg,164.0,0.0586,2.561163312291452,3.368388100888289,0,13.389464688168232,12.550048323871293,,
rec_20251130_030636.avi,videos__rec_20251130_030636__f003300.jpg,165.0,0.0586,6.942730811557199,4.798125185155853,0,13.504697833009118,12.931908127526423,,
rec_20251130_030636.avi,videos__rec_20251130_030636__f003320.jpg,166.0,0.0556,6.691941052096329,5.555651531932043,0,11.836928912405142,12.49391644147791,4.165302728016461,16.655007407754283
rec_20251130_030636.avi,videos__rec_20251130_030636__f003340.jpg,167.0,0.0571,2.2833192651029917,4.2467186252004225,0,9.313256565510926,11.221652491091117,,
rec_20251130_030636.avi,videos__rec_20251130_030636__f003360.jpg,168.0,0.0606,7.314048666543286,5.473650641737568,0,12.60471419248131,11.774877171647194,,
rec_20251130_030636.avi,videos__rec_20251130_030636__f003380.jpg,169.0,0.0591,1.9204441992403227,4.05236806473867,0,6.609990654761134,9.70892256489277,,
rec_20251130_030636.avi,videos__rec_20251130_030636__f003400.jpg,170.0,0.0605,-1.380986496912248,1.8790262400783024,0,9.759811108124381,9.729277982185415,,
rec_20251130_030636.avi,videos__rec_20251130_030636__f003420.jpg,171.0,0.0595,1.1850946042398047,1.6014535857429033,0,9.206138256190002,9.52002209178725,4.933170817028412,14.989285997132413
rec_20251130_030636.avi,videos__rec_20251130_030636__f003440.jpg,172.0,0.0594,4.8286023494244725,2.892313091215531,0,12.304165303259197,10.63367937637603,,
rec_20251130_030636.avi,videos__rec_20251130_030636__f003460.jpg,173.0,0.0604,0.4626493995956667,1.920447614567585,0,7.669922778334069,9.448176737159246,,
rec_20251130_030636.avi,videos__rec_20251130_030636__f003480.jpg,174.0,0.0614,2.849233716956177,2.2919620555230216,0,10.614979227677736,9.914897733366642,,
rec_20251130_030636.avi,videos__rec_20251130_030636__f003500.jpg,175.0,0.0606,3.171720951710723,2.643865613998102,0,10.101809443585466,9.989662417454172,,
rec_20251130_030636.avi,videos__rec_20251130_030636__f003520.jpg,176.0,0.0612,3.771924752663714,3.0950892694643466,0,11.167900294330138,10.46095756820456,,
rec_20251130_030636.avi,videos__rec_20251130_030636__f003540.jpg,177.0,0.0618,4.082326223102241,3.4899840509195044,0,13.475789239006758,11.66689023652544,,
rec_20251130_030636.avi,videos__rec_20251130_030636__f003560.jpg,178.0,0.0608,2.4184022877390854,3.0613513456473367,0,10.649280839149583,11.259846477575097,,
rec_20251130_030636.avi,videos__rec_20251130_030636__f003580.jpg,179.0,0.0619,5.293909678439218,3.954374678764089,0,13.312947522268018,12.081086895452266,,
rec_20251130_030636.avi,videos__rec_20251130_030636__f003600.jpg,180.0,0.0617,6.822718147108123,5.101712066101703,0,15.127208347071473,13.29953547609995,,
rec_20251130_030636.avi,videos__rec_20251130_030636__f003620.jpg,181.0,0.062,5.72135726252083,5.349570144669354,0,15.561950089496804,14.204501321458691,5.4097286009874495,9.326561474107677
rec_20251130_030636.avi,videos__rec_20251130_030636__f003640.jpg,182.0,0.0636,3.2333989848575797,4.503101680744644,0,9.066717516635435,12.14938779952939,,
rec_20251130_030636.avi,videos__rec_20251130_030636__f003660.jpg,183.0,0.062,1.3301076876358129,3.2339040835011112,0,8.18720679598249,10.564515398110629,,
rec_20251130_030636.avi,videos__rec_20251130_030636__f003680.jpg,184.0,0.0602,7.243361569297978,4.837687077819858,0,13.291855843490453,11.655451576262559,,
rec_20251130_030636.avi,videos__rec_20251130_030636__f003700.jpg,185.0,0.0617,5.014737700041691,4.908507326708591,0,8.49230766330254,10.390194011078552,,
rec_20251130_030636.avi,videos__rec_20251130_030636__f003720.jpg,186.0,0.0606,0.8763111385962136,3.29562885146364,0,6.900340756806031,8.994252709369544,,
rec_20251130_030636.avi,videos__rec_20251130_030636__f003740.jpg,187.0,0.06,2.1915877005051723,2.8540123910802526,0,6.463076678524999,7.981782297031726,,
rec_20251130_030636.avi,videos__rec_20251130_030636__f003760.jpg,188.0,0.0612,7.300827224645387,4.632738324506306,0,12.523752865876077,9.798570524569467,,
rec_20251130_030636.avi,videos__rec_20251130_030636__f003780.jpg,189.0,0.0603,6.801264664952217,5.5001488606846705,0,12.112370002495481,10.724090315739872,,
rec_20251130_030636.avi,videos__rec_20251130_030636__f003800.jpg,190.0,0.0601,2.0475856165283854,4.119123563022157,0,7.932452057906971,9.607435012606711,,
rec_20251130_030636.avi,videos__rec_20251130_030636__f003820.jpg,191.0,0.0582,2.100356538771109,3.311616753321738,0,11.583629790274074,10.397912923673656,,
rec_20251130_030636.avi,videos__rec_20251130_030636__f003840.jpg,192.0,0.0602,1.2780956781105757,2.4982083232372734,0,11.848076315744038,10.977978280501809,5.006615597692783,13.622791275494706
rec_20251130_030636.avi,videos__rec_20251130_030636__f003860.jpg,193.0,0.0606,3.0033021302201375,2.700245846030419,0,11.837381451478905,11.321739548892648,,
rec_20251130_030636.avi,videos__rec_20251130_030636__f003880.jpg,194.0,0.0619,2.007057095766067,2.422970345924678,0,7.159580544174787,9.656875947005503,,
rec_20251130_030636.avi,videos__rec_20251130_030636__f003900.jpg,195.0,0.0597,2.8535669977252485,2.5952090066449065,0,12.455721282474883,10.776414081193256,,
rec_20251130_030636.avi,videos__rec_20251130_030636__f003920.jpg,196.0,0.0577,1.5923364584340258,2.1940599873605544,0,10.109718681469417,10.50973592130372,,
rec_20251130_030636.avi,videos__rec_20251130_030636__f003940.jpg,197.0,0.0558,5.712055443339577,3.601258169752164,0,13.471529346767852,11.694453291489374,,
rec_20251130_030636.avi,videos__rec_20251130_030636__f003960.jpg,198.0,0.0571,-2.8199524643724323,1.0327739161023255,0,6.153717307336137,9.478158897828079,,
rec_20251130_030636.avi,videos__rec_20251130_030636__f003980.jpg,199.0,0.0574,3.871640812926303,2.1683206748319166,0,9.395585563527504,9.445129564107848,,
rec_20251130_030636.avi,videos__rec_20251130_030636__f004000.jpg,200.0,0.0589,2.9260926250085637,2.4714294549025757,0,8.09547070608727,8.905266020899617,,
rec_20251130_030636.avi,videos__rec_20251130_030636__f004020.jpg,201.0,0.0588,3.801059035634172,3.0032812871952146,0,12.19071742317874,10.219446581811265,,
rec_20251130_030636.avi,videos__rec_20251130_030636__f004040.jpg,202.0,0.0566,1.2662930411614106,2.308485988781693,0,11.19646706496519,10.610254775072836,,
rec_20251130_030636.avi,videos__rec_20251130_030636__f004060.jpg,203.0,0.0601,3.3809265652561744,2.7374622193714857,0,7.9537224156669595,9.547641831310486,,
rec_20251130_030636.avi,videos__rec_20251130_030636__f004080.jpg,204.0,0.0605,3.554089972546947,3.0641133206416704,0,7.505817759537763,8.730912202601395,,
rec_20251130_030636.avi,videos__rec_20251130_030636__f004100.jpg,205.0,0.0601,3.2465769949138963,3.137098790350561,0,9.089463393365861,8.874332678907182,,
rec_20251130_030636.avi,videos__rec_20251130_030636__f004120.jpg,206.0,0.0628,8.469496375886946,5.270057824565115,0,16.127443970486183,11.775577195538784,,
rec_20251130_030636.avi,videos__rec_20251130_030636__f004140.jpg,207.0,0.0619,5.2861589223410155,5.276498263675475,0,10.56584439621588,11.291684075809622,,
rec_20251130_030636.avi,videos__rec_20251130_030636__f004160.jpg,208.0,0.0622,6.316361399642835,5.6924435180624195,0,17.721497034041647,13.863609259102432,,
rec_20251130_030636.avi,videos__rec_20251130_030636__f004180.jpg,209.0,0.0595,6.778531479163804,6.126878702502973,0,12.6395332942256,13.3739788731517,5.650335971142303,18.178892156862617
rec_20251130_030636.avi,videos__rec_20251130_030636__f004200.jpg,210.0,0.0605,1.8777869347554783,4.427241995403975,0,10.734933827370469,12.318360854839208,,
rec_20251130_030636.avi,videos__rec_20251130_030636__f004220.jpg,211.0,0.0623,5.0258167669322775,4.6666719040152955,0,15.366104602589473,13.537458353939314,,
rec_20251130_030636.avi,videos__rec_20251130_030636__f004240.jpg,212.0,0.0636,1.5320007753643958,3.4128034525549356,0,11.367602596215647,12.669516050849847,,
rec_20251130_030636.avi,videos__rec_20251130_030636__f004260.jpg,213.0,0.0636,2.5007551529697922,3.0479841327208783,0,11.273119659784868,12.110957494423856,,
rec_20251130_030636.avi,videos__rec_20251130_030636__f004280.jpg,214.0,0.0631,2.037318417387118,2.643717846587374,0,10.807713550327037,11.589659916785127,,
rec_20251130_030636.avi,videos__rec_20251130_030636__f004300.jpg,215.0,0.0638,3.857882246990386,3.129383606748579,0,11.543101853784833,11.571036691585011,,
rec_20251130_030636.avi,videos__rec_20251130_030636__f004320.jpg,216.0,0.0626,3.6081885772387627,3.3209055949446524,0,13.316837348436707,12.26935695432569,,
rec_20251130_030636.avi,videos__rec_20251130_030636__f004340.jpg,217.0,0.0632,0.9284309663734398,2.3639157435161673,0,6.679285364446002,10.033328318373815,,
rec_20251130_030636.avi,videos__rec_20251130_030636__f004360.jpg,218.0,0.0584,1.754735836678246,2.120243780780999,0,9.147550817467959,9.679017318011473,5.711016237041896,14.369877143033477
rec_20251130_030636.avi,videos__rec_20251130_030636__f004380.jpg,219.0,0.0572,3.61994134071237,2.7201228047535473,0,6.8940189373978455,8.565017965766021,,
rec_20251130_030636.avi,videos__rec_20251130_030636__f004400.jpg,220.0,0.0605,1.8337811817077014,2.365586155535209,0,9.19806303952356,8.818235995269037,,
rec_20251130_030636.avi,videos__rec_20251130_030636__f004420.jpg,221.0,0.0598,1.5138727787533057,2.0249008048224475,0,9.76256043182633,9.195965769891954,6.407654194547973,17.875744079179924
rec_20251130_030636.avi,videos__rec_20251130_030636__f004440.jpg,222.0,0.0668,1.625347682144077,1.8650795557510993,0,10.330729347044837,9.649871200753108,,
rec_20251130_030636.avi,videos__rec_20251130_030636__f004460.jpg,223.0,0.0643,-1.456845292431199,0.5363096164781799,0,8.296821025928637,9.108651130823318,,
rec_20251130_030636.avi,videos__rec_20251130_030636__f004480.jpg,224.0,0.0642,-3.711876801694787,-1.162964950791007,0,8.437285691036152,8.840104954908451,,
rec_20251130_030636.avi,videos__rec_20251130_030636__f004500.jpg,225.0,0.0634,-0.6757201732235943,-0.9680670397640418,0,8.579093234815218,8.735700266871158,,
rec_20251130_030636.avi,videos__rec_20251130_030636__f004520.jpg,226.0,0.0637,-2.345205019614519,-1.5189222317042326,0,7.896012615441748,8.399825206299393,,
rec_20251130_030636.avi,videos__rec_20251130_030636__f004540.jpg,227.0,0.0651,-1.460615371393393,-1.4955994875798968,0,8.283816592396647,8.353421760738295,,
rec_20251130_030636.avi,videos__rec_20251130_030636__f004560.jpg,228.0,0.0632,-0.9012358810173104,-1.257854044954862,0,10.671416600002033,9.28061969644379,,
rec_20251130_030636.avi,videos__rec_20251130_030636__f004580.jpg,229.0,0.0634,-0.1775610155523288,-0.8257368331938487,0,9.515450580740662,9.374552050162539,,
rec_20251130_030636.avi,videos__rec_20251130_030636__f004600.jpg,230.0,0.0635,0.3427894262509532,-0.3583263294159279,0,6.827220899500901,8.355619589897884,,
rec_20251130_030636.avi,videos__rec_20251130_030636__f004620.jpg,231.0,0.0636,2.2934392978896527,0.7023799215063045,0,9.829384278791451,8.94512546545531,5.638439149142542,15.161558025233774
rec_20251130_030636.avi,videos__rec_20251130_030636__f004640.jpg,232.0,0.0638,-1.9771251505895882,-0.3694221073320526,0,8.987052197675553,8.961896158343407,,
rec_20251130_030636.avi,videos__rec_20251130_030636__f004660.jpg,233.0,0.0638,-0.546662077177209,-0.4403180952701152,0,7.431373635336286,8.349687149140559,,
rec_20251130_030636.avi,videos__rec_20251130_030636__f004680.jpg,234.0,0.0639,3.807583524740892,1.2588425527342877,0,11.342315676757778,9.546738560187446,,
rec_20251130_030636.avi,videos__rec_20251130_030636__f004700.jpg,235.0,0.0638,0.5426306602514221,0.9723577957411415,0,10.093545157199515,9.765461198992273,,
rec_20251130_030636.avi,videos__rec_20251130_030636__f004720.jpg,236.0,0.0633,-1.524355444869029,-0.02632750050292676,0,7.492787098067311,8.856391558622288,,
rec_20251130_030636.avi,videos__rec_20251130_030636__f004740.jpg,237.0,0.063,-1.4855442451837222,-0.610014198375245,0,8.521373822474175,8.722384464163042,,
rec_20251130_030636.avi,videos__rec_20251130_030636__f004760.jpg,238.0,0.0629,2.0760016292007717,0.46439213265516177,0,9.071323020021396,8.861959886506384,,
rec_20251130_030636.avi,videos__rec_20251130_030636__f004780.jpg,239.0,0.0637,-0.7775333050887069,-0.032378042442385735,0,10.342301430527243,9.454096504114727,,
rec_20251130_030636.avi,videos__rec_20251130_030636__f004800.jpg,240.0,0.0634,2.463168137367076,0.965840429481399,0,8.61297820531422,9.117649184594525,,
rec_20251130_030636.avi,videos__rec_20251130_030636__f004820.jpg,241.0,0.0643,0.3608912276409819,0.7238607487452322,0,8.67086725382967,8.938936412288584,5.139815808802591,15.238172252904292
rec_20251130_030636.avi,videos__rec_20251130_030636__f004840.jpg,242.0,0.0607,2.435336002691551,1.4084508503237596,0,6.14817264807516,7.822630906603214,,
rec_20251130_030636.avi,videos__rec_20251130_030636__f004860.jpg,243.0,0.064,3.074690895450382,2.0749468683744086,0,6.787489134271937,7.408574197670703,,
rec_20251130_030636.avi,videos__rec_20251130_030636__f004880.jpg,244.0,0.0649,2.3108159795713914,2.1692945128532015,0,6.534675357734557,7.059014661696244,,
rec_20251130_030636.avi,videos__rec_20251130_030636__f004900.jpg,245.0,0.0648,2.0616112288294053,2.126221199243683,0,8.101817838269028,7.476135932325358,,
rec_20251130_030636.avi,videos__rec_20251130_030636__f004920.jpg,246.0,0.065,0.18772484878000809,1.350822659058213,0,3.4339798558193024,5.859273501722935,,
rec_20251130_030636.avi,videos__rec_20251130_030636__f004940.jpg,247.0,0.0649,2.3949638728352256,1.7684791445690182,0,5.955626913481979,5.897814866426552,,
rec_20251130_030636.avi,videos__rec_20251130_030636__f004960.jpg,248.0,0.0638,2.3495373099870416,2.0009024107362277,0,15.785620764720136,9.852937225743986,,
rec_20251130_030636.avi,videos__rec_20251130_030636__f004980.jpg,249.0,0.0632,2.737730410987269,2.295633610836644,0,10.395408223937181,10.069925625021263,,
rec_20251130_030636.avi,videos__rec_20251130_030636__f005000.jpg,250.0,0.0621,1.7409792361063743,2.073771860944536,0,9.151753836994374,9.702656909810507,,
rec_20251130_030636.avi,videos__rec_20251130_030636__f005020.jpg,251.0,0.0625,2.9017536725984585,2.404964585606105,0,9.236339172149428,9.516129814746076,5.1497317676293894,16.866199364796216
rec_20251130_030636.avi,videos__rec_20251130_030636__f005040.jpg,252.0,0.0623,2.417809185199088,2.410102425443298,0,9.30198525201456,9.43047198965347,,
rec_20251130_030636.avi,videos__rec_20251130_030636__f005060.jpg,253.0,0.0641,2.8639774931204247,2.5916524525141487,0,8.538302932018553,9.073604366599502,,
rec_20251130_030636.avi,videos__rec_20251130_030636__f005080.jpg,254.0,0.0641,2.4892375180417017,2.55068647872517,0,7.113270972024225,8.289471008769391,,
rec_20251130_030636.avi,videos__rec_20251130_030636__f005100.jpg,255.0,0.0635,1.372907178619687,2.079574758682977,0,5.42249577436985,7.142680915009574,,
rec_20251130_030636.avi,videos__rec_20251130_030636__f005120.jpg,256.0,0.065,2.6894343537171443,2.323518596696644,0,6.57418560657851,6.915282791637149,,
rec_20251130_030636.avi,videos__rec_20251130_030636__f005140.jpg,257.0,0.0651,1.2968158979551219,1.9128375172000351,0,13.040982574474128,9.365562704771941,,
rec_20251130_030636.avi,videos__rec_20251130_030636__f005160.jpg,258.0,0.064,1.7321595395022378,1.8405663261209164,0,8.549143173581854,9.038994892295907,,
rec_20251130_030636.avi,videos__rec_20251130_030636__f005180.jpg,259.0,0.0636,1.053855666824511,1.5258820624023541,0,11.855152026237704,10.165457745872626,,
rec_20251130_030636.avi,videos__rec_20251130_030636__f005200.jpg,260.0,0.0636,2.9898290427464618,2.111460854539997,0,7.878663036015155,9.250739861929638,,
rec_20251130_030636.avi,videos__rec_20251130_030636__f005220.jpg,261.0,0.0633,3.4986793533533205,2.6663482540653263,0,7.015838239029449,8.356779212769563,6.0601028127582,15.295193532185067
rec_20251130_030636.avi,videos__rec_20251130_030636__f005240.jpg,262.0,0.0628,1.972165920554357,2.3886753206609384,0,8.245414421629562,8.312233296313563,,
rec_20251130_030636.avi,videos__rec_20251130_030636__f005260.jpg,263.0,0.063,3.7758959557319174,2.94356357468933,0,6.691229326562393,7.663831708413095,,
rec_20251130_030636.avi,videos__rec_20251130_030636__f005280.jpg,264.0,0.0638,1.3734405789832986,2.3155143764069175,0,12.40134808778663,9.55883826016251,,
rec_20251130_030636.avi,videos__rec_20251130_030636__f005300.jpg,265.0,0.0632,0.3967864947799579,1.5480232237561338,0,9.152424405561476,9.396272718322097,,
rec_20251130_030636.avi,videos__rec_20251130_030636__f005320.jpg,266.0,0.0628,2.277912564699086,1.8399789601333145,0,9.117219372112459,9.284651379838241,,
rec_20251130_030636.avi,videos__rec_20251130_030636__f005340.jpg,267.0,0.0631,2.416843446266556,2.070724754586611,0,8.327971326048896,8.901979358322503,,
rec_20251130_030636.avi,videos__rec_20251130_030636__f005360.jpg,268.0,0.0621,0.3934051648250166,1.3997969186819732,0,5.68595127070347,7.61556812327489,,
rec_20251130_030636.avi,videos__rec_20251130_030636__f005380.jpg,269.0,0.0617,2.76360487581545,1.9453201015353638,0,7.338272275839813,7.5046497843008595,,
rec_20251130_030636.avi,videos__rec_20251130_030636__f005400.jpg,270.0,0.0598,4.587378476398031,3.002143451480431,0,8.247143102493794,7.801647111578033,,
rec_20251130_030636.avi,videos__rec_20251130_030636__f005420.jpg,271.0,0.0596,2.5879591288443207,2.8364697224259867,0,9.680709003710888,8.553271868431175,5.773172848478982,14.645677588686624
rec_20251130_030636.avi,videos__rec_20251130_030636__f005440.jpg,272.0,0.0597,4.268801144998241,3.4094022914548887,0,11.25569337620152,9.634240471539313,,
rec_20251130_030636.avi,videos__rec_20251130_030636__f005460.jpg,273.0,0.0597,2.0163584700126265,2.8521847628779837,0,8.697334262708864,9.259477988007134,,
rec_20251130_030636.avi,videos__rec_20251130_030636__f005480.jpg,274.0,0.0602,-0.9909027286904386,1.3149497662506147,0,11.356341859278189,10.098223536515556,,
rec_20251130_030636.avi,videos__rec_20251130_030636__f005500.jpg,275.0,0.0601,1.4602849002460987,1.3730838198488082,0,7.435969557092562,9.033321944746358,,
rec_20251130_030636.avi,videos__rec_20251130_030636__f005520.jpg,276.0,0.0601,3.0024377971013765,2.024825410749836,0,6.396811622465407,7.978717815833978,,
rec_20251130_030636.avi,videos__rec_20251130_030636__f005540.jpg,277.0,0.06,2.471583707965666,2.203528729636168,0,8.942759243147293,8.364334386759303,,
rec_20251130_030636.avi,videos__rec_20251130_030636__f005560.jpg,278.0,0.06,2.8301109949594885,2.4541616357654963,0,6.114538077243026,7.464415862952792,,
rec_20251130_030636.avi,videos__rec_20251130_030636__f005580.jpg,279.0,0.06,2.806003139206403,2.5948982371418587,0,9.049288285276134,8.09836483188213,,
rec_20251130_030636.avi,videos__rec_20251130_030636__f005600.jpg,280.0,0.0586,1.450347005479502,2.1370777444769162,0,5.0160619454374,6.8654436773042375,,
rec_20251130_030636.avi,videos__rec_20251130_030636__f005620.jpg,281.0,0.0593,1.9429550622164138,2.0594286715727153,0,7.099633868761259,6.959119753887046,,
rec_20251130_030636.avi,videos__rec_20251130_030636__f005640.jpg,282.0,0.0594,1.9835775996587366,2.0290882428071235,0,8.65302468868947,7.636681727808016,5.453234594361439,14.613586679410446
rec_20251130_030636.avi,videos__rec_20251130_030636__f005660.jpg,283.0,0.0588,2.4196404686554165,2.1853091331464407,0,8.430772509884491,7.954318040638606,,
rec_20251130_030636.avi,videos__rec_20251130_030636__f005680.jpg,284.0,0.06,1.0882817094569635,1.7464981636706498,0,10.850457497669993,9.11277382345116,,
rec_20251130_030636.avi,videos__rec_20251130_030636__f005700.jpg,285.0,0.057,1.1791992699814793,1.5195786061949814,0,12.067542943312617,10.294681471395743,,
rec_20251130_030636.avi,videos__rec_20251130_030636__f005720.jpg,286.0,0.0576,0.0222796494038713,0.9206590234785373,0,13.09689542951611,11.41556705464389,,
rec_20251130_030636.avi,videos__rec_20251130_030636__f005740.jpg,287.0,0.0562,3.3884324708224307,1.9077684024160948,0,10.390751314510624,11.005640758590584,,
rec_20251130_030636.avi,videos__rec_20251130_030636__f005760.jpg,288.0,0.0547,-0.2078288487451834,1.0615295019515834,0,9.542210408603523,10.42026861859576,,
rec_20251130_030636.avi,videos__rec_20251130_030636__f005780.jpg,289.0,0.0564,3.5010112963921873,2.037322219727825,0,10.725436952018356,10.542335951964798,,
rec_20251130_030636.avi,videos__rec_20251130_030636__f005800.jpg,290.0,0.0564,2.23100161717537,2.114793978706843,0,17.14398452524722,13.182995381277767,,
rec_20251130_030636.avi,videos__rec_20251130_030636__f005820.jpg,291.0,0.0568,-2.122114980843113,0.42003039488686045,0,7.563941059302351,10.9353736524876,,
rec_20251130_030636.avi,videos__rec_20251130_030636__f005840.jpg,292.0,0.0483,1.0418538526328123,0.6687597779852412,0,5.716318750178743,8.847751691564056,4.165138910300834,16.371797150010764
rec_20251130_030636.avi,videos__rec_20251130_030636__f005860.jpg,293.0,0.054,-3.6597985488318563,-1.0626635527415977,0,6.929243905837552,8.080348577273455,,
rec_20251130_030636.avi,videos__rec_20251130_030636__f005880.jpg,294.0,0.0613,3.878141895868104,0.913658626702283,0,6.672052935099259,7.5170303204037765,,
rec_20251130_030636.avi,videos__rec_20251130_030636__f005900.jpg,295.0,0.0609,4.102425528464958,2.1891653874073533,0,7.214796918506522,7.396136959644875,,
rec_20251130_030636.avi,videos__rec_20251130_030636__f005920.jpg,296.0,0.0543,-0.29762591295809243,1.1944488672611748,0,5.650590131483227,6.697918228380216,,
rec_20251130_030636.avi,videos__rec_20251130_030636__f005940.jpg,297.0,0.0596,4.063363092180879,2.3420145572290565,0,8.38714162769162,7.373607588104777,,
rec_20251130_030636.avi,videos__rec_20251130_030636__f005960.jpg,298.0,0.055,0.582893528026126,1.6383661455478842,0,11.397035397127809,8.98297871171399,,
rec_20251130_030636.avi,videos__rec_20251130_030636__f005980.jpg,299.0,0.0549,5.561159394091978,3.2074834449655216,0,14.19298273062168,11.066980319277064,,
rec_20251130_030636.avi,videos__rec_20251130_030636__f006000.jpg,300.0,0.0595,1.5643031202225246,2.5502113150683225,0,8.12321800162647,9.889475392216827,,
rec_20251130_030636.avi,videos__rec_20251130_030636__f006020.jpg,301.0,0.0618,3.5722365662140647,2.9590214155266192,0,7.149324681129372,8.793415107781845,,
rec_20251130_030636.avi,videos__rec_20251130_030636__f006040.jpg,302.0,0.0602,-1.5134516359710144,1.1700321949275656,0,6.576958707630752,7.906832547721407,,
rec_20251130_030636.avi,videos__rec_20251130_030636__f006060.jpg,303.0,0.0676,2.860930472601867,1.8463915059972864,0,9.225024832142594,8.434109461489882,,
rec_20251130_030636.avi,videos__rec_20251130_030636__f006080.jpg,304.0,0.0628,-1.3289613206731128,0.5762503753291267,0,8.454284564393447,8.442179502651308,,
rec_20251130_030636.avi,videos__rec_20251130_030636__f006100.jpg,305.0,0.0619,0.9898038776355531,0.7416717762516973,0,8.870103005966087,8.61334890397722,6.629855509070268,17.802012695265603
rec_20251130_030636.avi,videos__rec_20251130_030636__f006120.jpg,306.0,0.0631,-4.4003514641460155,-1.3151375199073878,0,7.840921244346589,8.304377840124967,,
rec_20251130_030636.avi,videos__rec_20251130_030636__f006140.jpg,307.0,0.0639,4.105436204651521,0.8530919699161756,0,10.140606726322005,9.038869394603783,,
rec_20251130_030636.avi,videos__rec_20251130_030636__f006160.jpg,308.0,0.0622,1.8039932147677646,1.2334524678568113,0,5.88425325157624,7.777022937392765,,
rec_20251130_030636.avi,videos__rec_20251130_030636__f006180.jpg,309.0,0.0625,2.9126162277804104,1.9051179718262512,0,7.5384720108845045,7.6816025667894605,,
rec_20251130_030636.avi,videos__rec_20251130_030636__f006200.jpg,310.0,0.0618,2.3277021423745774,2.0741516400455815,0,9.24298853830362,8.306156955395124,,
rec_20251130_030636.avi,videos__rec_20251130_030636__f006240.jpg,312.0,0.0598,2.180231898493216,2.116583743424635,0,9.388838168357438,8.73922944058005,,
rec_20251130_030636.avi,videos__rec_20251130_030636__f006260.jpg,313.0,0.0596,2.4450625079798205,2.247975249246709,0,7.197409668417777,8.122501531715141,,
rec_20251130_030636.avi,videos__rec_20251130_030636__f006280.jpg,314.0,0.0598,2.9321734386592238,2.521654525011715,0,6.7905900035498235,7.589736920449014,,
rec_20251130_030636.avi,videos__rec_20251130_030636__f006320.jpg,316.0,0.0619,1.0510364476692418,1.9334072940747256,0,10.227021966610494,8.644650938913607,,
rec_20251130_030636.avi,videos__rec_20251130_030636__f006340.jpg,317.0,0.0618,-1.7572446791539522,0.45714650478325447,0,9.449082263738319,8.966423468843491,5.291059406339725,14.545520801191742
rec_20251130_030636.avi,videos__rec_20251130_030636__f006360.jpg,318.0,0.0586,-2.7083911171066797,-0.8090685439727192,0,11.738086755829897,10.075088783638053,,
rec_20251130_030636.avi,videos__rec_20251130_030636__f006380.jpg,319.0,0.059,-0.6754095343057732,-0.7556049401059408,0,8.689175462511628,9.520723455187483,,
rec_20251130_030636.avi,videos__rec_20251130_030636__f006400.jpg,320.0,0.0593,0.12945191929892588,-0.4015821963439941,0,12.399495870490341,10.672232421308626,,
rec_20251130_030636.avi,videos__rec_20251130_030636__f006420.jpg,321.0,0.0593,1.4532206852394816,0.3403389562893962,0,12.674840376199654,11.473275603265037,,
rec_20251130_030636.avi,videos__rec_20251130_030636__f006440.jpg,322.0,0.0591,0.4910881940476908,0.40063865139271404,0,12.253306693302704,11.785288039280104,,
rec_20251130_030636.avi,videos__rec_20251130_030636__f006460.jpg,323.0,0.0593,0.527124963772279,0.4512331763445401,0,10.701966222395868,11.35195931252641,,
rec_20251130_030636.avi,videos__rec_20251130_030636__f006480.jpg,324.0,0.0596,1.9522474847092783,1.0516388996904356,0,11.10016979044434,11.251243503693583,,
rec_20251130_030636.avi,videos__rec_20251130_030636__f006500.jpg,325.0,0.0597,-0.9096264086101579,0.26713277637019817,0,11.630130717462293,11.402798389201067,,
rec_20251130_030636.avi,videos__rec_20251130_030636__f006520.jpg,326.0,0.0589,-0.2864110391962601,0.04571525014361484,0,11.87776412998312,11.592784685513887,,
rec_20251130_030636.avi,videos__rec_20251130_030636__f006540.jpg,327.0,0.0581,0.6939594551339796,0.3050129321397608,0,13.132407075046899,12.208633641327092,,
rec_20251130_030636.avi,videos__rec_20251130_030636__f006560.jpg,328.0,0.0581,4.977558732100162,2.1740312521239216,0,11.861465579883657,12.069766416749717,,
rec_20251130_030636.avi,videos__rec_20251130_030636__f006580.jpg,329.0,0.0588,2.6411219824695067,2.3608675442621556,0,9.808722925593827,11.16534902028736,5.905508345308027,16.10678510449759
rec_20251130_030636.avi,videos__rec_20251130_030636__f006600.jpg,330.0,0.0592,2.8386688284615627,2.5519880579419185,0,9.7316058505196,10.591851752380256,,
rec_20251130_030636.avi,videos__rec_20251130_030636__f006620.jpg,331.0,0.0587,4.045028412512194,3.1492041997700286,0,9.115994897662063,10.001509010492978,,
rec_20251130_030636.avi,videos__rec_20251130_030636__f006640.jpg,332.0,0.06,1.6757560528761664,2.559824941012484,0,7.29850741971768,8.92030837418286,,
rec_20251130_030636.avi,videos__rec_20251130_030636__f006660.jpg,333.0,0.0591,3.9701465060546797,3.1239535670293623,0,11.407614567151484,9.91523085137031,,
rec_20251130_030636.avi,videos__rec_20251130_030636__f006680.jpg,334.0,0.0594,1.0733881591539574,2.3037274038792,0,10.813214983659805,10.274424504286108,,
rec_20251130_030636.avi,videos__rec_20251130_030636__f006700.jpg,335.0,0.0601,3.7601992720301,2.8863161511395603,0,11.404946161193493,10.726633167049062,,
rec_20251130_030636.avi,videos__rec_20251130_030636__f006720.jpg,336.0,0.0591,0.01365415654406857,1.7372513533013636,0,7.942171122640104,9.612848349285478,,
rec_20251130_030636.avi,videos__rec_20251130_030636__f006740.jpg,337.0,0.0585,6.106531694088985,3.4849634896164123,0,14.493318805993624,11.565036531968737,,
rec_20251130_030636.avi,videos__rec_20251130_030636__f006760.jpg,338.0,0.0592,2.1399251744051773,2.946948163531918,0,7.186331407919511,9.813554482349046,,
rec_20251130_030636.avi,videos__rec_20251130_030636__f006780.jpg,339.0,0.0582,2.3403213817634763,2.704297450824541,0,7.581757161052906,8.920835553830589,,
rec_20251130_030636.avi,videos__rec_20251130_030636__f006800.jpg,340.0,0.0585,-1.0359229787190984,1.208209279007085,0,9.56912201344096,9.180150137674737,,
rec_20251130_030636.avi,videos__rec_20251130_030636__f006820.jpg,341.0,0.0576,3.2601166598826254,2.0289722313573013,0,12.054428811262142,10.329861607109699,,
rec_20251130_030636.avi,videos__rec_20251130_030636__f006840.jpg,342.0,0.0577,3.1630696094169513,2.482611182581161,0,10.806345267986217,10.520455071460306,,
rec_20251130_030636.avi,videos__rec_20251130_030636__f006860.jpg,343.0,0.0575,2.821948182586695,2.6183459825833744,0,11.971811622253028,11.100997691777394,5.489286861354729,17.530060680606823
rec_20251130_030636.avi,videos__rec_20251130_030636__f006880.jpg,344.0,0.0609,-1.0468669964689252,1.1522607909624545,0,11.781420750077757,11.373166915097539,,
rec_20251130_030636.avi,videos__rec_20251130_030636__f006900.jpg,345.0,0.0609,-1.5340869075610113,0.07772171155306806,0,9.577595806465638,10.654938471644778,5.4392376315344615,20.486714900075754
rec_20251130_030636.avi,videos__rec_20251130_030636__f006920.jpg,346.0,0.0613,1.6796584379613944,0.7184964021163985,0,16.376322398552816,12.943492042407993,,
rec_20251130_030636.avi,videos__rec_20251130_030636__f006940.jpg,347.0,0.0624,-1.9310038170234085,-0.34130368553952434,0,9.51372146118888,11.571583809920348,,
rec_20251130_030636.avi,videos__rec_20251130_030636__f006960.jpg,348.0,0.0618,-0.6639508416390911,-0.47036254797935106,0,10.553849625400687,11.164490136112484,,
rec_20251130_030636.avi,videos__rec_20251130_030636__f006980.jpg,349.0,0.0615,2.8522228553727498,0.8586716133614892,0,9.383180379835949,10.451966233601869,,
rec_20251130_030636.avi,videos__rec_20251130_030636__f007000.jpg,350.0,0.0623,1.408296833322387,1.0785217013458483,0,9.040114717503911,9.887225627162685,,
rec_20251130_030636.avi,videos__rec_20251130_030636__f007020.jpg,351.0,0.0621,2.6875398253411644,1.7221289509439748,0,9.196399399190739,9.610895135973907,,
rec_20251130_030636.avi,videos__rec_20251130_030636__f007040.jpg,352.0,0.0621,0.5002520233925979,1.233378179923424,0,7.86998341980734,8.91453044950728,,
rec_20251130_030636.avi,videos__rec_20251130_030636__f007060.jpg,353.0,0.0615,0.45397480826090436,0.9216168312584161,0,10.641966138895043,9.605504725262385,,
rec_20251130_030636.avi,videos__rec_20251130_030636__f007080.jpg,354.0,0.0626,2.260904009873861,1.457331702704594,0,9.67627247983404,9.633811827091048,,
rec_20251130_030636.avi,videos__rec_20251130_030636__f007100.jpg,355.0,0.0627,-2.6895260476392475,-0.20141139743294256,0,10.100883004952493,9.820640298235627,4.805647707449225,16.081646363971686
rec_20251130_030636.avi,videos__rec_20251130_030636__f007120.jpg,356.0,0.0628,-0.556328305701379,-0.34337816074031713,0,10.167321907330575,9.959312941873605,,
rec_20251130_030636.avi,videos__rec_20251130_030636__f007140.jpg,357.0,0.0629,-0.13933407448165114,-0.26176052623685075,0,10.114600676525015,10.02142803573417,,
rec_20251130_030636.avi,videos__rec_20251130_030636__f007160.jpg,358.0,0.0641,1.3223190147415422,0.3718712901545065,0,9.498908763984446,9.81242032703428,,
rec_20251130_030636.avi,videos__rec_20251130_030636__f007180.jpg,359.0,0.0641,-2.3801357219573234,-0.7289315146902255,0,11.248810110161799,10.386976240285287,,
rec_20251130_030636.avi,videos__rec_20251130_030636__f008380.jpg,419.0,0.0477,1.5470115888745588,0.18144572673568826,0,10.148076833792345,10.29141647768811,,
rec_20251130_030636.avi,videos__rec_20251130_030636__f008400.jpg,420.0,0.0522,1.9181311592583723,0.8761198997447619,0,9.20369029022612,9.856326002703314,,
rec_20251130_030636.avi,videos__rec_20251130_030636__f008420.jpg,421.0,0.0604,-0.6243438223591116,0.27593441090321247,0,9.084997236900563,9.547794496382213,,
rec_20251130_030636.avi,videos__rec_20251130_030636__f008440.jpg,422.0,0.0565,1.6681784614677928,0.8328320311290447,0,7.724341777290931,8.8184134087457,,
rec_20251130_030636.avi,videos__rec_20251130_030636__f008460.jpg,423.0,0.0551,2.8211863164580433,1.6281737452606442,0,4.511201127912386,7.095528496412374,,
rec_20251130_030636.avi,videos__rec_20251130_030636__f008480.jpg,424.0,0.0561,3.014330870135198,2.1826365952104654,0,3.855247342517316,5.79941603485435,,
rec_20251130_030636.avi,videos__rec_20251130_030636__f008540.jpg,427.0,0.0546,7.612509401109189,4.354585717569955,0,11.566036547308727,8.106064239836101,,
rec_20251130_030636.avi,videos__rec_20251130_030636__f008560.jpg,428.0,0.0544,4.103889262413392,4.25430713550733,0,6.693302545244819,7.540959561999588,,
rec_20251130_030636.avi,videos__rec_20251130_030636__f008580.jpg,429.0,0.0696,3.879447909317784,4.104363445031511,0,6.97027529822617,7.312685856490221,,
rec_20251130_030636.avi,videos__rec_20251130_030636__f008600.jpg,430.0,0.0631,6.0719225917264374,4.891387103709482,0,7.830244404430459,7.519709275666316,,
rec_20251130_030636.avi,videos__rec_20251130_030636__f008620.jpg,431.0,0.0636,4.5652749116546785,4.76094222688756,0,6.745217789001572,7.209912681000418,,
rec_20251130_030636.avi,videos__rec_20251130_030636__f008640.jpg,432.0,0.064,5.037667772765903,4.871632445238897,0,6.468832448878516,6.913480588151657,,
rec_20251130_030636.avi,videos__rec_20251130_030636__f008660.jpg,433.0,0.0634,7.461081763347016,5.907412172482145,0,11.850957039220475,8.888471168579184,,
rec_20251130_030636.avi,videos__rec_20251130_030636__f008680.jpg,434.0,0.0644,3.4147907520896403,4.910363604325143,0,7.241710140118812,8.229766757195035,,
rec_20251130_030636.avi,videos__rec_20251130_030636__f008700.jpg,435.0,0.0636,4.480913641203786,4.7385836190766,0,8.697367363515355,8.416806999723162,4.6425553664026,17.714411347517512
rec_20251130_030636.avi,videos__rec_20251130_030636__f008720.jpg,436.0,0.0646,2.3458413727496574,3.7814867205458227,0,6.952803291390296,7.831205516390016,,
rec_20251130_030636.avi,videos__rec_20251130_030636__f008740.jpg,437.0,0.0594,4.4756816782113695,4.0591647036120415,0,8.07519565625654,7.928801572336625,,
rec_20251130_030636.avi,videos__rec_20251130_030636__f008760.jpg,438.0,0.0576,5.153995743004074,4.4970971193688545,0,10.081405763021678,8.789843248610646,,
rec_20251130_030636.avi,videos__rec_20251130_030636__f008780.jpg,439.0,0.0559,2.592715925973949,3.735344642010892,0,7.1256961859480725,8.124184423545616,,
rec_20251130_030636.avi,videos__rec_20251130_030636__f008800.jpg,440.0,0.056,3.2280018137351756,3.5324075107006054,0,6.637098135291012,7.529349908243774,,
rec_20251130_030636.avi,videos__rec_20251130_030636__f008820.jpg,441.0,0.0543,3.0596963570861884,3.3433230492548383,0,6.171916917637986,6.9863767120014595,5.021137336839324,13.625558765946835
rec_20251130_030636.avi,videos__rec_20251130_030636__f008840.jpg,442.0,0.0554,3.6887468811453603,3.481492582011047,0,6.977725535577861,6.98291624143202,,
rec_20251130_030636.avi,videos__rec_20251130_030636__f008860.jpg,443.0,0.0543,4.250253154490765,3.788996811002934,0,6.682775151336671,6.86285980539388,,
rec_20251130_030636.avi,videos__rec_20251130_030636__f008880.jpg,444.0,0.0568,3.8695111715744264,3.821202555231531,0,7.021165456693893,6.926182065913886,,
rec_20251130_030636.avi,videos__rec_20251130_030636__f008900.jpg,445.0,0.0561,3.963697715060885,3.8782006191632727,0,7.561777957529102,7.180420422559973,,
rec_20251130_030636.avi,videos__rec_20251130_030636__f008920.jpg,446.0,0.0524,3.3521103934223673,3.6677645288669103,0,6.258838037456712,6.811787468518669,,
rec_20251130_030636.avi,videos__rec_20251130_030636__f008940.jpg,447.0,0.0605,3.2038781751069214,3.482209987362915,0,5.8038031166368,6.408593727765922,,
rec_20251130_030636.avi,videos__rec_20251130_030636__f008960.jpg,448.0,0.0381,3.3476075810715327,3.4283690248463623,0,7.377079679147073,6.795988108318383,,
rec_20251130_030636.avi,videos__rec_20251130_030636__f009000.jpg,450.0,0.0498,5.320387440463109,4.18517639109306,0,9.56272350655911,7.902682267614674,,
rec_20251130_030636.avi,videos__rec_20251130_030636__f009020.jpg,451.0,0.0575,4.150666973783988,4.1713726241694316,0,13.268373900589495,10.048958920804603,,
rec_20251130_030636.avi,videos__rec_20251130_030636__f009040.jpg,452.0,0.0548,3.719446090550851,3.9906020107219993,0,8.300606122940053,9.349617801658784,,
rec_20251130_030636.avi,videos__rec_20251130_030636__f009060.jpg,453.0,0.0545,0.5047563544709686,2.596263748221587,0,7.825643482235478,8.740028073889462,,
rec_20251130_030636.avi,videos__rec_20251130_030636__f009080.jpg,454.0,0.0551,1.0628455135572705,1.9828964543558603,0,7.5950388735775505,8.282032393764698,7.051231960348947,17.578559999999925
rec_20251130_030636.avi,videos__rec_20251130_030636__f009100.jpg,455.0,0.0576,3.9788868092866196,2.7812925963281643,0,7.842782123516201,8.1063322856653,,
rec_20251130_030636.avi,videos__rec_20251130_030636__f009120.jpg,456.0,0.0617,3.476526122490325,3.0593860067930287,0,9.968454239844448,8.85118106733696,,
rec_20251130_030636.avi,videos__rec_20251130_030636__f009140.jpg,457.0,0.0658,3.8919514463390237,3.3924121826114266,0,8.131196420041988,8.56318720841897,,
rec_20251130_030636.avi,videos__rec_20251130_030636__f009160.jpg,458.0,0.0645,1.1747623699414236,2.505352257543425,0,5.4165986630042084,7.304551790253066,,
rec_20251130_030636.avi,videos__rec_20251130_030636__f009180.jpg,459.0,0.065,4.079403167029511,3.1349726213378597,0,8.103388032523753,7.62408628716134,,
rec_20251130_030636.avi,videos__rec_20251130_030636__f009200.jpg,460.0,0.0653,3.4562080466670104,3.2634667914695203,0,8.857642992573687,8.117508969326279,,
rec_20251130_030636.avi,videos__rec_20251130_030636__f009220.jpg,461.0,0.065,3.127249276257387,3.208979785384667,0,8.899421035479406,8.43027379578753,,
rec_20251130_030636.avi,videos__rec_20251130_030636__f009240.jpg,462.0,0.0648,3.65248081583273,3.3863801975638923,0,10.841650632221672,9.394824530361188,6.374859626410058,18.341825987497884
rec_20251130_030636.avi,videos__rec_20251130_030636__f009260.jpg,463.0,0.0645,2.624248533558,3.081527531961535,0,9.147026629291872,9.295705369933462,,
rec_20251130_030636.avi,videos__rec_20251130_030636__f009280.jpg,464.0,0.0653,5.3033181572724555,3.970243782085903,0,8.705498870356905,9.05962277010284,,
rec_20251130_030636.avi,videos__rec_20251130_030636__f009300.jpg,465.0,0.0653,2.886270910400512,3.5366546334117466,0,7.712085404727361,8.520607823952648,,
rec_20251130_030636.avi,videos__rec_20251130_030636__f009320.jpg,466.0,0.065,2.7959372463693555,3.24036767859479,0,7.0827778965439165,7.945475852989156,,
rec_20251130_030636.avi,videos__rec_20251130_030636__f009340.jpg,467.0,0.0657,7.228077921899553,4.835451775916695,0,13.094447540947328,10.005064528172426,,
rec_20251130_030636.avi,videos__rec_20251130_030636__f009360.jpg,468.0,0.0649,2.475966038974346,3.8916574811397555,0,7.014840907375344,8.808975079853592,,
rec_20251130_030636.avi,videos__rec_20251130_030636__f009380.jpg,469.0,0.0652,3.9413053065210364,3.911516611292268,0,8.65283110328528,8.746517489226267,,
rec_20251130_030636.avi,videos__rec_20251130_030636__f009400.jpg,470.0,0.066,4.397712163774583,4.1059948322851945,0,10.12469315146933,9.297787754123492,,
rec_20251130_030636.avi,videos__rec_20251130_030636__f009420.jpg,471.0,0.0658,2.73326287268169,3.5569020484437925,0,7.2378430317103835,8.473809865158248,,
rec_20251130_030636.avi,videos__rec_20251130_030636__f009440.jpg,472.0,0.0652,2.3758006916664174,3.0844615057328424,0,9.233314784166339,8.777611832761485,6.156543042860873,17.757335291459583
rec_20251130_030636.avi,videos__rec_20251130_030636__f009460.jpg,473.0,0.0658,2.897685885882804,3.0097512577928267,0,7.128220953866673,8.117855481203561,,
rec_20251130_030636.avi,videos__rec_20251130_030636__f009480.jpg,474.0,0.0654,3.9074509391930747,3.368831130352926,0,10.299152815833565,8.990374415055562,,
rec_20251130_030636.avi,videos__rec_20251130_030636__f009500.jpg,475.0,0.0635,3.6077060173159894,3.464381085138151,0,8.113549502178842,8.639644449904875,,
rec_20251130_030636.avi,videos__rec_20251130_030636__f009520.jpg,476.0,0.0632,7.703482201984798,5.16002153187681,0,11.268283297381231,9.691099988895417,,
rec_20251130_030636.avi,videos__rec_20251130_030636__f009540.jpg,477.0,0.0632,3.652218897490283,4.556900478122199,0,5.976355045591049,8.20520201157367,,
rec_20251130_030636.avi,videos__rec_20251130_030636__f009560.jpg,478.0,0.0628,6.8246565467073035,5.4640029055562405,0,10.04388288899645,8.940674362542781,,
rec_20251130_030636.avi,videos__rec_20251130_030636__f009580.jpg,479.0,0.0645,7.7979936336230375,6.397599196782959,0,10.283491276569976,9.477801128153658,,
rec_20251130_030636.avi,videos__rec_20251130_030636__f009600.jpg,480.0,0.0643,3.491541968852747,5.235176305610874,0,5.831720431062308,8.019368849317118,,
rec_20251130_030636.avi,videos__rec_20251130_030636__f009620.jpg,481.0,0.062,7.370349103578769,6.089245424798032,0,12.7241616874594,9.90128598457403,,
rec_20251130_030636.avi,videos__rec_20251130_030636__f009640.jpg,482.0,0.0622,4.181001002200453,5.325947655759,0,12.709687959173152,11.024646774413679,4.632934438087063,12.686740145269312
rec_20251130_030636.avi,videos__rec_20251130_030636__f009660.jpg,483.0,0.0629,5.616795146389235,5.442286652011094,0,10.795885365778418,10.933142210959574,,
rec_20251130_030636.avi,videos__rec_20251130_030636__f009680.jpg,484.0,0.0604,5.763008737049475,5.5705754860264465,0,13.928169506223526,12.131153129065154,,
rec_20251130_030636.avi,videos__rec_20251130_030636__f009700.jpg,485.0,0.0626,7.295735486702558,6.260639486296891,0,13.21474011104499,12.564587921857088,,
rec_20251130_030636.avi,videos__rec_20251130_030636__f009720.jpg,486.0,0.063,6.691722902068188,6.4330728526054095,0,6.857169964450236,10.281620738894347,,
rec_20251130_030636.avi,videos__rec_20251130_030636__f009740.jpg,487.0,0.064,1.0478745696705984,4.278993539431485,0,19.774919393623577,14.07894020078604,,
rec_20251130_030636.avi,videos__rec_20251130_030636__f009760.jpg,488.0,0.0654,-9.520768302848248,4.278993539431485,1,-15.68560933683267,2.1731203857385557,,
rec_20251130_030636.avi,videos__rec_20251130_030636__f009780.jpg,489.0,0.068,-12.782310269624215,4.278993539431485,1,-13.787680099520117,-4.211199808364913,,
rec_20251130_030636.avi,videos__rec_20251130_030636__f009800.jpg,490.0,0.0719,-10.974902492521485,4.278993539431485,1,-12.283825736162271,-7.440250179483857,,
rec_20251130_030636.avi,videos__rec_20251130_030636__f009820.jpg,491.0,0.0724,-13.070788623539489,4.278993539431485,1,-15.098339834003696,-10.503486041291792,,
rec_20251130_030636.avi,videos__rec_20251130_030636__f009840.jpg,492.0,0.0695,5.30016733459284,4.687463057496027,0,14.609242142372239,-0.4583947678261797,,
rec_20251130_030636.avi,videos__rec_20251130_030636__f009860.jpg,493.0,0.0652,2.745965973827793,3.910864224028733,0,20.14514189406782,7.78301989693142,,
rec_20251130_030636.avi,videos__rec_20251130_030636__f009880.jpg,494.0,0.057,7.8704318634343355,5.494691279790974,0,8.360423000006449,8.013981138161432,,
rec_20251130_030636.avi,videos__rec_20251130_030636__f009900.jpg,495.0,0.0512,-2.3349373713523263,5.494691279790974,0,16.15564337409569,11.270646032535135,,
rec_20251130_030636.avi,videos__rec_20251130_030636__f009920.jpg,496.0,0.0551,3.9979375284720717,4.895989779263413,0,20.440135853943048,14.938441961098299,,
rec_20251130_030636.avi,videos__rec_20251130_030636__f009940.jpg,497.0,0.0556,-0.935782683316458,2.5632807942314644,0,17.591804659914544,15.999787040624797,,
rec_20251130_030636.avi,videos__rec_20251130_030636__f009960.jpg,498.0,0.057,-4.120683179201188,2.5632807942314644,0,13.638613529103623,15.055317636016326,,
rec_20251130_030636.avi,videos__rec_20251130_030636__f009980.jpg,499.0,0.0567,-4.532447326835638,2.5632807942314644,0,13.049884231978126,14.253144274401047,,
rec_20251130_030636.avi,videos__rec_20251130_030636__f010000.jpg,500.0,0.0571,-2.662738831546661,2.5632807942314644,0,16.014617507227285,14.957733567531541,,
rec_20251130_030636.avi,videos__rec_20251130_030636__f010020.jpg,501.0,0.0373,-2.897977380418718,2.5632807942314644,0,15.344299990460286,15.112360136703039,,
rec_20251130_030636.avi,videos__rec_20251130_030636__f010080.jpg,504.0,0.0491,1.0191568677070528,1.9456312236216997,0,14.023569884472067,14.676844035810651,,
rec_20251130_030636.avi,videos__rec_20251130_030636__f010100.jpg,505.0,0.0471,10.079605469817395,5.199220922099977,1,17.104973819043835,15.648095949103926,7.541574415721866,9.149318458095422
rec_20251130_030636.avi,videos__rec_20251130_030636__f010120.jpg,506.0,0.0448,9.947520344626856,7.098540691110729,0,17.056995178688965,16.21165564093794,,
rec_20251130_030636.avi,videos__rec_20251130_030636__f010140.jpg,507.0,0.0454,10.350175199301082,8.39919449438687,0,12.553636092691931,14.748447821639537,,
rec_20251130_030636.avi,videos__rec_20251130_030636__f010160.jpg,508.0,0.0443,-3.297274100748964,8.39919449438687,1,12.924115495977276,14.018714891374634,,
rec_20251130_030636.avi,videos__rec_20251130_030636__f010180.jpg,509.0,0.0436,1.961620795448566,5.824165014811549,0,2.8625911156603934,9.556265381088938,,
rec_20251130_030636.avi,videos__rec_20251130_030636__f010200.jpg,510.0,0.0482,0.35713004935446924,3.637351028628717,0,-1.3984041720755158,5.174397559823157,,
rec_20251130_030636.avi,videos__rec_20251130_030636__f010220.jpg,511.0,0.0527,4.052749498242307,3.803510416474153,0,14.047468983221506,8.723626129182497,,
rec_20251130_030636.avi,videos__rec_20251130_030636__f010240.jpg,512.0,0.054,3.3450871049857316,3.620141091878785,0,3.9133043314740235,6.799497410099107,,
rec_20251130_030636.avi,videos__rec_20251130_030636__f010260.jpg,513.0,0.0526,2.8954990003964074,3.330284255285834,0,5.106968660116195,6.122485910105942,,
rec_20251130_030636.avi,videos__rec_20251130_030636__f010280.jpg,514.0,0.0514,-6.003418032660273,3.330284255285834,1,-3.0735763983411744,2.444060986727095,,
rec_20251130_030636.avi,videos__rec_20251130_030636__f010300.jpg,515.0,0.0508,2.724436696002084,3.087945231572334,0,3.155437995381135,2.728611790188711,,
rec_20251130_030636.avi,videos__rec_20251130_030636__f010320.jpg,516.0,0.0516,3.6640820604174884,3.3183999631103958,0,3.444569302973207,3.0149947953025094,8.49424453195978,0.4386109890108969
rec_20251130_030636.avi,videos__rec_20251130_030636__f010340.jpg,517.0,0.0513,-3.0610108555848456,0.766635635632299,0,-0.9747274256413334,1.419105906924972,,
rec_20251130_030636.avi,videos__rec_20251130_030636__f010360.jpg,518.0,0.0502,3.1634493117112634,1.725361106063885,0,2.5680812793004293,1.8786960558751549,,
rec_20251130_030636.avi,videos__rec_20251130_030636__f010380.jpg,519.0,0.0505,-2.72320278802863,-0.05406445157312123,0,-2.7356640955894136,0.032951995289327574,,
rec_20251130_030636.avi,videos__rec_20251130_030636__f010400.jpg,520.0,0.0579,4.497700462250376,1.7666415139562777,0,2.293994576730654,0.9373690278658582,,
rec_20251130_030636.avi,videos__rec_20251130_030636__f010420.jpg,521.0,0.0624,3.7018546116926445,2.5407267530508246,0,-1.1447952748002876,0.10450330679939979,7.874974897538782,1.461216078277971
rec_20251130_030636.avi,videos__rec_20251130_030636__f010440.jpg,522.0,0.0587,0.699442252001998,1.804212952631294,0,1.0494233883330821,0.4824713394128728,,
rec_20251130_030636.avi,videos__rec_20251130_030636__f010460.jpg,523.0,0.0524,0.888828997011358,1.4380593703833195,0,7.351456229161045,3.2300652953121416,,
rec_20251130_030636.avi,videos__rec_20251130_030636__f010480.jpg,524.0,0.0501,8.740706572015783,4.359118251036305,0,-11.362057882513227,-2.606783975818006,,
rec_20251130_030636.avi,videos__rec_20251130_030636__f010500.jpg,525.0,0.0399,1.2651292339037854,3.121522644183297,0,-19.203962542650004,-9.245655402550804,,
rec_20251130_030636.avi,videos__rec_20251130_030636__f010520.jpg,526.0,0.047,18.625280283214067,3.121522644183297,1,1.0707046715694446,-5.1191113729027045,,
rec_20251130_030636.avi,videos__rec_20251130_030636__f010540.jpg,527.0,0.0444,18.598536953856662,3.121522644183297,1,1.553352083947459,-2.450125990162639,,
rec_20251130_030636.avi,videos__rec_20251130_030636__f010560.jpg,528.0,0.052,23.802650477773813,3.121522644183297,1,12.404879112261938,3.4918760508071927,5.9468630539735186,-20.541666666666515
rec_20251130_030636.avi,videos__rec_20251130_030636__f010580.jpg,529.0,0.0776,25.714594232968725,3.121522644183297,1,8.329678477272296,5.426997021393234,,
rec_20251130_030636.avi,videos__rec_20251130_030636__f010600.jpg,530.0,0.0792,15.637935359102356,3.121522644183297,1,2.795468430251617,4.374385584936587,,
rec_20251130_030636.avi,videos__rec_20251130_030636__f010620.jpg,531.0,0.0749,27.409646363479606,3.121522644183297,1,-3.777003872720684,1.1138298018736787,,
rec_20251130_030636.avi,videos__rec_20251130_030636__f010640.jpg,532.0,0.0693,17.364889828025238,3.121522644183297,1,-12.557931961956172,-4.354874903658262,,
rec_20251130_030636.avi,videos__rec_20251130_030636__f010660.jpg,533.0,0.0639,22.868984484841462,3.121522644183297,1,-29.129780515144148,-14.264837148252616,,
rec_20251130_030636.avi,videos__rec_20251130_030636__f010680.jpg,534.0,0.0655,23.511804802920633,3.121522644183297,1,-25.369305593489514,-18.706624526347376,,
rec_20251130_030636.avi,videos__rec_20251130_030636__f010700.jpg,535.0,0.0635,17.69889423348301,3.121522644183297,1,-45.30664739691525,-29.346633674574527,,
rec_20251130_030636.avi,videos__rec_20251130_030636__f010720.jpg,536.0,0.0619,-4.266796237658756,0.1661950914464756,0,-101.87416034255932,-58.35764434176845,,
rec_20251130_030636.avi,videos__rec_20251130_030636__f010740.jpg,537.0,0.0618,23.54414582147322,0.1661950914464756,1,-67.77541291996297,-62.124751773046256,,
rec_20251130_030636.avi,videos__rec_20251130_030636__f010760.jpg,538.0,0.0629,-2.2809042594122837,-0.8126446488970281,0,-88.73124815464377,-72.76735032568527,,
rec_20251130_030636.avi,videos__rec_20251130_030636__f010780.jpg,539.0,0.0619,15.957332675347537,-0.8126446488970281,1,-66.97823152324418,-70.45170280470883,,
rec_20251130_030636.avi,videos__rec_20251130_030636__f010800.jpg,540.0,0.0624,19.648316729674413,-0.8126446488970281,1,-62.47646183538694,-67.26160641698007,,
rec_20251130_030636.avi,videos__rec_20251130_030636__f010820.jpg,541.0,0.0622,19.04776827921548,-0.8126446488970281,1,-63.792293152697766,-65.87388111126715,7.736872978789311,-88.49797887556247
rec_20251130_030636.avi,videos__rec_20251130_030636__f010840.jpg,542.0,0.0625,18.803628156332888,-0.8126446488970281,1,-64.79221546370746,-65.44121485224328,,
rec_20251130_030636.avi,videos__rec_20251130_030636__f010860.jpg,543.0,0.0638,16.196499507143287,-0.8126446488970281,1,-43.03231330480912,-56.47765423326961,,
rec_20251130_030636.avi,videos__rec_20251130_030636__f010880.jpg,544.0,0.0635,22.745213099149588,-0.8126446488970281,1,-30.87947914355118,-46.23838419738224,,
rec_20251130_030636.avi,videos__rec_20251130_030636__f010900.jpg,545.0,0.0632,22.658713096183885,-0.8126446488970281,1,-32.865131785005644,-40.8890832324316,,
rec_20251130_030636.avi,videos__rec_20251130_030636__f010920.jpg,546.0,0.0609,3.71344457717101,0.9977910415301872,0,-93.92146931031033,-62.1020376635831,,
rec_20251130_030636.avi,videos__rec_20251130_030636__f010940.jpg,547.0,0.0614,0.049771532654810526,0.6185832379800366,0,-145.95826301373936,-95.6445278036456,,
rec_20251130_030636.avi,videos__rec_20251130_030636__f010960.jpg,548.0,0.0628,21.248253191076085,0.6185832379800366,1,-119.4331061869251,-105.1599591569574,,
rec_20251130_030636.avi,videos__rec_20251130_030636__f010980.jpg,549.0,0.0606,2.753524811427788,1.4725598673591374,0,-140.16355275444295,-119.16139659595163,,
rec_20251130_030636.avi,videos__rec_20251130_030636__f011000.jpg,550.0,0.0565,26.923914871512835,1.4725598673591374,1,-126.07624187497026,-121.92733470755908,,
rec_20251130_030636.avi,videos__rec_20251130_030636__f011020.jpg,551.0,0.0551,15.15005128057648,1.4725598673591374,1,-134.5464812308773,-126.97499331688638,,
rec_20251130_030636.avi,videos__rec_20251130_030636__f011040.jpg,552.0,0.0571,13.50110053824135,1.4725598673591374,1,-122.28663022725965,-125.0996480810357,,
rec_20251130_030636.avi,videos__rec_20251130_030636__f011060.jpg,553.0,0.0541,8.050496217029988,4.103734407227478,0,-129.3775203990305,-126.8107970082336,,
rec_20251130_030636.avi,videos__rec_20251130_030636__f011080.jpg,554.0,0.0571,11.97489832370435,4.103734407227478,0,-120.77311957726104,-124.39572603584458,,
rec_20251130_030636.avi,videos__rec_20251130_030636__f011100.jpg,555.0,0.0554,5.222561176313121,4.551265114861735,0,-87.71509890049833,-109.72347518170608,,
rec_20251130_030636.avi,videos__rec_20251130_030636__f011120.jpg,556.0,0.0542,-0.9589815887758758,2.3471664334066906,0,-112.57634318007678,-110.86462238105436,,
rec_20251130_030636.avi,videos__rec_20251130_030636__f011140.jpg,557.0,0.0549,23.52596556972973,2.3471664334066906,1,-92.4463578671417,-103.4973165754893,,
rec_20251130_030636.avi,videos__rec_20251130_030636__f011160.jpg,558.0,0.0554,10.350709202596619,2.3471664334066906,1,-123.61807563617413,-111.54562019976322,,
rec_20251130_030636.avi,videos__rec_20251130_030636__f011200.jpg,560.0,0.0592,7.453376901778378,4.389650620755366,0,-120.5386987501389,-115.1428516199135,,
rec_20251130_030636.avi,videos__rec_20251130_030636__f011220.jpg,561.0,0.0511,25.580035403353474,4.389650620755366,1,-105.35342601822171,-111.2270813792368,-3.8096938751481475,-145.50321186148196
rec_20251130_030636.avi,videos__rec_20251130_030636__f011240.jpg,562.0,0.0487,10.15541437300389,6.695956121654776,0,-109.96493408221897,-110.72222246042966,,
rec_20251130_030636.avi,videos__rec_20251130_030636__f011260.jpg,563.0,0.0601,-1.4240394239413288,3.447957903416334,1,-112.98889321200843,-111.62889076106117,,
rec_20251130_030636.avi,videos__rec_20251130_030636__f011280.jpg,564.0,0.0656,-4.396530796330797,0.31016242351748113,0,-75.78037671224706,-97.28948514153552,-2.1605322148328967,-88.10810730307861
rec_20251130_030636.avi,videos__rec_20251130_030636__f011300.jpg,565.0,0.0562,11.191159746425226,0.31016242351748113,1,-35.207358042498186,-72.45663430192059,,
rec_20251130_030636.avi,videos__rec_20251130_030636__f011320.jpg,566.0,0.0529,14.620066882333033,0.31016242351748113,1,-18.937910215955185,-51.04914466753443,,
rec_20251130_030636.avi,videos__rec_20251130_030636__f011340.jpg,567.0,0.0566,-4.581143212552228,-1.6463598309104026,0,-36.268749844110175,-45.13698673816472,,
rec_20251130_030636.avi,videos__rec_20251130_030636__f011360.jpg,568.0,0.0581,-2.563072889972473,-2.0130450545352305,0,-31.779114322261194,-39.79383777180331,,
rec_20251130_030636.avi,videos__rec_20251130_030636__f011380.jpg,569.0,0.0571,-5.7282258298648,-3.4991173646670584,0,-59.11339736146493,-47.521661607667966,,
rec_20251130_030636.avi,videos__rec_20251130_030636__f011400.jpg,570.0,0.063,7.6318497172324875,-3.4991173646670584,1,-43.14074217790068,-45.76929383576105,,
rec_20251130_030636.avi,videos__rec_20251130_030636__f011420.jpg,571.0,0.0626,-0.9589516259262657,-2.4830510691707413,0,-32.34023512786996,-40.397670352604614,,
rec_20251130_030636.avi,videos__rec_20251130_030636__f011440.jpg,572.0,0.064,-2.6447466248646143,-2.5477292914482907,0,-61.183704009857536,-48.71208381550578,,
rec_20251130_030636.avi,videos__rec_20251130_030636__f011460.jpg,573.0,0.0681,-3.3321553162063338,-2.8614997013515078,0,-84.05614561358323,-62.84970853473676,,
rec_20251130_030636.avi,videos__rec_20251130_030636__f011480.jpg,574.0,0.0672,-8.844179746714374,-5.254571719496655,0,-38.04334758867333,-52.927164156311385,,
rec_20251130_030636.avi,videos__rec_20251130_030636__f011500.jpg,575.0,0.0679,-16.757070232312387,-5.254571719496655,1,-26.699063945304033,-42.435924071908445,,
rec_20251130_030636.avi,videos__rec_20251130_030636__f011520.jpg,576.0,0.0694,-1.58396023486868,-3.7863271256454647,0,-20.457878066423973,-33.644705669714654,,
rec_20251130_030636.avi,videos__rec_20251130_030636__f011540.jpg,577.0,0.0721,-9.975852815510814,-3.7863271256454647,0,-14.222185213709395,-25.87569748731255,-3.537396311795796,-38.90800957897062
rec_20251130_030636.avi,videos__rec_20251130_030636__f011560.jpg,578.0,0.0738,-7.992556680631178,-5.46881894763975,0,-18.040344125803188,-22.741556142708806,,
rec_20251130_030636.avi,videos__rec_20251130_030636__f011580.jpg,579.0,0.0749,15.19253841458176,-5.46881894763975,1,14.120210137733807,-7.996849630531759,,
rec_20251130_030636.avi,videos__rec_20251130_030636__f011600.jpg,580.0,0.0745,10.920932893090457,-5.46881894763975,1,-85.46702852270346,-38.984921187400445,,
rec_20251130_030636.avi,videos__rec_20251130_030636__f011620.jpg,581.0,0.0764,16.49098824793838,-5.46881894763975,1,-134.25915908326527,-77.09461634574637,,
rec_20251130_030636.avi,videos__rec_20251130_030636__f011640.jpg,582.0,0.0789,-11.5456635464532,-5.46881894763975,0,-43.23352611173732,-63.55018025214275,,
rec_20251130_030636.avi,videos__rec_20251130_030636__f011660.jpg,583.0,0.0796,2.4943872861298675,-2.283536454131903,0,107.04021695646759,-63.55018025214275,,
rec_20251130_030636.avi,videos__rec_20251130_030636__f011680.jpg,584.0,0.0828,-1.7260835995274069,-2.060555312290105,0,87.0416369402626,-3.3134533751806003,,
rec_20251130_030636.avi,videos__rec_20251130_030636__f011700.jpg,585.0,0.0845,2.6070287047419023,-0.19352170547730196,0,108.09928230871378,-3.3134533751806003,,
rec_20251130_030636.avi,videos__rec_20251130_030636__f011720.jpg,586.0,0.0829,2.4943872861298675,0.8816418911655659,0,107.04021695646759,-3.3134533751806003,,
rec_20251130_030636.avi,videos__rec_20251130_030636__f011740.jpg,587.0,0.084,2.8182169419061722,1.6562719114618085,0,78.55159717336,29.43256684423564,-12.442962792049052,35.747824682557564
rec_20251130_030636.avi,videos__rec_20251130_030636__f011760.jpg,588.0,0.0912,-6.530212152021994,-1.6183217139317128,1,66.06410729816758,44.08518302580842,,
rec_20251130_030636.avi,videos__rec_20251130_030636__f011780.jpg,589.0,0.1013,-14.263280029421761,-1.6183217139317128,1,31.72189949438058,39.13986961323728,,
rec_20251130_030636.avi,videos__rec_20251130_030636__f011800.jpg,590.0,0.1057,-3.4987052365054114,-2.3704751229611922,0,34.639726837207775,37.33981250282548,,
rec_20251130_030636.avi,videos__rec_20251130_030636__f011820.jpg,591.0,0.1191,-10.84932303277429,-2.3704751229611922,1,78.56876148445872,53.831392095478776,,
rec_20251130_030636.avi,videos__rec_20251130_030636__f011840.jpg,592.0,0.1207,-20.32611951402703,-2.3704751229611922,1,99.31109415308464,72.02327291852112,,
rec_20251130_030636.avi,videos__rec_20251130_030636__f011860.jpg,593.0,0.124,-24.210586482342904,-2.3704751229611922,1,86.6602435740881,77.8780611807479,,
rec_20251130_030636.avi,videos__rec_20251130_030636__f011880.jpg,594.0,0.1288,23.026544712362362,-2.3704751229611922,1,-140.24758706805724,77.8780611807479,,
rec_20251130_030636.avi,videos__rec_20251130_030636__f011900.jpg,595.0,0.1298,36.707207406849435,-2.3704751229611922,1,-107.52314401512575,77.8780611807479,,
rec_20251130_030636.avi,videos__rec_20251130_030636__f011920.jpg,596.0,0.1241,-2.876429417633583,-2.5728568408301484,0,115.60928964211979,92.97055256529666,,
rec_20251130_030636.avi,videos__rec_20251130_030636__f011940.jpg,597.0,0.1228,1.8616061470716518,-0.7990716456694283,0,132.59850400650782,108.82173314178112,-10.16338297044072,110.81274483977575
rec_20251130_030636.avi,videos__rec_20251130_030636__f011960.jpg,598.0,0.1224,8.226544818950229,-0.7990716456694283,1,143.2124892070052,122.57803556787076,,
rec_20251130_030636.avi,videos__rec_20251130_030636__f011980.jpg,599.0,0.1238,13.227235740415894,-0.7990716456694283,1,-197.06476780974873,122.57803556787076,,
rec_20251130_030636.avi,videos__rec_20251130_030636__f012000.jpg,600.0,0.1298,-6.124141400737501,-2.9290995476966577,0,127.91000031320254,124.71082146600347,,
rec_20251130_030636.avi,videos__rec_20251130_030636__f012020.jpg,601.0,0.1357,2.744203735856462,-0.6597782342754095,0,156.62243459959052,137.4754667194383,,
rec_20251130_030636.avi,videos__rec_20251130_030636__f012040.jpg,602.0,0.1405,-2.6241645232566095,-1.4455327498678896,0,134.43670681154703,136.25996275628177,,
rec_20251130_030636.avi,videos__rec_20251130_030636__f012060.jpg,603.0,0.1479,-4.110297210455208,-2.511438534102817,0,119.98931525620918,129.7517037562527,,
rec_20251130_030636.avi,videos__rec_20251130_030636__f012080.jpg,604.0,0.1517,-5.2375174125140695,-3.6018700854673185,0,151.54781260603926,138.47014729616734,,
rec_20251130_030636.avi,videos__rec_20251130_030636__f012100.jpg,605.0,0.1531,-4.7562498612004305,-4.063621995760563,0,145.35355952092135,141.22351218606894,,
rec_20251130_030636.avi,videos__rec_20251130_030636__f012120.jpg,606.0,0.1526,-5.791879819328466,-4.754925125187724,0,149.37282513988464,144.48323736759522,,
rec_20251130_030636.avi,videos__rec_20251130_030636__f012140.jpg,607.0,0.1522,-6.219621696099449,-5.340803753552414,0,161.62082916274085,151.33827408565347,-9.784167369707335,144.45193936563794
rec_20251130_030636.avi,videos__rec_20251130_030636__f012160.jpg,608.0,0.1564,-1.4822210011956432,-3.7973706526097057,0,144.19298742084771,148.48015941973117,,
rec_20251130_030636.avi,videos__rec_20251130_030636__f012180.jpg,609.0,0.1581,-0.779193320721637,-2.590099719854478,0,116.47820386481487,135.67937719776467,,
rec_20251130_030636.avi,videos__rec_20251130_030636__f012200.jpg,610.0,0.156,-0.965229849037975,-1.9401517715278769,0,98.73653078824884,120.90223863395835,,
rec_20251130_030636.avi,videos__rec_20251130_030636__f012220.jpg,611.0,0.1518,4.441595734012613,0.6125472306883193,0,92.1976576052408,109.42040622247134,,
rec_20251130_030636.avi,videos__rec_20251130_030636__f012240.jpg,612.0,0.1566,3.4978939195815903,1.7666859062456277,0,75.34660741935113,95.79088670122326,,
rec_20251130_030636.avi,videos__rec_20251130_030636__f012260.jpg,613.0,0.1571,0.9798547264591031,1.4519534343310179,0,106.67026254518498,100.14263703880795,,
rec_20251130_030636.avi,videos__rec_20251130_030636__f012280.jpg,614.0,0.1573,0.7934740835345567,1.1885616940124335,0,111.81903628738598,104.81319673823916,,
rec_20251130_030636.avi,videos__rec_20251130_030636__f012300.jpg,615.0,0.1603,-0.024141061330066653,0.7034805918754334,0,110.883274554367,107.2412278646903,,
rec_20251130_030636.avi,videos__rec_20251130_030636__f012320.jpg,616.0,0.1582,-0.43954062899623675,0.24627210352676535,0,110.75735174219727,108.6476774156931,,
rec_20251130_030636.avi,videos__rec_20251130_030636__f012340.jpg,617.0,0.1572,-0.4069143036086653,-0.01500245932740693,0,108.5936846598537,108.62608031335733,,
rec_20251130_030636.avi,videos__rec_20251130_030636__f012360.jpg,618.0,0.1594,0.06612197839333456,0.01744731576088967,0,108.68125716077714,108.64815105232525,6.730680839430929,114.91957570663743
rec_20251130_030636.avi,videos__rec_20251130_030636__f012380.jpg,619.0,0.1603,0.4212532168976165,0.17896967621558044,0,96.17327406485828,103.65820025733845,,
rec_20251130_030636.avi,videos__rec_20251130_030636__f012400.jpg,620.0,0.1602,0.11028356682133338,0.1514952324578816,0,100.39736043096383,102.3538643267886,,
rec_20251130_030636.avi,videos__rec_20251130_030636__f012420.jpg,621.0,0.161,0.011351327925356742,0.09543767064487164,0,101.86905691671996,102.15994136276115,,
rec_20251130_030636.avi,videos__rec_20251130_030636__f012440.jpg,622.0,0.1612,-8.148345064410101,0.09543767064487164,1,-165.82334167775517,102.15994136276115,,
rec_20251130_030636.avi,videos__rec_20251130_030636__f012460.jpg,623.0,0.1597,-12.84592883794563,0.09543767064487164,1,-118.90564205670094,102.15994136276115,,
rec_20251130_030636.avi,videos__rec_20251130_030636__f012480.jpg,624.0,0.1508,-9.240664678449548,0.09543767064487164,1,-160.46428046424202,102.15994136276115,,
rec_20251130_030636.avi,videos__rec_20251130_030636__f012500.jpg,625.0,0.1397,-11.56581169756889,0.09543767064487164,1,-153.71470244494458,102.15994136276115,,
rec_20251130_030636.avi,videos__rec_20251130_030636__f012520.jpg,626.0,0.1405,1.770169216856592,0.7653302891295597,0,-150.989338347245,102.15994136276115,,
rec_20251130_030636.avi,videos__rec_20251130_030636__f012540.jpg,627.0,0.142,6.041239983822075,2.875694167006566,0,-151.2987543248527,102.15994136276115,,
rec_20251130_030636.avi,videos__rec_20251130_030636__f012560.jpg,628.0,0.1403,3.756263515103888,3.227921906245495,0,-150.82414104246672,102.15994136276115,5.759114821277446,112.94227344159253
rec_20251130_030636.avi,videos__rec_20251130_030636__f012580.jpg,629.0,0.1409,7.47768305319296,4.927826365024481,0,-150.80025852252078,102.15994136276115,,
rec_20251130_030636.avi,videos__rec_20251130_030636__f012600.jpg,630.0,0.1424,6.007079438680577,5.35952759448692,0,-151.82991362341727,102.15994136276115,,
rec_20251130_030636.avi,videos__rec_20251130_030636__f012620.jpg,631.0,0.1426,7.054767871992533,6.037623705489166,0,-151.11344642318284,102.15994136276115,,
rec_20251130_030636.avi,videos__rec_20251130_030636__f012640.jpg,632.0,0.1426,6.764155159687036,6.328236287168314,0,-151.71389990157087,102.15994136276115,,
rec_20251130_030636.avi,videos__rec_20251130_030636__f012660.jpg,633.0,0.1437,6.882054381571759,6.549763524929692,0,-151.22261818476198,102.15994136276115,,
rec_20251130_030636.avi,videos__rec_20251130_030636__f012680.jpg,634.0,0.1461,6.712016781659075,6.614664827621445,0,-151.11353874757154,102.15994136276115,,
rec_20251130_030636.avi,videos__rec_20251130_030636__f012700.jpg,635.0,0.1467,3.840481403138568,5.504991457828294,0,-151.7291511848181,102.15994136276115,,
rec_20251130_030636.avi,videos__rec_20251130_030636__f012720.jpg,636.0,0.1455,13.9987145362904,5.504991457828294,1,-151.82488811666886,102.15994136276115,,
rec_20251130_030636.avi,videos__rec_20251130_030636__f012740.jpg,637.0,0.142,9.957769434319262,7.286102648424681,0,-152.09428774571427,102.15994136276115,,
rec_20251130_030636.avi,videos__rec_20251130_030636__f012760.jpg,638.0,0.1435,5.91823266675118,6.738954655755281,0,-152.26077756854292,102.15994136276115,7.656590928624532,113.87206353385966
rec_20251130_030636.avi,videos__rec_20251130_030636__f012780.jpg,639.0,0.1432,5.972319642946766,6.432300650631875,0,-151.86314379368167,102.15994136276115,,
rec_20251130_030636.avi,videos__rec_20251130_030636__f012800.jpg,640.0,0.1416,6.437930016637939,6.434552397034301,0,-152.10513569022336,102.15994136276115,,
rec_20251130_030636.avi,videos__rec_20251130_030636__f012820.jpg,641.0,0.1404,6.23775623416622,6.3558339318870685,0,-152.29493968427914,102.15994136276115,,
rec_20251130_030636.avi,videos__rec_20251130_030636__f012840.jpg,642.0,0.1412,12.403043413709435,8.774717724616014,0,-151.5235716869218,102.15994136276115,,
rec_20251130_030636.avi,videos__rec_20251130_030636__f012860.jpg,643.0,0.1391,6.5202083398842365,7.872913970723303,0,-152.13030802120977,102.15994136276115,,
rec_20251130_030636.avi,videos__rec_20251130_030636__f012880.jpg,644.0,0.139,17.018572348773088,7.872913970723303,1,-152.3674757098439,102.15994136276115,,
rec_20251130_030636.avi,videos__rec_20251130_030636__f012900.jpg,645.0,0.1421,17.18172332437681,7.872913970723303,1,-152.25780472727342,102.15994136276115,,
rec_20251130_030636.avi,videos__rec_20251130_030636__f012920.jpg,646.0,0.1395,11.487431707117917,9.31872106528115,0,-153.08937630757794,102.15994136276115,,
rec_20251130_030636.avi,videos__rec_20251130_030636__f012940.jpg,647.0,0.1396,8.609364581739262,9.034978471864395,0,-152.92622281667877,102.15994136276115,,
rec_20251130_030636.avi,videos__rec_20251130_030636__f012960.jpg,648.0,0.1384,12.49506091980454,10.419011451040454,0,-154.9520619875102,102.15994136276115,6.066126221949475,108.32775208445173
rec_20251130_030636.avi,videos__rec_20251130_030636__f012980.jpg,649.0,0.1384,12.726914602480122,11.342172711616321,0,-155.5105908358733,102.15994136276115,,
rec_20251130_030636.avi,videos__rec_20251130_030636__f013000.jpg,650.0,0.1369,12.042449778722428,11.622283538458763,0,-155.29930849231906,102.15994136276115,,
rec_20251130_030636.avi,videos__rec_20251130_030636__f013020.jpg,651.0,0.1385,12.328993132851869,11.904967376216005,0,-155.4259975656996,102.15994136276115,,
rec_20251130_030636.avi,videos__rec_20251130_030636__f013040.jpg,652.0,0.1354,12.292196246119309,12.059858924177327,0,-156.2650241097718,102.15994136276115,,
rec_20251130_030636.avi,videos__rec_20251130_030636__f013060.jpg,653.0,0.1385,12.54923895367403,12.255610935976009,0,-153.83323778117264,102.15994136276115,,
rec_20251130_030636.avi,videos__rec_20251130_030636__f013080.jpg,654.0,0.1408,11.682604443479223,12.026408338977294,0,-152.02453329460775,102.15994136276115,,
rec_20251130_030636.avi,videos__rec_20251130_030636__f013100.jpg,655.0,0.1408,17.341009149323842,14.152248663115913,0,-151.12136266849373,102.15994136276115,,
rec_20251130_030636.avi,videos__rec_20251130_030636__f013120.jpg,656.0,0.1399,11.98765349421093,13.286410595553921,0,-151.6453395308405,102.15994136276115,,
rec_20251130_030636.avi,videos__rec_20251130_030636__f013140.jpg,657.0,0.1418,11.98765349421093,12.766907755016724,0,-151.6453395308405,102.15994136276115,,
rec_20251130_030636.avi,videos__rec_20251130_030636__f013160.jpg,658.0,0.1416,12.158432843404436,12.523517790371809,0,-151.53566854827002,102.15994136276115,7.118639965511746,122.25281824263925
rec_20251130_030636.avi,videos__rec_20251130_030636__f013180.jpg,659.0,0.1409,11.88240702248829,12.2670734832184,0,-151.91088527101917,102.15994136276115,,
rec_20251130_030636.avi,videos__rec_20251130_030636__f013200.jpg,660.0,0.1413,11.682604443479223,12.033285867322729,0,-152.02453329460775,102.15994136276115,,
rec_20251130_030636.avi,videos__rec_20251130_030636__f013220.jpg,661.0,0.1418,12.158432843404436,12.083344657755411,0,-151.53566854827002,102.15994136276115,,
rec_20251130_030636.avi,videos__rec_20251130_030636__f013240.jpg,662.0,0.1416,17.247764170433182,14.149112462826519,0,-150.9415722183926,102.15994136276115,,
rec_20251130_030636.avi,videos__rec_20251130_030636__f013260.jpg,663.0,0.1396,12.065274606253848,13.31557732019745,0,-149.3207245662003,102.15994136276115,,
rec_20251130_030636.avi,videos__rec_20251130_030636__f013280.jpg,664.0,0.1408,12.065274606253848,12.815456234620008,0,-149.3207245662003,102.15994136276115,,
rec_20251130_030636.avi,videos__rec_20251130_030636__f013300.jpg,665.0,0.1418,12.065274606253848,12.515383583273543,0,-149.3207245662003,102.15994136276115,,
rec_20251130_030636.avi,videos__rec_20251130_030636__f013320.jpg,666.0,0.1404,12.936734426076653,12.683923920394786,0,-149.4647880752331,102.15994136276115,,
rec_20251130_030636.avi,videos__rec_20251130_030636__f013340.jpg,667.0,0.1396,12.065274606253848,12.436464194738411,0,-149.3207245662003,102.15994136276115,,
rec_20251130_030636.avi,videos__rec_20251130_030636__f013360.jpg,668.0,0.1393,9.75083895597942,11.362214099234814,0,-149.63700869520304,102.15994136276115,6.181589462975006,110.59948111631047
rec_20251130_030636.avi,videos__rec_20251130_030636__f013380.jpg,669.0,0.1398,12.065274606253848,11.643438302042426,0,-149.3207245662003,102.15994136276115,,
rec_20251130_030636.avi,videos__rec_20251130_030636__f013400.jpg,670.0,0.1411,13.84776847726158,12.525170372130088,0,-148.74943121411172,102.15994136276115,,
rec_20251130_030636.avi,videos__rec_20251130_030636__f013420.jpg,671.0,0.1414,12.365897876723338,12.461461373967389,0,-149.10759538362106,102.15994136276115,,
rec_20251130_030636.avi,videos__rec_20251130_030636__f013440.jpg,672.0,0.1398,11.397090426310031,12.035712994904447,0,-152.7784659602565,102.15994136276115,,
rec_20251130_030636.avi,videos__rec_20251130_030636__f013460.jpg,673.0,0.1352,14.924428416574555,13.19119916357249,0,-158.4777722397564,102.15994136276115,,
rec_20251130_030636.avi,videos__rec_20251130_030636__f013480.jpg,674.0,0.1384,11.479501201949812,12.506519978923418,0,-155.73976376099216,102.15994136276115,,
rec_20251130_030636.avi,videos__rec_20251130_030636__f013500.jpg,675.0,0.1393,11.919165588008182,12.271578222557324,0,-155.31008116012634,102.15994136276115,,
rec_20251130_030636.avi,videos__rec_20251130_030636__f013520.jpg,676.0,0.1391,11.786135176491879,12.077401004131145,0,-156.48749914199328,102.15994136276115,,
rec_20251130_030636.avi,videos__rec_20251130_030636__f013540.jpg,677.0,0.1381,8.425193798894792,10.616518122036604,0,-155.75830795843098,102.15994136276115,,
rec_20251130_030636.avi,videos__rec_20251130_030636__f013560.jpg,678.0,0.1434,11.894129828523525,11.127562804631372,0,-155.32076249532048,102.15994136276115,11.717434703203372,137.37629629629635
rec_20251130_030636.avi,videos__rec_20251130_030636__f013580.jpg,679.0,0.1412,11.919165588008182,11.444203917982097,0,-155.31008116012634,102.15994136276115,,
rec_20251130_030636.avi,videos__rec_20251130_030636__f013600.jpg,680.0,0.1389,10.643562767798079,11.12394745790849,0,-155.70629625957045,102.15994136276115,,
rec_20251130_030636.avi,videos__rec_20251130_030636__f013620.jpg,681.0,0.1376,17.90770149373822,13.837449072240382,0,-153.1418141081618,102.15994136276115,,
rec_20251130_030636.avi,videos__rec_20251130_030636__f013640.jpg,682.0,0.1327,14.146616487623929,13.9611160383938,0,-165.125723453199,102.15994136276115,,
rec_20251130_030636.avi,videos__rec_20251130_030636__f013660.jpg,683.0,0.1315,19.17613993543341,16.047125597209643,0,-203.5241469666239,102.15994136276115,,
rec_20251130_030636.avi,videos__rec_20251130_030636__f013680.jpg,684.0,0.1108,20.854458039578294,16.047125597209643,0,105.94285714285695,103.67310767479947,,
rec_20251130_030636.avi,videos__rec_20251130_030636__f013700.jpg,685.0,0.1018,-29.853708610040076,16.047125597209643,1,-23.785271901000442,103.67310767479947,,
rec_20251130_030636.avi,videos__rec_20251130_030636__f013720.jpg,686.0,0.096,-0.6901154500137915,16.047125597209643,1,-32.270151856016184,103.67310767479947,,
rec_20251130_030636.avi,videos__rec_20251130_030636__f013740.jpg,687.0,0.0982,-9.013969063227417,16.047125597209643,1,-3.1008431842605546,60.963527331175456,,
rec_20251130_030636.avi,videos__rec_20251130_030636__f013760.jpg,688.0,0.0982,-13.548899666610096,16.047125597209643,1,-123.94787917134744,60.963527331175456,9.43521993587596,51.24617163044536
rec_20251130_030636.avi,videos__rec_20251130_030636__f013780.jpg,689.0,0.0982,-7.125457030157809,16.047125597209643,1,-68.95024653168039,60.963527331175456,,
rec_20251130_030636.avi,videos__rec_20251130_030636__f013800.jpg,690.0,0.0973,-8.08228752318788,16.047125597209643,1,-80.56669947506066,60.963527331175456,,
rec_20251130_030636.avi,videos__rec_20251130_030636__f013820.jpg,691.0,0.0975,9.479087020249903,13.419910166425748,0,126.8469914698112,87.31691298662975,,
rec_20251130_030636.avi,videos__rec_20251130_030636__f013840.jpg,692.0,0.0976,25.632755232111357,13.419910166425748,1,182.3182086614098,125.31743125654177,,
rec_20251130_030636.avi,videos__rec_20251130_030636__f013860.jpg,693.0,0.0978,11.003064964235174,12.453172085549518,0,56.26842716535896,97.69782962006865,,
rec_20251130_030636.avi,videos__rec_20251130_030636__f013880.jpg,694.0,0.0947,7.23864207419819,10.367360081008986,0,-30.868763089781964,97.69782962006865,,
rec_20251130_030636.avi,videos__rec_20251130_030636__f013900.jpg,695.0,0.0949,23.385814921905016,10.367360081008986,1,34.3697220412227,72.36658658853027,,
rec_20251130_030636.avi,videos__rec_20251130_030636__f013920.jpg,696.0,0.0989,21.04392405243905,10.367360081008986,1,6.778508375593219,46.13135530335545,,
rec_20251130_030636.avi,videos__rec_20251130_030636__f013940.jpg,697.0,0.0927,20.911506265306834,10.367360081008986,1,41.57910573258857,44.3104554750487,,
rec_20251130_030636.avi,videos__rec_20251130_030636__f013960.jpg,698.0,0.0939,17.177698818566146,13.09149557603185,0,34.05043786582087,40.206448431357565,,
rec_20251130_030636.avi,videos__rec_20251130_030636__f013980.jpg,699.0,0.096,45.85342323218511,13.09149557603185,1,32.47736033858115,37.114813194247,8.99495032360555,29.956695568566772
rec_20251130_030636.avi,videos__rec_20251130_030636__f014000.jpg,700.0,0.099,46.38041502319155,13.09149557603185,1,-97.70906705204743,37.114813194247,,
rec_20251130_030636.avi,videos__rec_20251130_030636__f014020.jpg,701.0,0.1,-4.774952050685344,13.09149557603185,1,-25.79194805724927,11.952108693648489,,
rec_20251130_030636.avi,videos__rec_20251130_030636__f014040.jpg,702.0,0.1017,-1.815663515065858,13.09149557603185,1,-0.44976770263843946,6.9913581351337175,,
rec_20251130_030636.avi,videos__rec_20251130_030636__f014060.jpg,703.0,0.1018,-5.337650253187227,13.09149557603185,1,-14.514285192429895,-1.6108991958917285,,
rec_20251130_030636.avi,videos__rec_20251130_030636__f014080.jpg,704.0,0.1044,0.5045585943846717,13.09149557603185,1,-16.379539688413217,-7.518355392900324,,
rec_20251130_030636.avi,videos__rec_20251130_030636__f014100.jpg,705.0,0.1057,-0.16236923732672884,13.09149557603185,1,-8.092503385594853,-7.748014589978136,,
rec_20251130_030636.avi,videos__rec_20251130_030636__f014120.jpg,706.0,0.105,0.8977042721703608,13.09149557603185,1,-45.87740859165007,-22.999772190646908,,
rec_20251130_030636.avi,videos__rec_20251130_030636__f014140.jpg,707.0,0.1013,4.874400202291775,9.804657426535819,1,22.754904488525256,-4.697901518978041,,
rec_20251130_030636.avi,videos__rec_20251130_030636__f014160.jpg,708.0,0.1062,2.3937808685935402,9.804657426535819,0,9.74149097616413,1.0778554790788277,,
rec_20251130_030636.avi,videos__rec_20251130_030636__f014180.jpg,709.0,0.1125,-1.7603656169293553,9.804657426535819,1,-8.33167503727492,-2.6859567274626714,6.180059756185085,27.956505271913613
rec_20251130_030636.avi,videos__rec_20251130_030636__f014200.jpg,710.0,0.1143,21.208183114820578,9.804657426535819,1,-170.61626545958867,-2.6859567274626714,,
rec_20251130_030636.avi,videos__rec_20251130_030636__f014220.jpg,711.0,0.1152,23.423214675961663,9.804657426535819,1,-169.76143233256806,-2.6859567274626714,,
rec_20251130_030636.avi,videos__rec_20251130_030636__f014240.jpg,712.0,0.1142,-1.9210641759262765,9.804657426535819,1,-7.747849286830444,-4.710713751209781,,
rec_20251130_030636.avi,videos__rec_20251130_030636__f014260.jpg,713.0,0.1138,13.449508987412626,11.262598050886542,0,-167.07219369632384,-4.710713751209781,,
rec_20251130_030636.avi,videos__rec_20251130_030636__f014280.jpg,714.0,0.1134,0.1903334453676167,11.262598050886542,1,14.72961033167337,3.06541588194348,,
rec_20251130_030636.avi,videos__rec_20251130_030636__f014300.jpg,715.0,0.1132,18.116159293949814,14.00402254811185,0,-167.25151057136372,3.06541588194348,,
rec_20251130_030636.avi,videos__rec_20251130_030636__f014320.jpg,716.0,0.1142,0.3718967649008699,14.00402254811185,1,15.445049821922737,8.017269457935184,,
rec_20251130_030636.avi,videos__rec_20251130_030636__f014340.jpg,717.0,0.115,22.959062753183762,14.00402254811185,1,-170.1290997404316,8.017269457935184,,
rec_20251130_030636.avi,videos__rec_20251130_030636__f014360.jpg,718.0,0.1151,15.90996790291135,14.766400690031649,0,-163.42256788343062,8.017269457935184,,
rec_20251130_030636.avi,videos__rec_20251130_030636__f014380.jpg,719.0,0.115,0.3718967649008699,14.766400690031649,1,15.445049821922737,10.988381603530206,7.749944647592486,28.14499542828264
rec_20251130_030636.avi,videos__rec_20251130_030636__f014400.jpg,720.0,0.1153,23.49269637741357,14.766400690031649,1,-169.92805174096594,10.988381603530206,,
rec_20251130_030636.avi,videos__rec_20251130_030636__f014420.jpg,721.0,0.1152,20.338186298010076,14.766400690031649,0,-162.43504166248135,10.988381603530206,,
rec_20251130_030636.avi,videos__rec_20251130_030636__f014440.jpg,722.0,0.1153,23.39540873669053,14.766400690031649,1,-169.59406541591034,10.988381603530206,,
rec_20251130_030636.avi,videos__rec_20251130_030636__f014460.jpg,723.0,0.1153,0.3718967649008699,14.766400690031649,1,15.445049821922737,12.771048890887219,,
rec_20251130_030636.avi,videos__rec_20251130_030636__f014480.jpg,724.0,0.1155,22.58019743204926,14.766400690031649,0,-170.46893676844795,12.771048890887219,,
rec_20251130_030636.avi,videos__rec_20251130_030636__f014500.jpg,725.0,0.1155,0.3718967649008699,14.766400690031649,1,15.445049821922737,13.840649263301426,,
rec_20251130_030636.avi,videos__rec_20251130_030636__f014520.jpg,726.0,0.1155,23.135347933622793,14.766400690031649,1,-169.6767359779984,13.840649263301426,,
rec_20251130_030636.avi,videos__rec_20251130_030636__f014540.jpg,727.0,0.1149,20.963656351404786,14.766400690031649,0,-172.28588637597545,13.840649263301426,,
rec_20251130_030636.avi,videos__rec_20251130_030636__f014560.jpg,728.0,0.1145,22.58019743204926,14.766400690031649,0,-170.46893676844795,13.840649263301426,,
rec_20251130_030636.avi,videos__rec_20251130_030636__f014580.jpg,729.0,0.1156,19.095864826491965,16.498186344615775,0,-167.2701492199808,13.840649263301426,7.875949961987108,27.10040590976041
rec_20251130_030636.avi,videos__rec_20251130_030636__f014600.jpg,730.0,0.1148,21.529046623781856,16.498186344615775,0,-171.8909819119255,13.840649263301426,,
rec_20251130_030636.avi,videos__rec_20251130_030636__f014620.jpg,731.0,0.1145,21.121321634118974,18.347440460417054,0,-172.80363846419516,13.840649263301426,,
rec_20251130_030636.avi,videos__rec_20251130_030636__f014640.jpg,732.0,0.1151,17.76011225466138,18.112509178114784,0,-163.78573377264155,13.840649263301426,,
rec_20251130_030636.avi,videos__rec_20251130_030636__f014660.jpg,733.0,0.1156,1.7535493598049583,18.112509178114784,1,4.648253558492684,10.163690981377929,,
rec_20251130_030636.avi,videos__rec_20251130_030636__f014680.jpg,734.0,0.1182,17.164695007941923,17.73338351004564,0,-163.0437882376657,10.163690981377929,,
rec_20251130_030636.avi,videos__rec_20251130_030636__f014700.jpg,735.0,0.1145,-0.22122173812329804,17.73338351004564,1,-1.6960437683981127,5.419797081467513,,
rec_20251130_030636.avi,videos__rec_20251130_030636__f014720.jpg,736.0,0.1012,-2.0955571849559247,17.73338351004564,1,-9.452199277970749,-0.5290014623077925,,
rec_20251130_030636.avi,videos__rec_20251130_030636__f014740.jpg,737.0,0.0733,4.25024315286422,17.73338351004564,1,-161.1242184911784,-0.5290014623077925,,
rec_20251130_030636.avi,videos__rec_20251130_030636__f014760.jpg,738.0,0.1208,-0.22122173812329804,17.73338351004564,1,-1.6960437683981127,-0.9958183847439206,,
rec_20251130_030636.avi,videos__rec_20251130_030636__f014780.jpg,739.0,0.116,-3.3402399599812225,17.73338351004564,1,-10.446511822365608,-4.776095759792595,7.670513518670196,23.542433613050093
rec_20251130_030636.avi,videos__rec_20251130_030636__f014800.jpg,740.0,0.1171,17.16803052267381,17.50724231509691,0,-164.51624230741518,-4.776095759792595,,
rec_20251130_030636.avi,videos__rec_20251130_030636__f014820.jpg,741.0,0.1178,18.97936664948076,18.09609204885045,0,-173.5096283573225,-4.776095759792595,,
rec_20251130_030636.avi,videos__rec_20251130_030636__f014840.jpg,742.0,0.1179,22.747886487116016,19.95680982415668,0,-171.302093577671,-4.776095759792595,,
rec_20251130_030636.avi,videos__rec_20251130_030636__f014860.jpg,743.0,0.1171,1.7665271023375355,19.95680982415668,1,28.057486064819273,8.357336970052152,,
rec_20251130_030636.avi,videos__rec_20251130_030636__f014880.jpg,744.0,0.1131,10.10354506693714,16.015503921268863,1,0.07694232644246313,5.045179112608277,,
rec_20251130_030636.avi,videos__rec_20251130_030636__f014900.jpg,745.0,0.1152,-0.6471678283508294,16.015503921268863,1,22.42408791956757,11.996742635391993,,
rec_20251130_030636.avi,videos__rec_20251130_030636__f014920.jpg,746.0,0.1161,10.932633920547776,13.982355920980428,0,6.741939119654205,9.894821229096877,,
rec_20251130_030636.avi,videos__rec_20251130_030636__f014940.jpg,747.0,0.1145,9.692913143864446,12.266578810134035,0,4.236600685210817,7.631533011542453,,
rec_20251130_030636.avi,videos__rec_20251130_030636__f014960.jpg,748.0,0.1164,9.886718571519216,11.314634714688108,0,6.644602680609751,7.236760879169372,,
rec_20251130_030636.avi,videos__rec_20251130_030636__f014980.jpg,749.0,0.1171,9.739876030741398,10.684731241109423,0,7.178419413207166,7.21342429278449,6.436920600855284,6.306544980443164
rec_20251130_030636.avi,videos__rec_20251130_030636__f015000.jpg,750.0,0.1216,21.23204930534582,14.903658466803982,1,-178.55208130930782,7.21342429278449,,
rec_20251130_030636.avi,videos__rec_20251130_030636__f015020.jpg,751.0,0.1056,-4.102454347834586,14.903658466803982,1,-34.41727895774659,-9.438857007427941,,
rec_20251130_030636.avi,videos__rec_20251130_030636__f015040.jpg,752.0,0.0782,-0.5001575496402205,14.903658466803982,1,-111.76742054101948,-50.37028242086456,,
rec_20251130_030636.avi,videos__rec_20251130_030636__f015060.jpg,753.0,0.0819,3.6214497785933415,14.903658466803982,1,-114.428993142141,-75.99376670937514,,
rec_20251130_030636.avi,videos__rec_20251130_030636__f015080.jpg,754.0,0.0919,2.6056540723480826,14.903658466803982,1,-119.3391372048431,-93.33191490756232,,
rec_20251130_030636.avi,videos__rec_20251130_030636__f015100.jpg,755.0,0.093,2.957312618105281,14.903658466803982,1,-24.663767151422405,-65.86465580510635,,
rec_20251130_030636.avi,videos__rec_20251130_030636__f015120.jpg,756.0,0.0898,4.047710752867436,14.903658466803982,1,-33.11547740266718,-52.76498444413068,,
rec_20251130_030636.avi,videos__rec_20251130_030636__f015140.jpg,757.0,0.0917,1.9049118111722436,14.903658466803982,1,-32.198659859933855,-44.53845461045195,,
rec_20251130_030636.avi,videos__rec_20251130_030636__f015160.jpg,758.0,0.1138,-5.802213511263214e-14,14.903658466803982,1,6.000000000000114,-24.323072766271125,,
rec_20251130_030636.avi,videos__rec_20251130_030636__f015180.jpg,759.0,0.0974,1.3283960187239106,14.903658466803982,1,-145.52745765721394,-24.323072766271125,-1.4463136526563398,17.17586587097088
rec_20251130_030636.avi,videos__rec_20251130_030636__f015200.jpg,760.0,0.0978,,,0,,-24.323072766271125,,
rec_20251130_030636.avi,videos__rec_20251130_030636__f015220.jpg,761.0,0.1005,-27.05149240911025,14.903658466803982,1,-189.34669912154078,-24.323072766271125,,
rec_20251130_030636.avi,videos__rec_20251130_030636__f015240.jpg,762.0,0.0893,-1.8034995629294985,14.903658466803982,1,-64.22643596923058,-40.284418047454906,,
rec_20251130_030636.avi,videos__rec_20251130_030636__f015260.jpg,763.0,0.0873,-3.64425520553417,14.903658466803982,1,-69.70634789301556,-52.05318998567917,,
rec_20251130_030636.avi,videos__rec_20251130_030636__f015280.jpg,764.0,0.1077,-1.8948331160850245,14.903658466803982,1,2.4938174097629826,-30.234387027502304,,
rec_20251130_030636.avi,videos__rec_20251130_030636__f015300.jpg,765.0,0.0969,5.4032628023042,14.903658466803982,1,0.7847258262358423,-17.826741886007042,,
rec_20251130_030636.avi,videos__rec_20251130_030636__f015320.jpg,766.0,0.099,20.238722687268382,17.03768415498974,0,32.15912820650874,2.167606150999273,,
rec_20251130_030636.avi,videos__rec_20251130_030636__f015340.jpg,767.0,0.1007,12.030178196058833,15.034681771417379,0,27.02340838567153,12.109927044868176,,
rec_20251130_030636.avi,videos__rec_20251130_030636__f015360.jpg,768.0,0.1,14.734662762944255,14.91467416802813,0,31.75121288901272,19.966441382525993,,
rec_20251130_030636.avi,videos__rec_20251130_030636__f015380.jpg,769.0,0.0993,14.44963658747002,14.728659135804886,0,34.91457771750623,25.94569591651809,,
rec_20251130_030636.avi,videos__rec_20251130_030636__f015400.jpg,770.0,0.0991,14.876361096407743,14.787739920046029,0,34.95548821515513,29.549612835972905,4.393309392951241,35.077614379317936
rec_20251130_030636.avi,videos__rec_20251130_030636__f015420.jpg,771.0,0.0978,12.31913826168878,13.80029925670313,0,34.71382107247473,31.615296130573636,,
rec_20251130_030636.avi,videos__rec_20251130_030636__f015440.jpg,772.0,0.0972,14.87387417078381,14.2297292223354,0,26.564613682074253,29.595023151173883,,
rec_20251130_030636.avi,videos__rec_20251130_030636__f015460.jpg,773.0,0.0969,20.061465644560418,16.562423791225406,0,36.900050962118485,32.51703427555172,,
rec_20251130_030636.avi,videos__rec_20251130_030636__f015480.jpg,774.0,0.0999,20.542503157085406,18.154455537569405,0,34.59069220463692,33.346497447185804,,
rec_20251130_030636.avi,videos__rec_20251130_030636__f015500.jpg,775.0,0.0986,-0.3866519381892726,18.154455537569405,1,26.082364841698507,30.440844404990884,,
rec_20251130_030636.avi,videos__rec_20251130_030636__f015520.jpg,776.0,0.0989,17.1266981793109,17.743352594266,0,27.701691988325933,29.345183438324902,,
rec_20251130_030636.avi,videos__rec_20251130_030636__f015540.jpg,777.0,0.0997,16.048747775213855,17.065510666645142,0,28.44236392626601,28.98405563350135,,
rec_20251130_030636.avi,videos__rec_20251130_030636__f015560.jpg,778.0,0.0949,5.967211487387407,17.065510666645142,1,24.691823046376328,27.26716259865134,,
rec_20251130_030636.avi,videos__rec_20251130_030636__f015580.jpg,779.0,0.0945,5.577344845543858,17.065510666645142,1,28.259608036519353,27.664140773798543,,
rec_20251130_030636.avi,videos__rec_20251130_030636__f015600.jpg,780.0,0.0948,16.29243383718063,16.756279934859336,0,25.873440697251226,26.947860743179618,2.697532511220197,27.45724147287973
rec_20251130_030636.avi,videos__rec_20251130_030636__f015620.jpg,781.0,0.0961,21.127439341754403,18.504743697617364,0,32.24495792112998,29.066699614359763,,
rec_20251130_030636.avi,videos__rec_20251130_030636__f015640.jpg,782.0,0.0912,4.366099396625219,18.504743697617364,1,26.663229971742,28.10531175731266,,
rec_20251130_030636.avi,videos__rec_20251130_030636__f015660.jpg,783.0,0.0952,20.716981425297266,19.389638788689325,0,30.201374617566955,28.943736901414375,,
rec_20251130_030636.avi,videos__rec_20251130_030636__f015680.jpg,784.0,0.0902,0.9358715520315067,19.389638788689325,1,15.735471594458147,23.660430778631884,,
rec_20251130_030636.avi,videos__rec_20251130_030636__f015700.jpg,785.0,0.0917,21.278288304921183,20.14509859518207,0,28.892349946829768,25.75319844591104,,
rec_20251130_030636.avi,videos__rec_20251130_030636__f015720.jpg,786.0,0.093,21.67603803457431,20.757474370938965,0,28.514384273597443,26.857672776985602,,
rec_20251130_030636.avi,videos__rec_20251130_030636__f015740.jpg,787.0,0.0906,9.885343999992285,16.408622222560293,1,16.788104012344718,22.829845271129248,,
rec_20251130_030636.avi,videos__rec_20251130_030636__f015760.jpg,788.0,0.0913,2.7784985703847855,16.408622222560293,1,30.40460012273246,25.859747211770532,,
rec_20251130_030636.avi,videos__rec_20251130_030636__f015780.jpg,789.0,0.0981,10.651968397431393,14.105960692508733,0,56.07922646464317,37.94753891291958,,
rec_20251130_030636.avi,videos__rec_20251130_030636__f015800.jpg,790.0,0.1025,28.9582459168332,14.105960692508733,1,-147.35804550436524,37.94753891291958,1.6973470127044008,53.336939719853774
rec_20251130_030636.avi,videos__rec_20251130_030636__f015820.jpg,791.0,0.1065,22.5821340689532,17.49643004308652,1,-143.24083948370009,37.94753891291958,,
rec_20251130_030636.avi,videos__rec_20251130_030636__f015840.jpg,792.0,0.1052,35.77481405396307,17.49643004308652,1,-145.23504969537606,37.94753891291958,,
rec_20251130_030636.avi,videos__rec_20251130_030636__f015860.jpg,793.0,0.0994,21.669430180928426,19.165630098223282,0,-151.81818109209718,37.94753891291958,,
rec_20251130_030636.avi,videos__rec_20251130_030636__f015880.jpg,794.0,0.0895,29.590174611870108,19.165630098223282,1,-145.0640309491789,37.94753891291958,,
rec_20251130_030636.avi,videos__rec_20251130_030636__f015900.jpg,795.0,0.0825,-3.3663854611646653,19.165630098223282,1,64.48685276333919,48.56326445308743,,
rec_20251130_030636.avi,videos__rec_20251130_030636__f015920.jpg,796.0,0.0784,-9.946908212720986,19.165630098223282,1,69.52515022144416,56.948018760430124,,
rec_20251130_030636.avi,videos__rec_20251130_030636__f015940.jpg,797.0,0.0726,-3.4692309511681594,19.165630098223282,1,74.77647525889233,64.07940135981501,,
rec_20251130_030636.avi,videos__rec_20251130_030636__f015960.jpg,798.0,0.0701,-0.2222903942090549,19.165630098223282,1,73.44274502864096,67.82473882734539,,
rec_20251130_030636.avi,videos__rec_20251130_030636__f015980.jpg,799.0,0.0578,4.882974972301276,19.165630098223282,1,84.29078756366653,74.41115832187384,,
rec_20251130_030636.avi,videos__rec_20251130_030636__f016000.jpg,800.0,0.0566,4.437662224836477,19.165630098223282,1,125.19888308946423,94.72624822891001,,
rec_20251130_030636.avi,videos__rec_20251130_030636__f016020.jpg,801.0,0.0561,-22.292903638431824,19.165630098223282,1,-63.71202328480575,31.350939623423702,,
rec_20251130_030636.avi,videos__rec_20251130_030636__f016040.jpg,802.0,0.0583,-19.942884606748535,19.165630098223282,1,93.39639057098611,56.169120002448665,,
rec_20251130_030636.avi,videos__rec_20251130_030636__f016060.jpg,803.0,0.0589,-26.689146698531175,19.165630098223282,1,13.52909634601599,39.11311053987559,6.364188272182594,109.62579490052792
rec_20251130_030636.avi,videos__rec_20251130_030636__f016080.jpg,804.0,0.0625,-23.198782034778162,19.165630098223282,1,8.535103560795676,26.881907748243624,,
rec_20251130_030636.avi,videos__rec_20251130_030636__f016100.jpg,805.0,0.065,-17.964013890956764,19.165630098223282,1,31.815132971355183,28.855197837488248,,
rec_20251130_030636.avi,videos__rec_20251130_030636__f016120.jpg,806.0,0.0694,9.184908157347575,19.165630098223282,1,65.30231850103536,43.43404610290709,8.387795198004572,125.56233573029039
rec_20251130_030636.avi,videos__rec_20251130_030636__f016140.jpg,807.0,0.0719,-16.5503994523681,19.165630098223282,1,80.30577304915823,58.18273688140755,,
rec_20251130_030636.avi,videos__rec_20251130_030636__f016160.jpg,808.0,0.0727,-17.447897719817373,19.165630098223282,1,84.42182138513402,68.67837068289813,9.67868644522724,154.32480715820304
rec_20251130_030636.avi,videos__rec_20251130_030636__f016180.jpg,809.0,0.0732,-3.0014053643501013,19.165630098223282,1,92.33298528209241,78.14021652257584,,
rec_20251130_030636.avi,videos__rec_20251130_030636__f016200.jpg,810.0,0.0748,1.2398775348985345,19.165630098223282,1,115.4422680994935,93.06103715334291,,
rec_20251130_030636.avi,videos__rec_20251130_030636__f016220.jpg,811.0,0.0752,-5.6535080929118475,19.165630098223282,1,112.44834934697997,100.81596203079773,,
rec_20251130_030636.avi,videos__rec_20251130_030636__f016240.jpg,812.0,0.079,0.89254462894216,19.165630098223282,1,157.05943198630115,123.31335001299911,,
rec_20251130_030636.avi,videos__rec_20251130_030636__f016260.jpg,813.0,0.0806,29.932795261860885,19.165630098223282,1,47.38185039369421,92.94075016527714,,
rec_20251130_030636.avi,videos__rec_20251130_030636__f016280.jpg,814.0,0.0853,18.730634028924424,18.99163167050374,0,172.00418519230595,124.56612417608866,,
rec_20251130_030636.avi,videos__rec_20251130_030636__f016300.jpg,815.0,0.0874,30.963060003067437,18.99163167050374,1,-40.876018847648254,58.389266966593894,,
rec_20251130_030636.avi,videos__rec_20251130_030636__f016380.jpg,819.0,0.0898,2.7135349185400472,18.99163167050374,1,-175.32969271642534,58.389266966593894,,
rec_20251130_030636.avi,videos__rec_20251130_030636__f016400.jpg,820.0,0.0871,0.8579644577114504,18.99163167050374,1,156.71731278281362,97.7204852930818,,
rec_20251130_030636.avi,videos__rec_20251130_030636__f016420.jpg,821.0,0.0843,-2.0229159828830405,18.99163167050374,1,148.05985579851506,117.85623349525511,12.131971071418803,143.3465776253617
rec_20251130_030636.avi,videos__rec_20251130_030636__f016440.jpg,822.0,0.0836,-6.727745033676741,18.99163167050374,1,132.61907681365113,123.76137082261351,,
rec_20251130_030636.avi,videos__rec_20251130_030636__f016460.jpg,823.0,0.0858,8.95808752814809,18.99163167050374,1,107.98557192497668,117.45105126355878,,
rec_20251130_030636.avi,videos__rec_20251130_030636__f016480.jpg,824.0,0.0859,13.76445030833237,16.90075912563519,0,136.3466907495952,125.00930705797336,,
rec_20251130_030636.avi,videos__rec_20251130_030636__f016500.jpg,825.0,0.0861,10.046420935397427,16.90075912563519,0,103.10755470561548,116.2486061170302,,
rec_20251130_030636.avi,videos__rec_20251130_030636__f016520.jpg,826.0,0.0831,-6.389115056653986,16.90075912563519,1,165.52033484022877,135.95729760630962,,
rec_20251130_030636.avi,videos__rec_20251130_030636__f016540.jpg,827.0,0.0776,-29.167572848815052,16.90075912563519,1,100.48363128336484,121.76783107713172,,
rec_20251130_030636.avi,videos__rec_20251130_030636__f016560.jpg,828.0,0.0752,-29.367043078060682,16.90075912563519,1,99.06865914370769,112.6881623037621,,
rec_20251130_030636.avi,videos__rec_20251130_030636__f016720.jpg,836.0,0.0944,-37.30394827798339,16.90075912563519,1,-54.8857142857139,112.6881623037621,,
rec_20251130_030636.avi,videos__rec_20251130_030636__f016740.jpg,837.0,0.0968,1.822122812644944,16.90075912563519,1,98.67371716742315,107.08238424922652,,
rec_20251130_030636.avi,videos__rec_20251130_030636__f016760.jpg,838.0,0.0991,4.798769553936757,16.90075912563519,1,112.93355878665875,109.42285406419941,6.642470981098253,122.77239353730488
rec_20251130_030636.avi,videos__rec_20251130_030636__f016780.jpg,839.0,0.1034,2.41799246717522,16.90075912563519,1,114.39876236663957,111.41321738517547,,
rec_20251130_030636.avi,videos__rec_20251130_030636__f016800.jpg,840.0,0.1079,0.7236775786910197,16.90075912563519,1,109.17494500877763,110.51790843461634,,
rec_20251130_030636.avi,videos__rec_20251130_030636__f016820.jpg,841.0,0.1117,0.02534836253254403,16.90075912563519,1,114.95875466279313,112.29424692588705,,
rec_20251130_030636.avi,videos__rec_20251130_030636__f016840.jpg,842.0,0.1156,2.2747761086409346,16.90075912563519,1,117.97188644414501,114.56530273319024,,
rec_20251130_030636.avi,videos__rec_20251130_030636__f016860.jpg,843.0,0.1239,6.927653542760636,16.90075912563519,1,107.84296200002404,111.87636643992376,,
rec_20251130_030636.avi,videos__rec_20251130_030636__f016880.jpg,844.0,0.1222,26.67569888281289,20.81073502850627,1,105.05528681569427,109.14793459023196,,
rec_20251130_030636.avi,videos__rec_20251130_030636__f016900.jpg,845.0,0.1205,17.718968966346736,19.574028603642457,0,79.44646068464056,97.26734502799539,,
rec_20251130_030636.avi,videos__rec_20251130_030636__f016920.jpg,846.0,0.12,28.09893613242823,19.574028603642457,1,68.21286151256334,85.64555162182256,,
rec_20251130_030636.avi,videos__rec_20251130_030636__f016940.jpg,847.0,0.1207,17.507400888518088,18.74737751759271,0,96.18071685255455,89.85961771411536,,
rec_20251130_030636.avi,videos__rec_20251130_030636__f016960.jpg,848.0,0.1201,-14.379666693208542,18.74737751759271,1,-47.30174621494575,89.85961771411536,19.754672225398117,106.45592740765619
rec_20251130_030636.avi,videos__rec_20251130_030636__f016980.jpg,849.0,0.1191,25.666617156682992,21.515073373228823,0,72.4609414773883,82.90014721942453,,
rec_20251130_030636.avi,videos__rec_20251130_030636__f017000.jpg,850.0,0.1201,27.6395281523162,23.964855284863773,0,85.67832686470848,84.01141907753811,,
rec_20251130_030636.avi,videos__rec_20251130_030636__f017020.jpg,851.0,0.1217,15.757593963256683,20.681950756220935,1,24.663091503952785,60.27208804810398,,
rec_20251130_030636.avi,videos__rec_20251130_030636__f017040.jpg,852.0,0.1367,12.131123389180582,20.681950756220935,1,63.09829101750012,61.40256923586244,,
rec_20251130_030636.avi,videos__rec_20251130_030636__f017060.jpg,853.0,0.1358,-0.48936857119682253,20.681950756220935,1,21.439214915848993,45.417227507857056,,
rec_20251130_030636.avi,videos__rec_20251130_030636__f017080.jpg,854.0,0.1352,0.821379333109475,20.681950756220935,1,11.828810362510524,31.981860649718442,,
rec_20251130_030636.avi,videos__rec_20251130_030636__f017100.jpg,855.0,0.1353,-2.7374784813040387,20.681950756220935,1,30.702492928948175,31.470113561410336,,
rec_20251130_030636.avi,videos__rec_20251130_030636__f017120.jpg,856.0,0.1348,-9.665154747458944,20.681950756220935,1,17.24153526722148,25.778682243734792,,
rec_20251130_030636.avi,videos__rec_20251130_030636__f017140.jpg,857.0,0.1361,1.8416911292272626,20.681950756220935,1,7.942333776029784,18.64414285665279,,
rec_20251130_030636.avi,videos__rec_20251130_030636__f017160.jpg,858.0,0.1359,-3.591972463396404,20.681950756220935,1,5.15070012294774,13.246765763170767,,
rec_20251130_030636.avi,videos__rec_20251130_030636__f017180.jpg,859.0,0.1317,10.000273498515208,20.681950756220935,1,9.399909850854613,11.708023398244304,-0.23736585596503737,8.854579820618085
rec_20251130_030636.avi,videos__rec_20251130_030636__f017200.jpg,860.0,0.1277,11.884004634832394,20.681950756220935,1,-0.8319769004999102,6.692023278746618,,
rec_20251130_030636.avi,videos__rec_20251130_030636__f017220.jpg,861.0,0.1245,11.299741897798894,20.681950756220935,1,-6.115898705853056,1.5688544849067485,,
rec_20251130_030636.avi,videos__rec_20251130_030636__f017240.jpg,862.0,0.1202,-9.202541868817693,20.681950756220935,1,-1.194907845479861,0.4633495527521046,,
rec_20251130_030636.avi,videos__rec_20251130_030636__f017260.jpg,863.0,0.1176,31.60221097719893,20.681950756220935,1,13.082799459025296,5.5111295152613815,,
rec_20251130_030636.avi,videos__rec_20251130_030636__f017280.jpg,864.0,0.109,4.03246409907349,20.681950756220935,1,1.7764476683280463,4.017256776488048,,
rec_20251130_030636.avi,videos__rec_20251130_030636__f017300.jpg,865.0,0.107,16.110326858030138,18.853301196944617,0,6.85545846830064,5.1525374532130845,,
rec_20251130_030636.avi,videos__rec_20251130_030636__f017320.jpg,866.0,0.107,2.5256981034043715,18.853301196944617,1,3.403793562482292,4.453039896920767,,
rec_20251130_030636.avi,videos__rec_20251130_030636__f017340.jpg,867.0,0.1101,-27.067754618856785,18.853301196944617,1,-23.878279302363808,-6.879487782793063,,
rec_20251130_030636.avi,videos__rec_20251130_030636__f017360.jpg,868.0,0.1045,-24.693017797177763,18.853301196944617,1,-35.49161994091514,-18.324340646041897,,
rec_20251130_030636.avi,videos__rec_20251130_030636__f017380.jpg,869.0,0.104,-22.476566464248418,18.853301196944617,1,-26.635756623612338,-21.648907037070074,10.998433999351697,33.62634513703762
rec_20251130_030636.avi,videos__rec_20251130_030636__f017400.jpg,870.0,0.1098,-13.996106805926484,18.853301196944617,1,-83.35567447807733,-46.33161401347298,,
rec_20251130_030636.avi,videos__rec_20251130_030636__f017420.jpg,871.0,0.1117,-6.004935213159972,18.853301196944617,1,-60.67501313664286,-52.06897366274093,,
rec_20251130_030636.avi,videos__rec_20251130_030636__f017440.jpg,872.0,0.1101,-7.336064785524734,18.853301196944617,1,-42.54370687318993,-48.258866946920534,,
rec_20251130_030636.avi,videos__rec_20251130_030636__f017460.jpg,873.0,0.1153,-3.914446985768615,18.853301196944617,1,-25.014399422884708,-38.9610799373062,,
rec_20251130_030636.avi,videos__rec_20251130_030636__f017480.jpg,874.0,0.1144,-1.1082970638171652,18.853301196944617,1,8.066892383176196,-20.149891009113244,,
rec_20251130_030636.avi,videos__rec_20251130_030636__f017500.jpg,875.0,0.1171,0.282899551349126,18.853301196944617,1,-2.8581408739054837,-13.233190955030139,,
rec_20251130_030636.avi,videos__rec_20251130_030636__f017520.jpg,876.0,0.125,5.896452607961725,18.853301196944617,1,9.997658124397617,-3.940851323259036,,
rec_20251130_030636.avi,videos__rec_20251130_030636__f017540.jpg,877.0,0.1176,15.804901925205312,17.633941488248894,0,6.606875853370582,0.2782395473928112,,
rec_20251130_030636.avi,videos__rec_20251130_030636__f017560.jpg,878.0,0.1124,14.803593004954935,16.50180209493131,0,8.24142033174769,3.463511861134763,,
rec_20251130_030636.avi,videos__rec_20251130_030636__f017580.jpg,879.0,0.1065,14.161353409944438,15.565622620936562,0,-10.148928668711903,-1.9814643508039036,5.300542715269664,-4.721851313746242
rec_20251130_030636.avi,videos__rec_20251130_030636__f017600.jpg,880.0,0.1006,11.154982674316614,13.801366642288583,0,-38.86808720604756,-16.736113492901367,,
rec_20251130_030636.avi,videos__rec_20251130_030636__f017620.jpg,881.0,0.0973,-8.285995006436394,13.801366642288583,1,-37.692030850281526,-25.118480435853428,,
rec_20251130_030636.avi,videos__rec_20251130_030636__f017640.jpg,882.0,0.0998,-5.785106110024121,13.801366642288583,1,-23.74519632946368,-24.569166793297526,,
rec_20251130_030636.avi,videos__rec_20251130_030636__f017660.jpg,883.0,0.1002,-4.186291010871765,13.801366642288583,1,-14.050559630413431,-20.36172392814389,,
rec_20251130_030636.avi,videos__rec_20251130_030636__f017680.jpg,884.0,0.0991,-2.853241386485557,13.801366642288583,1,-9.214060230157315,-15.902658448949259,,
rec_20251130_030636.avi,videos__rec_20251130_030636__f017700.jpg,885.0,0.0987,9.783804421814002,12.194341754098751,0,-34.189251933138166,-23.21729584262482,,
rec_20251130_030636.avi,videos__rec_20251130_030636__f017720.jpg,886.0,0.0889,9.485822149303214,11.110933912180537,0,-0.20395843130216917,-14.01196087809576,,
rec_20251130_030636.avi,videos__rec_20251130_030636__f017740.jpg,887.0,0.0822,8.762683017699151,10.171633554387983,0,-18.160855956803687,-15.67151890957893,,
rec_20251130_030636.avi,videos__rec_20251130_030636__f017760.jpg,888.0,0.0841,9.349683021934743,9.842853341406688,0,-23.092415389020232,-18.63987750135545,,
rec_20251130_030636.avi,videos__rec_20251130_030636__f017780.jpg,889.0,0.0852,9.264249264683583,9.611411710717446,0,-30.266489465008362,-23.290522286816618,7.160699083126108,-9.149854983702028
rec_20251130_124123.avi,videos__rec_20251130_124123__f000000.jpg,0.0,0.0568,21.903273374682747,21.903273374682747,0,68.12321087565999,68.12321087565999,5.680890817965975,16.55845561839004
rec_20251130_124123.avi,videos__rec_20251130_124123__f000020.jpg,1.0,0.0571,-13.821741819864867,7.6132672968637,1,-24.614829579768582,31.02799469348856,,
rec_20251130_124123.avi,videos__rec_20251130_124123__f000040.jpg,2.0,0.0581,-18.40211074398786,-2.7928839194769237,1,-32.69642793565134,5.538225641832597,,
rec_20251130_124123.avi,videos__rec_20251130_124123__f000060.jpg,3.0,0.058,5.7369325247651,-2.7928839194769237,1,7.9322870112209785,6.49585018958795,,
rec_20251130_124123.avi,videos__rec_20251130_124123__f000080.jpg,4.0,0.0589,-19.672521593334743,-9.544738989020052,1,-36.495354842766574,-10.700631823353861,,
rec_20251130_124123.avi,videos__rec_20251130_124123__f000100.jpg,5.0,0.0597,-11.303966683993739,-10.248430067009528,0,-17.429810021445633,-13.39230310259057,2.8985767992817157,8.188519826022457
rec_20251130_124123.avi,videos__rec_20251130_124123__f000120.jpg,6.0,0.0584,-19.485762515891878,-13.943363046562467,1,-37.13285338190002,-22.88852321431435,,
rec_20251130_124123.avi,videos__rec_20251130_124123__f000140.jpg,7.0,0.059,-19.15795426848264,-16.029199535330537,0,-37.80175636577326,-28.85381647489791,,
rec_20251130_124123.avi,videos__rec_20251130_124123__f000160.jpg,8.0,0.0561,-9.339458728661032,-16.029199535330537,0,-18.11655698540642,-24.558912679101315,,
rec_20251130_124123.avi,videos__rec_20251130_124123__f000180.jpg,9.0,0.0536,-17.2565003092567,-16.520119844901004,0,-27.454284549651447,-25.71706142732137,,
rec_20251130_124123.avi,videos__rec_20251130_124123__f000200.jpg,10.0,0.0544,-19.804619601314517,-17.83391974746641,0,-38.5226413518202,-30.8392933971209,,
rec_20251130_124123.avi,videos__rec_20251130_124123__f000220.jpg,11.0,0.0519,-7.398885637099305,-17.83391974746641,1,-17.393962773849694,-25.46116114781242,2.8002791680379366,6.194359214845463
rec_20251130_124123.avi,videos__rec_20251130_124123__f000240.jpg,12.0,0.0532,6.6401866528780795,-17.83391974746641,1,2.918138762225226,-14.109441183797362,,
rec_20251130_124123.avi,videos__rec_20251130_124123__f000260.jpg,13.0,0.0418,-16.678718383111338,-17.37183920172438,0,-32.6643289677487,-21.531396297377896,,
rec_20251130_124123.avi,videos__rec_20251130_124123__f000280.jpg,14.0,0.0548,-17.946755452336895,-17.601805701969386,0,-35.044548224180005,-26.93665706809874,,
rec_20251130_124123.avi,videos__rec_20251130_124123__f000300.jpg,15.0,0.0565,20.648781274736876,-17.601805701969386,1,64.80308205331261,9.759238580465802,,
rec_20251130_124123.avi,videos__rec_20251130_124123__f000320.jpg,16.0,0.0559,-13.026890900310852,-15.771839781305973,0,-49.91322077644105,-14.109745162296942,,
rec_20251130_124123.avi,videos__rec_20251130_124123__f000340.jpg,17.0,0.058,25.1176481891121,-15.771839781305973,1,72.69108673981862,20.61058759854928,,
rec_20251130_124123.avi,videos__rec_20251130_124123__f000360.jpg,18.0,0.0594,-17.238929526559296,-16.358675679407302,0,-34.26938109906661,-1.3413998804970753,,
rec_20251130_124123.avi,videos__rec_20251130_124123__f000380.jpg,19.0,0.062,-19.208410416904808,-17.498569574406304,0,-27.514365373170847,-11.810586077566585,,
rec_20251130_124123.avi,videos__rec_20251130_124123__f000400.jpg,20.0,0.062,18.839189188704086,-17.498569574406304,1,24.55662544335172,2.736298530800738,,
rec_20251130_124123.avi,videos__rec_20251130_124123__f000420.jpg,21.0,0.0622,-18.601112465887667,-17.939586730998847,0,-35.02041970844783,-12.36638876489869,,
rec_20251130_124123.avi,videos__rec_20251130_124123__f000440.jpg,22.0,0.061,-9.134593373473997,-17.939586730998847,1,-17.98134957126433,-14.612373087444947,,
rec_20251130_124123.avi,videos__rec_20251130_124123__f000460.jpg,23.0,0.0589,-17.483445164048856,-17.757130104218852,0,-67.72478777304644,-35.85733896168555,,
rec_20251130_124123.avi,videos__rec_20251130_124123__f000480.jpg,24.0,0.0596,-20.578300462876378,-18.885598247681862,0,-68.79793732405219,-49.03357830663221,,
rec_20251130_124123.avi,videos__rec_20251130_124123__f000500.jpg,25.0,0.0597,20.431649708916915,-18.885598247681862,1,81.44367261000525,3.1573220600227785,,
rec_20251130_124123.avi,videos__rec_20251130_124123__f000520.jpg,26.0,0.0575,-15.128165328955868,-17.382625080191463,0,-71.70092453304747,-26.78597657720532,,
rec_20251130_124123.avi,videos__rec_20251130_124123__f000540.jpg,27.0,0.0579,29.041835911707974,-17.382625080191463,1,76.3430053632245,14.465616198966611,,
rec_20251130_124123.avi,videos__rec_20251130_124123__f000560.jpg,28.0,0.0546,2.777122134252504,-17.382625080191463,1,-32.63341739065601,-4.3739972368824365,1.98121126875404,-39.88165673597649
rec_20251130_124123.avi,videos__rec_20251130_124123__f000580.jpg,29.0,0.0522,8.697482828538657,-17.382625080191463,1,-14.042688548930869,-8.24147376170181,,
rec_20251130_124123.avi,videos__rec_20251130_124123__f000600.jpg,30.0,0.0579,4.698786018224254,-17.382625080191463,1,-8.99481764676392,-8.542811315726654,,
rec_20251130_124123.avi,videos__rec_20251130_124123__f000620.jpg,31.0,0.0575,17.55348883769445,-17.382625080191463,1,-93.91369686736363,-42.69116553638145,,
rec_20251130_124123.avi,videos__rec_20251130_124123__f000780.jpg,39.0,0.0467,6.5495210766224226,-17.382625080191463,1,64.77067762721373,0.2935717290566231,,
rec_20251130_124123.avi,videos__rec_20251130_124123__f000800.jpg,40.0,0.042,0.4355021627713349,-17.382625080191463,1,-10.051956545270286,-3.8446395806741407,,
rec_20251130_124123.avi,videos__rec_20251130_124123__f000820.jpg,41.0,0.0455,-5.749490239235686,-17.382625080191463,1,-12.270781462013758,-7.215096333209988,,
rec_20251130_124123.avi,videos__rec_20251130_124123__f000840.jpg,42.0,0.047,-1.976287242475583,-17.382625080191463,1,-2.1903182524718545,-5.2051851009147345,,
rec_20251130_124123.avi,videos__rec_20251130_124123__f000860.jpg,43.0,0.0469,-2.513348389109564,-17.382625080191463,1,-2.2159926353018022,-4.009508114669561,,
rec_20251130_124123.avi,videos__rec_20251130_124123__f000880.jpg,44.0,0.0381,-1.9594368626683087,-17.382625080191463,1,-1.5158247993691134,-3.012034788549382,,
rec_20251130_124123.avi,videos__rec_20251130_124123__f000900.jpg,45.0,0.0286,-2.93568274623508,-17.382625080191463,1,-1.8474960800332951,-2.546219305142947,-2.9171956565594748,17.443563665353224
rec_20251130_124123.avi,videos__rec_20251130_124123__f000920.jpg,46.0,0.0465,-1.3585304282122412,-17.382625080191463,1,-1.8545651697622816,-2.2695576509906807,,
rec_20251130_124123.avi,videos__rec_20251130_124123__f000940.jpg,47.0,0.0452,-2.660203531136674,-17.382625080191463,1,-1.5978772784270063,-2.000885501965211,,
rec_20251130_124123.avi,videos__rec_20251130_124123__f000960.jpg,48.0,0.0454,-7.544131340261015,-17.382625080191463,1,-6.260119385802568,-3.7045790555001537,,
rec_20251130_124123.avi,videos__rec_20251130_124123__f000980.jpg,49.0,0.0463,-3.0942210947120743,-17.382625080191463,1,-2.808572071717606,-3.346176261987135,,
rec_20251130_124123.avi,videos__rec_20251130_124123__f001000.jpg,50.0,0.0474,-6.40621686317687,-17.382625080191463,1,5.769644221400199,0.30015193136779894,,
rec_20251130_124123.avi,videos__rec_20251130_124123__f001020.jpg,51.0,0.0494,7.224087214551758,-17.382625080191463,1,23.419076406923523,9.54772172159009,,
rec_20251130_124123.avi,videos__rec_20251130_124123__f001040.jpg,52.0,0.047,-12.763710364084718,-15.535059193748765,0,8.019539288976375,8.936448748544604,,
rec_20251130_124123.avi,videos__rec_20251130_124123__f001060.jpg,53.0,0.0488,9.080315968172213,-15.535059193748765,1,25.030067730498956,15.373896341326345,,
rec_20251130_124123.avi,videos__rec_20251130_124123__f001080.jpg,54.0,0.0497,3.473417508907048,-15.535059193748765,1,47.50351248939086,28.225742800552148,,
rec_20251130_124123.avi,videos__rec_20251130_124123__f001100.jpg,55.0,0.0515,-13.64056694481716,-14.777262294176122,0,1.2672661079825502,17.44235212352431,0.39788096183453964,44.68454031843845
rec_20251130_124123.avi,videos__rec_20251130_124123__f001120.jpg,56.0,0.0515,-11.515488144203768,-13.472552634187181,0,4.386258518218881,12.219914681402138,,
rec_20251130_124123.avi,videos__rec_20251130_124123__f001140.jpg,57.0,0.0493,-12.140874911084357,-12.939881544946052,0,7.102731825624687,10.173041539091157,,
rec_20251130_124123.avi,videos__rec_20251130_124123__f001160.jpg,58.0,0.0473,-14.817543117275504,-13.690946173877833,0,-21.511665254557045,-2.500841178368124,,
rec_20251130_124123.avi,videos__rec_20251130_124123__f001180.jpg,59.0,0.0457,-2.457336457204578,-13.690946173877833,1,-6.344841991094029,-4.038441503458486,,
rec_20251130_124123.avi,videos__rec_20251130_124123__f001200.jpg,60.0,0.0484,-1.2950157737186812,-13.690946173877833,1,9.670681333495963,1.445207631323294,,
rec_20251130_124123.avi,videos__rec_20251130_124123__f001220.jpg,61.0,0.0492,-6.8370902470919965,-13.690946173877833,0,8.5355400802477,4.281340610893056,,
rec_20251130_124123.avi,videos__rec_20251130_124123__f001240.jpg,62.0,0.0506,5.293471765710826,-13.690946173877833,1,48.36575075270787,21.91510466761898,,
rec_20251130_124123.avi,videos__rec_20251130_124123__f001260.jpg,63.0,0.0512,-2.2771151440930772,-13.690946173877833,1,32.431416389646245,26.121629356429885,,
rec_20251130_124123.avi,videos__rec_20251130_124123__f001280.jpg,64.0,0.0486,-2.990930548942866,-13.690946173877833,1,19.54043267896043,23.4891506854421,,
rec_20251130_124123.avi,videos__rec_20251130_124123__f001300.jpg,65.0,0.0481,2.9984603260053753,-13.690946173877833,1,29.3428652986845,25.830636530739064,3.79306428168863,66.29136878665855
rec_20251130_124123.avi,videos__rec_20251130_124123__f001320.jpg,66.0,0.051,1.2717157454284735,-13.690946173877833,1,34.20534853634183,29.18052133298017,,
rec_20251130_124123.avi,videos__rec_20251130_124123__f001340.jpg,67.0,0.0476,2.912426184469179,-13.690946173877833,1,27.077040170104056,28.33912886782972,,
rec_20251130_124123.avi,videos__rec_20251130_124123__f001360.jpg,68.0,0.0509,2.6804459256446274,-13.690946173877833,1,33.86439880863941,30.549236844153597,,
rec_20251130_124123.avi,videos__rec_20251130_124123__f001380.jpg,69.0,0.0502,-0.27858599643774185,-13.690946173877833,1,61.44549114677534,42.907738565202294,,
rec_20251130_124123.avi,videos__rec_20251130_124123__f001400.jpg,70.0,0.0517,2.7086610497916896,-13.690946173877833,1,47.45863119627347,44.728095617630764,,
rec_20251130_124123.avi,videos__rec_20251130_124123__f001420.jpg,71.0,0.0505,0.2868590733627681,-13.690946173877833,1,29.451762007258935,38.61756217348203,,
rec_20251130_124123.avi,videos__rec_20251130_124123__f001440.jpg,72.0,0.0526,-3.809047666123377,-13.690946173877833,1,51.52643672884187,43.78111199562596,,
rec_20251130_124123.avi,videos__rec_20251130_124123__f001460.jpg,73.0,0.0503,-5.244339834711853,-13.690946173877833,1,28.202189814495966,37.54954312317396,,
rec_20251130_124123.avi,videos__rec_20251130_124123__f001480.jpg,74.0,0.0485,-3.3175933289026567,-13.690946173877833,1,16.64763194341549,29.18877865127057,,
rec_20251130_124123.avi,videos__rec_20251130_124123__f001500.jpg,75.0,0.0483,-1.1710881277205083,-13.690946173877833,1,14.203053472861143,23.1944885799068,7.471559176592397,18.90189699158873
rec_20251130_124123.avi,videos__rec_20251130_124123__f001520.jpg,76.0,0.0472,-9.402750172948112,-11.975667773505943,0,-5.61688958347429,11.669937314554362,,
rec_20251130_124123.avi,videos__rec_20251130_124123__f001540.jpg,77.0,0.0445,-7.220806384846985,-10.07372321804236,0,-6.427446161609282,4.430983924088904,,
rec_20251130_124123.avi,videos__rec_20251130_124123__f001560.jpg,78.0,0.0441,1.7864525581460042,-10.07372321804236,1,-0.17728604842886853,2.587675935081795,,
rec_20251130_124123.avi,videos__rec_20251130_124123__f001580.jpg,79.0,0.0448,-3.130809395162677,-10.07372321804236,0,-1.6410629205309988,0.8961803928366774,,
rec_20251130_124123.avi,videos__rec_20251130_124123__f001600.jpg,80.0,0.0448,3.3278097960001123,-10.07372321804236,1,2.686867579939758,1.6124552676779096,,
rec_20251130_124123.avi,videos__rec_20251130_124123__f001620.jpg,81.0,0.047,7.547607969307412,-10.07372321804236,1,4.46106463349156,2.75189901400337,,
rec_20251130_124123.avi,videos__rec_20251130_124123__f001640.jpg,82.0,0.0463,1.4574742982379967,-10.07372321804236,1,18.088362649876444,8.8864844683526,,
rec_20251130_124123.avi,videos__rec_20251130_124123__f001660.jpg,83.0,0.0481,22.066013094119334,-10.07372321804236,1,26.693679593963566,16.009362518596987,,
rec_20251130_124123.avi,videos__rec_20251130_124123__f001680.jpg,84.0,0.0517,7.8726333288356205,-10.07372321804236,1,-9.691735246718508,5.728923412470788,,
rec_20251130_124123.avi,videos__rec_20251130_124123__f001700.jpg,85.0,0.0517,11.704373959737234,-10.07372321804236,1,21.54550693184791,12.055556820221637,2.362373649658472,61.60648318912757
rec_20251130_124123.avi,videos__rec_20251130_124123__f001720.jpg,86.0,0.0537,5.547222772048429,-10.07372321804236,1,17.97853586946627,14.42474843991949,,
rec_20251130_124123.avi,videos__rec_20251130_124123__f001740.jpg,87.0,0.053,-5.832579188499484,-10.07372321804236,0,20.196099253714635,16.73328876543755,,
rec_20251130_124123.avi,videos__rec_20251130_124123__f001760.jpg,88.0,0.0532,-8.86016995993269,-9.588301914798492,0,14.153608424437607,15.701416629037572,,
rec_20251130_124123.avi,videos__rec_20251130_124123__f001780.jpg,89.0,0.0519,14.340021627701564,-9.588301914798492,1,29.08897124006677,21.05643847344925,,
rec_20251130_124123.avi,videos__rec_20251130_124123__f001800.jpg,90.0,0.0515,0.5516052380490526,-9.588301914798492,1,56.77217711297976,35.342733929261456,,
rec_20251130_124123.avi,videos__rec_20251130_124123__f001820.jpg,91.0,0.0509,4.3173395005481545,-9.588301914798492,1,54.026507671151535,42.81624342601749,,
rec_20251130_124123.avi,videos__rec_20251130_124123__f001840.jpg,92.0,0.0486,1.703583125063052,-9.588301914798492,1,57.917669591403694,48.85681389217197,,
rec_20251130_124123.avi,videos__rec_20251130_124123__f001860.jpg,93.0,0.0495,2.989180645381798,-9.588301914798492,1,58.586050397324925,52.74850849423315,,
rec_20251130_124123.avi,videos__rec_20251130_124123__f001880.jpg,94.0,0.0497,1.6316794792955318,-9.588301914798492,1,55.87935761351656,54.00084814194651,,
rec_20251130_124123.avi,videos__rec_20251130_124123__f001900.jpg,95.0,0.051,2.5350463930809175,-9.588301914798492,1,56.21274492780458,54.88560685628974,6.377180623607404,97.2842345690205
rec_20251130_124123.avi,videos__rec_20251130_124123__f001920.jpg,96.0,0.0497,1.7784264450172014,-9.588301914798492,1,52.57839799382879,53.96272331130536,,
rec_20251130_124123.avi,videos__rec_20251130_124123__f001940.jpg,97.0,0.0489,2.3736002874415187,-9.588301914798492,1,54.811357983011646,54.30217717998788,,
rec_20251130_124123.avi,videos__rec_20251130_124123__f001960.jpg,98.0,0.0491,2.336095580787499,-9.588301914798492,1,53.8620447517136,54.12612420867816,,
rec_20251130_124123.avi,videos__rec_20251130_124123__f001980.jpg,99.0,0.0475,-0.864179225909188,-9.588301914798492,1,59.20832199242108,56.15900332217533,,
rec_20251130_124123.avi,videos__rec_20251130_124123__f002000.jpg,100.0,0.0475,1.7799103068765452,-9.588301914798492,1,55.14026699975136,55.751508793205744,,
rec_20251130_124123.avi,videos__rec_20251130_124123__f002020.jpg,101.0,0.051,-0.7989780572049817,-9.588301914798492,1,39.55930984795691,49.27462921510621,,
rec_20251130_124123.avi,videos__rec_20251130_124123__f002040.jpg,102.0,0.0514,-5.8873493570879045,-8.107920891714256,0,25.28704259652244,39.6795945676727,,
rec_20251130_124123.avi,videos__rec_20251130_124123__f002060.jpg,103.0,0.0514,-7.4355585886691395,-7.838975970496209,0,22.89971580468682,32.967643062478345,,
rec_20251130_124123.avi,videos__rec_20251130_124123__f002080.jpg,104.0,0.0506,-7.37862660833424,-7.6548362256314215,0,23.13321224738627,29.033870736441514,,
rec_20251130_124123.avi,videos__rec_20251130_124123__f002100.jpg,105.0,0.0506,-5.453495360779862,-6.774299879690798,0,25.315466697559827,27.54650912088884,8.04474791725673,56.90049149818583
rec_20251130_124123.avi,videos__rec_20251130_124123__f002120.jpg,106.0,0.0481,-1.3594143132752592,-6.774299879690798,0,26.232639853231547,27.020961413825923,,
rec_20251130_124123.avi,videos__rec_20251130_124123__f002140.jpg,107.0,0.0456,-5.3356743985226744,-6.198849687223548,0,37.32939009728568,31.144332887209824,,
rec_20251130_124123.avi,videos__rec_20251130_124123__f002160.jpg,108.0,0.0352,-13.373413988923042,-9.068675407903346,0,21.131743739992032,27.13929722832271,,
rec_20251130_124123.avi,videos__rec_20251130_124123__f002180.jpg,109.0,0.0441,-15.504017529970374,-11.642812256730156,0,14.019642575300509,21.89143536711383,,
rec_20251130_124123.avi,videos__rec_20251130_124123__f002200.jpg,110.0,0.0398,-8.129128194446388,-10.237338631816648,0,-11.005704633957919,8.73257936668513,,
rec_20251130_124123.avi,videos__rec_20251130_124123__f002220.jpg,111.0,0.0465,-9.964663252864089,-10.128268480235624,0,-2.494095609509884,4.241909376207124,,
rec_20251130_124123.avi,videos__rec_20251130_124123__f002240.jpg,112.0,0.0483,2.6460594371200763,-10.128268480235624,1,-9.696460373174148,-1.333438523545385,,
rec_20251130_124123.avi,videos__rec_20251130_124123__f002260.jpg,113.0,0.0485,7.436551263465316,-10.128268480235624,1,4.634325747532671,1.0536671848858374,,
rec_20251130_124123.avi,videos__rec_20251130_124123__f002280.jpg,114.0,0.0504,13.613014295306431,-10.128268480235624,1,16.555419311843195,7.254368035668781,,
rec_20251130_124123.avi,videos__rec_20251130_124123__f002300.jpg,115.0,0.0488,13.08343326140391,-10.128268480235624,1,24.61502035591144,14.198628963765845,6.829244303198059,34.43462535637491
rec_20251130_124123.avi,videos__rec_20251130_124123__f002320.jpg,116.0,0.0466,13.17270039147307,-10.128268480235624,1,20.889920561649944,16.875145602919485,,
rec_20251130_124123.avi,videos__rec_20251130_124123__f002340.jpg,117.0,0.0481,10.405674018978779,-10.128268480235624,1,49.743623415266086,30.022536727858125,,
rec_20251130_124123.avi,videos__rec_20251130_124123__f002360.jpg,118.0,0.0471,6.4419944712765815,-10.128268480235624,1,1.5431561791866102,18.630784508389517,,
rec_20251130_124123.avi,videos__rec_20251130_124123__f002380.jpg,119.0,0.044,9.854532873257943,-10.128268480235624,1,12.210534004721922,16.062684306922478,,
rec_20251130_124123.avi,videos__rec_20251130_124123__f002400.jpg,120.0,0.0439,0.2724075929878816,-10.128268480235624,1,20.658279142741662,17.90092224125015,,
rec_20251130_124123.avi,videos__rec_20251130_124123__f002420.jpg,121.0,0.0418,5.6255314840092385,-10.128268480235624,1,13.13266093880003,15.993617720270102,,
rec_20251130_124123.avi,videos__rec_20251130_124123__f002440.jpg,122.0,0.0392,6.5329172831813525,-10.128268480235624,1,23.871910033221184,19.144934645450533,,
rec_20251130_124123.avi,videos__rec_20251130_124123__f002460.jpg,123.0,0.0398,12.929217657029652,-10.128268480235624,1,92.37345641721743,48.436343354157295,,
rec_20251130_124123.avi,videos__rec_20251130_124123__f002480.jpg,124.0,0.0439,51.785289902859,-10.128268480235624,1,148.32785417171635,48.436343354157295,,
rec_20251130_124123.avi,videos__rec_20251130_124123__f002500.jpg,125.0,0.0441,2.532873327215205,-10.128268480235624,1,-15.916031684733866,22.69539333860083,2.03907022544981,-12.556467639468906
rec_20251130_124123.avi,videos__rec_20251130_124123__f002520.jpg,126.0,0.0472,2.7701614274548554,-10.128268480235624,1,-7.927401844928227,10.446275265189207,,
rec_20251130_124123.avi,videos__rec_20251130_124123__f002540.jpg,127.0,0.0455,-1.2992901295400032,-6.596677139957375,1,-3.4642441504290673,4.882067498941897,,
rec_20251130_124123.avi,videos__rec_20251130_124123__f002560.jpg,128.0,0.0475,-4.880332012939476,-5.910139089150215,0,5.568722398834836,5.156729458899073,,
rec_20251130_124123.avi,videos__rec_20251130_124123__f002580.jpg,129.0,0.0446,-2.943229353041426,-4.7233751947066995,0,12.834728809339197,8.227929199075122,,
rec_20251130_124123.avi,videos__rec_20251130_124123__f002600.jpg,130.0,0.0451,1.908944763668066,-4.7233751947066995,0,14.490037123558182,10.732772368868346,,
rec_20251130_124123.avi,videos__rec_20251130_124123__f002620.jpg,131.0,0.0402,7.606593452494359,-4.7233751947066995,1,1.722275814528416,7.128573747132374,,
rec_20251130_124123.avi,videos__rec_20251130_124123__f002640.jpg,132.0,0.0399,13.25315895901675,-4.7233751947066995,1,10.9641905426015,8.662820465320024,,
rec_20251130_124123.avi,videos__rec_20251130_124123__f002660.jpg,133.0,0.0363,-2.9688499386083054,-4.021565092267342,0,-82.07030247444624,-27.630428710586482,,
rec_20251130_124123.avi,videos__rec_20251130_124123__f002680.jpg,134.0,0.0391,-1.7149120000462381,-3.0989038553789006,0,-1.5793178443223042,-17.20998436408081,,
rec_20251130_124123.avi,videos__rec_20251130_124123__f002700.jpg,135.0,0.0427,-3.7944437125298776,-3.3771197982392915,0,-3.590724550035304,-11.762280438462607,2.887783072753882,5.5372485376707345
rec_20251130_124123.avi,videos__rec_20251130_124123__f002720.jpg,136.0,0.0448,17.15088050539124,-3.3771197982392915,1,-1.420618028333081,-7.625615474410797,,
rec_20251130_124123.avi,videos__rec_20251130_124123__f002740.jpg,137.0,0.0524,-0.30665396003824735,-2.148933462958874,0,56.21059941785512,17.908870482495573,,
rec_20251130_124123.avi,videos__rec_20251130_124123__f002760.jpg,138.0,0.0549,5.723829784728377,-2.148933462958874,0,-4.659831955173445,8.881389507427965,,
rec_20251130_124123.avi,videos__rec_20251130_124123__f002780.jpg,139.0,0.0552,2.112956005329201,-0.44417767564364374,0,55.441247056297925,27.50533252697595,,
rec_20251130_124123.avi,videos__rec_20251130_124123__f002800.jpg,140.0,0.0518,-7.5116617480742445,-3.2711713046158843,0,14.763891691042943,22.408756192602745,,
rec_20251130_124123.avi,videos__rec_20251130_124123__f002820.jpg,141.0,0.0488,5.1826073545805915,-3.2711713046158843,1,29.40031440452526,25.20537947737175,,
rec_20251130_124123.avi,videos__rec_20251130_124123__f002840.jpg,142.0,0.0504,22.248584368572665,-3.2711713046158843,1,1.237242007885925,15.61812448957742,,
rec_20251130_124123.avi,videos__rec_20251130_124123__f002860.jpg,143.0,0.0469,-0.7086606138395526,-2.2461670283053516,0,-20.492850032561705,1.1737346807217683,,
rec_20251130_124123.avi,videos__rec_20251130_124123__f002880.jpg,144.0,0.0366,21.127620225027044,-2.2461670283053516,1,4.2469259147885055,2.4030111743484635,,
rec_20251130_124123.avi,videos__rec_20251130_124123__f002900.jpg,145.0,0.0352,22.523297061806783,-2.2461670283053516,1,15.858928092612075,7.785377941653909,5.165241044995741,-1.5365281658876029
rec_20251130_124123.avi,videos__rec_20251130_124123__f002920.jpg,146.0,0.0364,20.2238101821743,-2.2461670283053516,1,8.961287669030412,8.25574183260451,,
rec_20251130_124123.avi,videos__rec_20251130_124123__f002940.jpg,147.0,0.0379,18.304372985936283,-2.2461670283053516,1,2.499307464123831,5.953168085212239,,
rec_20251130_124123.avi,videos__rec_20251130_124123__f002960.jpg,148.0,0.0378,15.979308713466299,-2.2461670283053516,1,4.273818393618001,5.281428208574543,,
rec_20251130_124123.avi,videos__rec_20251130_124123__f002980.jpg,149.0,0.041,24.256979848646395,-2.2461670283053516,1,15.478613268004267,9.360302232346434,,
rec_20251130_124123.avi,videos__rec_20251130_124123__f003000.jpg,150.0,0.0409,21.401430511690986,-2.2461670283053516,1,20.548316953234178,13.835508120701533,,
rec_20251130_124123.avi,videos__rec_20251130_124123__f003020.jpg,151.0,0.0369,-0.33853605277077886,-1.4831146380915223,0,-20.377808809778344,0.15018134850958198,,
rec_20251130_124123.avi,videos__rec_20251130_124123__f003040.jpg,152.0,0.034,-10.789406800892216,-5.2056315032118,1,-14.16705091637698,-5.5767115574450425,,
rec_20251130_124123.avi,videos__rec_20251130_124123__f003060.jpg,153.0,0.0355,18.072159991106624,-5.2056315032118,1,10.006487430348784,0.6565680376724887,,
rec_20251130_124123.avi,videos__rec_20251130_124123__f003080.jpg,154.0,0.0484,-0.5950736756968303,-3.361408372205812,0,13.044526195624599,5.611751300853333,,
rec_20251130_124123.avi,videos__rec_20251130_124123__f003100.jpg,155.0,0.0519,-2.604193041104358,-3.0585222397652307,0,-3.0412771748805767,2.150539910559769,-2.5878785074053403,-25.082196860881197
rec_20251130_124123.avi,videos__rec_20251130_124123__f003120.jpg,156.0,0.0526,-10.935766332162144,-3.0585222397652307,0,-14.965885834900348,-4.696030387624279,,
rec_20251130_124123.avi,videos__rec_20251130_124123__f003140.jpg,157.0,0.0522,-9.888197837354369,-5.790392478800886,0,-31.982519802535933,-15.61062615358894,,
rec_20251130_124123.avi,videos__rec_20251130_124123__f003160.jpg,158.0,0.0523,-0.45642046475198345,-3.6568036731813245,0,-29.95296252230031,-21.34756070107349,,
rec_20251130_124123.avi,videos__rec_20251130_124123__f003180.jpg,159.0,0.0537,9.51698895828556,-3.6568036731813245,1,5.292174048400625,-10.691666801283844,,
rec_20251130_124123.avi,videos__rec_20251130_124123__f003200.jpg,160.0,0.0488,-3.792365243536311,-3.711028301323319,0,-25.701063796718586,-16.695425599457742,,
rec_20251130_124123.avi,videos__rec_20251130_124123__f003220.jpg,161.0,0.0489,-2.261627217378689,-3.131267867745467,0,-1.823148233788345,-10.746514653189982,,
rec_20251130_124123.avi,videos__rec_20251130_124123__f003240.jpg,162.0,0.0494,-3.087312720481054,-3.113685808839702,0,-7.427072704363297,-9.418737873659307,,
rec_20251130_124123.avi,videos__rec_20251130_124123__f003260.jpg,163.0,0.0488,-5.891704141570965,-4.224893141932207,0,-13.300267901965867,-10.971349884981931,,
rec_20251130_124123.avi,videos__rec_20251130_124123__f003280.jpg,164.0,0.051,16.592297686084912,-4.224893141932207,1,11.106793448257804,-2.1400925516860374,,
rec_20251130_124123.avi,videos__rec_20251130_124123__f003300.jpg,165.0,0.0526,14.10364884123064,-4.224893141932207,1,6.960273117224915,1.5000537158783438,0.26415399500472,-21.8778400176098
rec_20251130_124123.avi,videos__rec_20251130_124123__f003320.jpg,166.0,0.0495,12.78057016268261,-4.224893141932207,1,-0.1617767836821713,0.8353215160541377,,
rec_20251130_124123.avi,videos__rec_20251130_124123__f003340.jpg,167.0,0.0543,5.300832984268355,-0.41460269145198225,1,-1.32359751382495,-0.02824609589749738,,
rec_20251130_124123.avi,videos__rec_20251130_124123__f003360.jpg,168.0,0.0487,8.641273485417225,-0.41460269145198225,1,-9.999445313329602,-4.016725782870339,,
rec_20251130_124123.avi,videos__rec_20251130_124123__f003380.jpg,169.0,0.0458,13.771665682052511,-0.41460269145198225,1,1.6011017615917353,-1.7695947650855093,,
rec_20251130_124123.avi,videos__rec_20251130_124123__f003400.jpg,170.0,0.051,12.215424310464542,-0.41460269145198225,1,0.9213921913690228,-0.6931999825036964,,
rec_20251130_124123.avi,videos__rec_20251130_124123__f003420.jpg,171.0,0.0491,9.267632890203974,-0.41460269145198225,1,-7.510842895777955,-3.4202571478134,,
rec_20251130_124123.avi,videos__rec_20251130_124123__f003440.jpg,172.0,0.0484,-22.656856904116836,-0.41460269145198225,1,-2.6302051602026495,-3.1042363527690995,,
rec_20251130_124123.avi,videos__rec_20251130_124123__f003460.jpg,173.0,0.0502,-24.351931773788067,-0.41460269145198225,1,-2.531527767499199,-2.875152918661139,,
rec_20251130_124123.avi,videos__rec_20251130_124123__f003480.jpg,174.0,0.0533,6.807012081709419,-0.41460269145198225,0,-3.4715447340842047,-3.113709644830365,,
rec_20251130_124123.avi,videos__rec_20251130_124123__f003500.jpg,175.0,0.0568,-2.813917186942625,-1.3743284896482393,0,-1.7943649614238666,-2.585971771467766,-0.7029804227355819,-12.082361726866282
rec_20251130_124123.avi,videos__rec_20251130_124123__f003520.jpg,176.0,0.0584,-32.755087637891954,-1.3743284896482393,1,-8.650357563356465,-5.011726088223246,,
rec_20251130_124123.avi,videos__rec_20251130_124123__f003540.jpg,177.0,0.059,-6.03031634035807,-3.2367236299321718,0,-1.2933450815507967,-3.5243736855542664,,
rec_20251130_124123.avi,videos__rec_20251130_124123__f003560.jpg,178.0,0.0606,-11.587569461368545,-3.2367236299321718,1,-0.7046237973353868,-2.3964737302667145,,
rec_20251130_124123.avi,videos__rec_20251130_124123__f003580.jpg,179.0,0.0603,-20.179882685201253,-3.2367236299321718,1,-33.29657230454251,-14.756513159977033,,
rec_20251130_124123.avi,videos__rec_20251130_124123__f003600.jpg,180.0,0.0564,-7.346207530577506,-4.8805171901903055,0,-58.51501397801189,-32.25991348719098,,
rec_20251130_124123.avi,videos__rec_20251130_124123__f003620.jpg,181.0,0.0596,24.99478416978645,-4.8805171901903055,1,-18.77417844153416,-26.86561946892825,,
rec_20251130_124123.avi,videos__rec_20251130_124123__f003640.jpg,182.0,0.0626,-1.944879082528208,-3.7062619471254665,0,-37.85185327987131,-31.260112993305473,-2.6324348689864734,-32.44307953881287
rec_20251130_124123.avi,videos__rec_20251130_124123__f003660.jpg,183.0,0.0623,-1.9648579089788536,-3.0097003318668216,0,-38.19705159451928,-34.034888433791,,
rec_20251130_124123.avi,videos__rec_20251130_124123__f003680.jpg,184.0,0.061,-7.263532663432557,-4.711233264493116,0,-48.41703581971103,-39.787747388159005,,
rec_20251130_124123.avi,videos__rec_20251130_124123__f003700.jpg,185.0,0.0553,-9.20561065528761,-6.508984220810913,0,-38.18403482020028,-39.14626236097551,,
rec_20251130_124123.avi,videos__rec_20251130_124123__f003720.jpg,186.0,0.0581,-15.958217235177479,-6.508984220810913,1,-46.34949052902459,-42.02755362819514,,
rec_20251130_124123.avi,videos__rec_20251130_124123__f003740.jpg,187.0,0.0594,20.99700581961472,-6.508984220810913,1,73.1294744247445,4.035257592980717,,
rec_20251130_124123.avi,videos__rec_20251130_124123__f003760.jpg,188.0,0.0625,12.534774463704343,-6.508984220810913,1,32.60217180407335,15.46202327741777,,
rec_20251130_124123.avi,videos__rec_20251130_124123__f003780.jpg,189.0,0.0636,15.044881473152746,-6.508984220810913,1,20.323854679178112,17.406755838121907,,
rec_20251130_124123.avi,videos__rec_20251130_124123__f003800.jpg,190.0,0.0626,0.4101823384123039,-3.7413175971216264,0,18.993689155129687,18.04152916492502,,
rec_20251130_124123.avi,videos__rec_20251130_124123__f003820.jpg,191.0,0.0613,-4.833488036955269,-4.178185773055084,0,22.694932890468067,19.902890655142237,,
rec_20251130_124123.avi,videos__rec_20251130_124123__f003840.jpg,192.0,0.0608,-0.11943033647062842,-2.5546835984213017,0,-12.270025264772698,7.033724287176263,,
rec_20251130_124123.avi,videos__rec_20251130_124123__f003860.jpg,193.0,0.0621,0.10695055843793402,-1.4900299356776074,0,2.7773036690261392,5.331156039916213,,
rec_20251130_124123.avi,videos__rec_20251130_124123__f003880.jpg,194.0,0.0671,0.47399290195847965,-0.7044208006231726,0,-5.97813776346959,0.8074385185618915,-4.413392205851269,-18.221057730812333
rec_20251130_124123.avi,videos__rec_20251130_124123__f003900.jpg,195.0,0.0609,0.6725532570304941,-0.15363117756170586,0,-16.51129521376248,-6.120054974367857,,
rec_20251130_124123.avi,videos__rec_20251130_124123__f003920.jpg,196.0,0.0573,0.6417789123266207,0.16453285839362478,0,-18.56793807298709,-11.099208213815551,,
rec_20251130_124123.avi,videos__rec_20251130_124123__f003940.jpg,197.0,0.0579,2.349639199566427,1.0385753948627459,0,-7.77450872163854,-9.769328416944745,,
rec_20251130_124123.avi,videos__rec_20251130_124123__f003960.jpg,198.0,0.0595,4.067495652721468,2.250143498006235,0,-5.343661732000328,-7.999061742966978,,
rec_20251130_124123.avi,videos__rec_20251130_124123__f003980.jpg,199.0,0.0637,1.2454062673086463,1.8482486057271994,0,-6.241169191923859,-7.29590472254973,,
rec_20251130_124123.avi,videos__rec_20251130_124123__f004000.jpg,200.0,0.0669,-8.818674985301223,1.8482486057271994,1,-11.895000953569593,-9.135543214957675,,
rec_20251130_124123.avi,videos__rec_20251130_124123__f004020.jpg,201.0,0.0717,-8.69795032965763,1.8482486057271994,1,-1.618845229217186,-6.12886402066148,-1.8625700753370626,-13.40348204683579
rec_20251130_124123.avi,videos__rec_20251130_124123__f004040.jpg,202.0,0.0732,-6.989946737771826,-1.6870295316724109,1,-3.178048337660641,-4.9485377474611445,,
rec_20251130_124123.avi,videos__rec_20251130_124123__f004060.jpg,203.0,0.0745,-10.544522041931732,-1.6870295316724109,1,-0.4269688783891752,-3.139910199832357,,
rec_20251130_124123.avi,videos__rec_20251130_124123__f004080.jpg,204.0,0.0769,-13.609092756057859,-1.6870295316724109,1,-9.270257936600728,-5.592049294539706,,
rec_20251130_124123.avi,videos__rec_20251130_124123__f004100.jpg,205.0,0.0785,-11.045595117464964,-1.6870295316724109,1,-8.513934168549781,-6.760803244143736,,
rec_20251130_124123.avi,videos__rec_20251130_124123__f004120.jpg,206.0,0.0788,-7.584265332558295,-4.045923852026765,0,-8.877493451635189,-7.607479327140317,,
rec_20251130_124123.avi,videos__rec_20251130_124123__f004140.jpg,207.0,0.082,-5.875973548108156,-4.777943730459322,0,-1.186284156632098,-5.039001258937029,,
rec_20251130_124123.avi,videos__rec_20251130_124123__f004160.jpg,208.0,0.0772,-1.0682256462957744,-3.294056496793903,0,3.0547165345132044,-1.8015141415569356,,
rec_20251130_124123.avi,videos__rec_20251130_124123__f004180.jpg,209.0,0.0767,1.2618350012988209,-1.4716998975568134,0,4.6059782575831605,0.7614828180991031,,
rec_20251130_124123.avi,videos__rec_20251130_124123__f004200.jpg,210.0,0.0818,-9.564615866564921,-1.4716998975568134,1,-12.638169907081476,-4.59837827197313,,
rec_20251130_124123.avi,videos__rec_20251130_124123__f004220.jpg,211.0,0.0867,-9.311799628062454,-1.4716998975568134,0,-7.15272607458985,-5.620117393019818,6.034706012504021,18.53768626397664
rec_20251130_124123.avi,videos__rec_20251130_124123__f004240.jpg,212.0,0.0849,2.700209655065538,0.1970639234921272,0,9.173460983624807,0.2973139576380319,,
rec_20251130_124123.avi,videos__rec_20251130_124123__f004260.jpg,213.0,0.0869,4.809177067461286,2.041909181079791,0,19.53879372722747,7.993905865473808,,
rec_20251130_124123.avi,videos__rec_20251130_124123__f004280.jpg,214.0,0.0843,-2.9076885393681473,0.062070092900615714,0,-10.097556535286287,0.7573209051697694,,
rec_20251130_124123.avi,videos__rec_20251130_124123__f004300.jpg,215.0,0.0875,-4.270522122595942,-1.6709667932980075,0,21.056932293297223,8.877165460420752,,
rec_20251130_124123.avi,videos__rec_20251130_124123__f004320.jpg,216.0,0.0854,-0.7042592617453567,-1.2842837806769472,0,-2.88400731181531,4.1726963515263265,,
rec_20251130_124123.avi,videos__rec_20251130_124123__f004340.jpg,217.0,0.0886,-6.845477329179251,-3.5087612000778687,0,12.474012992334622,7.493223007849645,,
rec_20251130_124123.avi,videos__rec_20251130_124123__f004360.jpg,218.0,0.0919,-2.061090591530252,-2.929692956658822,0,-1.3291671545766803,3.9642669428791146,,
rec_20251130_124123.avi,videos__rec_20251130_124123__f004380.jpg,219.0,0.0975,8.8273295861977,-2.929692956658822,1,4.555914255426103,4.20092586789791,,
rec_20251130_124123.avi,videos__rec_20251130_124123__f004400.jpg,220.0,0.0986,12.836982829680931,-2.929692956658822,1,20.254545463138243,10.622373705994043,,
rec_20251130_124123.avi,videos__rec_20251130_124123__f004420.jpg,221.0,0.0969,16.02703546003191,-2.929692956658822,1,13.111766959192266,11.618131007273334,,
rec_20251130_124123.avi,videos__rec_20251130_124123__f004440.jpg,222.0,0.0969,16.88060055607214,-2.929692956658822,1,24.08457682474591,16.604709334262363,3.86859730597829,9.842710823005746
rec_20251130_124123.avi,videos__rec_20251130_124123__f004460.jpg,223.0,0.0951,-0.033343381248821385,-1.771153126494822,0,-7.968530642016617,6.77541334375077,,
rec_20251130_124123.avi,videos__rec_20251130_124123__f004480.jpg,224.0,0.0913,18.95889387078442,-1.771153126494822,1,6.607247090716385,6.708146842537015,,
rec_20251130_124123.avi,videos__rec_20251130_124123__f004500.jpg,225.0,0.0916,9.769973586905772,-1.771153126494822,1,-29.457946201235586,-7.7582903749720264,,
rec_20251130_124123.avi,videos__rec_20251130_124123__f004520.jpg,226.0,0.0931,8.752008413014906,-1.771153126494822,1,-30.202148608476875,-16.735833668373964,,
rec_20251130_124123.avi,videos__rec_20251130_124123__f004540.jpg,227.0,0.0915,10.222011765174381,-1.771153126494822,1,-3.064262877001511,-11.267205351824984,,
rec_20251130_124123.avi,videos__rec_20251130_124123__f004560.jpg,228.0,0.0948,7.037112367321323,-1.771153126494822,1,-9.144392178602516,-10.418080082535997,,
rec_20251130_124123.avi,videos__rec_20251130_124123__f004580.jpg,229.0,0.0932,16.96574118891115,-1.771153126494822,1,8.192315238790911,-2.9739219540052333,,
rec_20251130_124123.avi,videos__rec_20251130_124123__f004600.jpg,230.0,0.0913,4.678463666380858,0.8086935906554502,0,-1.2601901923652008,-2.28842924934922,,
rec_20251130_124123.avi,videos__rec_20251130_124123__f004620.jpg,231.0,0.0886,0.7259385158824272,0.7755915607462409,0,-17.91829133136116,-8.540374082153997,,
rec_20251130_124123.avi,videos__rec_20251130_124123__f004640.jpg,232.0,0.0868,1.1174327265091453,0.9123280270514027,0,-19.82853107947426,-13.055636881082101,3.013275723658428,-16.33276151800783
rec_20251130_124123.avi,videos__rec_20251130_124123__f004660.jpg,233.0,0.0879,1.5544016687332045,1.1691574837241234,0,-7.295976404039834,-10.751772690265195,,
rec_20251130_124123.avi,videos__rec_20251130_124123__f004680.jpg,234.0,0.0917,1.1079883665586843,1.144689836857948,0,-3.6395403297217968,-7.906879746047836,,
rec_20251130_124123.avi,videos__rec_20251130_124123__f004700.jpg,235.0,0.0901,-3.1072810586140016,-0.5560985213308322,0,-6.621570233895795,-7.392755941187019,,
rec_20251130_124123.avi,videos__rec_20251130_124123__f004720.jpg,236.0,0.0958,-7.9241435672870395,-0.5560985213308322,0,-12.994906022969303,-9.633615973899932,,
rec_20251130_124123.avi,videos__rec_20251130_124123__f004740.jpg,237.0,0.0913,-3.107531468655207,-1.5766717002605821,0,-49.201182364557326,-25.46064253016289,,
rec_20251130_124123.avi,videos__rec_20251130_124123__f004760.jpg,238.0,0.0915,-8.802289888114764,-1.5766717002605821,0,-42.92987058311826,-32.44833375134503,,
rec_20251130_124123.avi,videos__rec_20251130_124123__f004780.jpg,239.0,0.0906,7.056609272986074,1.8766406890380805,1,-11.887852098357257,-24.22414109014992,,
rec_20251130_124123.avi,videos__rec_20251130_124123__f004800.jpg,240.0,0.0917,12.832448567284283,1.8766406890380805,1,0.13502359851372603,-14.48047521468446,,
rec_20251130_124123.avi,videos__rec_20251130_124123__f004820.jpg,241.0,0.0918,-2.7540794756896987,0.024352623146968844,0,-6.225015330111546,-11.178291260855294,,
rec_20251130_124123.avi,videos__rec_20251130_124123__f004840.jpg,242.0,0.0932,-4.520785717081014,-1.7937027129442245,0,-22.110675136769316,-15.551244811220903,,
rec_20251130_124123.avi,videos__rec_20251130_124123__f004860.jpg,243.0,0.0913,-1.6676018128722163,-1.7432623529154212,0,-33.97795062471869,-22.921927136620017,-1.5399329552772243,-47.42301973905819
rec_20251130_124123.avi,videos__rec_20251130_124123__f004880.jpg,244.0,0.0848,0.8209805182315957,-0.7175652044566144,0,-32.20194842834661,-26.633935653310655,,
rec_20251130_124123.avi,videos__rec_20251130_124123__f004900.jpg,245.0,0.0902,-4.519532155194956,-2.2383519847519513,0,-36.82015602983995,-30.708423803922372,,
rec_20251130_124123.avi,videos__rec_20251130_124123__f004920.jpg,246.0,0.0925,-5.729184990787944,-3.6346851871663484,0,-36.50481601317807,-33.02698068762465,,
rec_20251130_124123.avi,videos__rec_20251130_124123__f004940.jpg,247.0,0.0919,25.806994763398247,-3.6346851871663484,1,-23.025249076882005,-29.02628804332759,,
rec_20251130_124123.avi,videos__rec_20251130_124123__f004960.jpg,248.0,0.0953,-7.182988968447242,-5.054006699678705,0,-28.619637210686165,-28.863627710271018,,
rec_20251130_124123.avi,videos__rec_20251130_124123__f006020.jpg,301.0,0.0476,-27.24030339779247,-5.054006699678705,1,-13.77116091694586,-22.826640992940955,,
rec_20251130_124123.avi,videos__rec_20251130_124123__f006040.jpg,302.0,0.0513,-18.706699697047885,-5.054006699678705,1,-21.995844247464674,-22.494322294750443,,
rec_20251130_124123.avi,videos__rec_20251130_124123__f006060.jpg,303.0,0.0577,-23.459096414998893,-5.054006699678705,1,-28.850203565206186,-25.03667480293274,-2.7550315541381996,21.0423055596508
rec_20251130_124123.avi,videos__rec_20251130_124123__f006080.jpg,304.0,0.0605,-14.004527552548797,-5.054006699678705,1,-12.29264856703412,-19.939064308573293,,
rec_20251130_124123.avi,videos__rec_20251130_124123__f006100.jpg,305.0,0.0607,-21.69420710815396,-5.054006699678705,1,-13.674401890693275,-17.433199341421286,,
rec_20251130_124123.avi,videos__rec_20251130_124123__f006120.jpg,306.0,0.064,-13.928222078431522,-5.054006699678705,1,-6.854624722877986,-13.201769494003965,,
rec_20251130_124123.avi,videos__rec_20251130_124123__f006140.jpg,307.0,0.0655,-16.72696334930683,-5.054006699678705,1,-9.156589370554457,-11.583697444624162,,
rec_20251130_124123.avi,videos__rec_20251130_124123__f006160.jpg,308.0,0.0663,-15.713940085967897,-5.054006699678705,1,-33.045852163552524,-20.168559332195507,,
rec_20251130_124123.avi,videos__rec_20251130_124123__f006180.jpg,309.0,0.0642,-14.894339450662235,-5.054006699678705,1,-19.447444273044425,-19.880113308535073,,
rec_20251130_124123.avi,videos__rec_20251130_124123__f006200.jpg,310.0,0.0632,-17.42097847574363,-5.054006699678705,1,-8.678506574082576,-15.399470614754073,-4.786702194012236,13.943771405430994
rec_20251130_124123.avi,videos__rec_20251130_124123__f006220.jpg,311.0,0.0645,-21.400520665032122,-5.054006699678705,1,-10.738294911723642,-13.535000333541902,,
rec_20251130_124123.avi,videos__rec_20251130_124123__f006240.jpg,312.0,0.0644,4.615702760909735,-1.186122915443329,1,27.882642561906664,3.032056824637527,,
rec_20251130_124123.avi,videos__rec_20251130_124123__f006260.jpg,313.0,0.0648,-9.560507690301936,-4.535876825386771,1,-19.76994935141522,-6.088745645783573,,
rec_20251130_124123.avi,videos__rec_20251130_124123__f006280.jpg,314.0,0.066,-0.8842282036742257,-3.0752173767017528,0,-2.63288463442899,-4.706401241241739,,
rec_20251130_124123.avi,videos__rec_20251130_124123__f006300.jpg,315.0,0.0692,-7.094480818176896,-4.68292275329181,0,0.49472279600990987,-2.6259516263410796,,
rec_20251130_124123.avi,videos__rec_20251130_124123__f006320.jpg,316.0,0.0655,-11.023095763645669,-7.218991957433353,0,-1.6338184475206958,-2.229098354812926,,
rec_20251130_124123.avi,videos__rec_20251130_124123__f006340.jpg,317.0,0.0652,-10.492302656503641,-8.528316237061468,0,-9.168473797269769,-5.0048485317956635,,
rec_20251130_124123.avi,videos__rec_20251130_124123__f006360.jpg,318.0,0.0638,-11.034487343649568,-9.530784679696708,0,-0.9309710369550999,-3.375297533859438,,
rec_20251130_124123.avi,videos__rec_20251130_124123__f006380.jpg,319.0,0.0599,-15.341549315096701,-9.530784679696708,0,2.062067987795615,-1.200351325197417,,
rec_20251130_124123.avi,videos__rec_20251130_124123__f006400.jpg,320.0,0.061,-1.7877760744280995,-6.433581237589265,0,5.967384244690493,1.6667429027577474,,
rec_20251130_124123.avi,videos__rec_20251130_124123__f006420.jpg,321.0,0.0621,-3.3962302308578285,-5.21864083489669,0,49.92477084814243,20.969954080911624,-3.462879759348288,12.342313964459379
rec_20251130_124123.avi,videos__rec_20251130_124123__f006440.jpg,322.0,0.0615,-11.830205556890707,-7.863266723694297,0,-13.050519089747468,7.361764812647987,,
rec_20251130_124123.avi,videos__rec_20251130_124123__f006460.jpg,323.0,0.0628,-6.797188535600327,-7.4368354484567085,0,-12.1966485972427,-0.4616005513082886,,
rec_20251130_124123.avi,videos__rec_20251130_124123__f006480.jpg,324.0,0.0627,-0.4596991198112417,-4.645980916998521,0,-11.779996860901804,-4.988959075145695,,
rec_20251130_124123.avi,videos__rec_20251130_124123__f006500.jpg,325.0,0.0622,2.974235470126227,-4.645980916998521,0,1.2444219191321508,-2.495606677434557,,
rec_20251130_124123.avi,videos__rec_20251130_124123__f006520.jpg,326.0,0.0586,5.435821200275572,-4.645980916998521,1,12.064941607357468,3.3286126364822533,,
rec_20251130_124123.avi,videos__rec_20251130_124123__f006540.jpg,327.0,0.058,9.328997124378663,-4.645980916998521,1,15.824325178138622,8.326897653144801,,
rec_20251130_124123.avi,videos__rec_20251130_124123__f006560.jpg,328.0,0.056,43.49354015770712,-4.645980916998521,1,156.66611437027802,8.326897653144801,,
rec_20251130_124123.avi,videos__rec_20251130_124123__f006580.jpg,329.0,0.0585,6.001286841796538,-4.645980916998521,1,27.725102865313318,16.08617973801221,,
rec_20251130_124123.avi,videos__rec_20251130_124123__f006600.jpg,330.0,0.0598,5.519762447360821,-4.645980916998521,1,27.779708119041857,20.763591090424068,,
rec_20251130_124123.avi,videos__rec_20251130_124123__f006620.jpg,331.0,0.0548,-7.967738037099688,-5.974683765038988,0,19.162022476302127,20.122963644775293,,
rec_20251130_124123.avi,videos__rec_20251130_124123__f006640.jpg,332.0,0.0514,-12.858407121932984,-8.728173107796586,0,26.519248160557936,22.681477451088348,,
rec_20251130_124123.avi,videos__rec_20251130_124123__f006660.jpg,333.0,0.0514,-16.701388081670093,-8.728173107796586,0,27.03781013895059,24.424010526233246,,
rec_20251130_124123.avi,videos__rec_20251130_124123__f006680.jpg,334.0,0.0488,-10.780692548961902,-9.549180884262713,0,28.683762845849174,26.127911454079616,,
rec_20251130_124123.avi,videos__rec_20251130_124123__f006700.jpg,335.0,0.0513,19.69043085258347,-9.549180884262713,1,98.46592301433395,55.06311607818135,,
rec_20251130_124123.avi,videos__rec_20251130_124123__f006720.jpg,336.0,0.0542,0.1671355147302785,-9.549180884262713,1,34.45530780613353,46.81999276936222,-1.502614027233325,36.86113408396875
rec_20251130_124123.avi,videos__rec_20251130_124123__f006740.jpg,337.0,0.0526,-4.995494715189055,-7.727706416633249,0,28.87911555928025,39.64364188532943,,
rec_20251130_124123.avi,videos__rec_20251130_124123__f006760.jpg,338.0,0.0536,2.725623653516963,-7.727706416633249,1,40.696774669934655,40.06489499917152,,
rec_20251130_124123.avi,videos__rec_20251130_124123__f006780.jpg,339.0,0.0535,-6.767108854096759,-7.3434673916186535,0,13.638091336039508,29.494173533918715,,
rec_20251130_124123.avi,videos__rec_20251130_124123__f006800.jpg,340.0,0.0494,-10.69392297346024,-8.683649624355287,0,-2.049147176783549,16.87684524963781,,
rec_20251130_124123.avi,videos__rec_20251130_124123__f006820.jpg,341.0,0.0497,0.1153703401651344,-8.683649624355287,1,39.60192866483658,25.966878615717317,,
rec_20251130_124123.avi,videos__rec_20251130_124123__f006840.jpg,342.0,0.0524,6.3859539725236525,-8.683649624355287,1,108.82980874644551,59.1120506680086,,
rec_20251130_124123.avi,videos__rec_20251130_124123__f006860.jpg,343.0,0.0532,-1.3444929775292318,-5.7479869656248646,0,44.61945457730775,53.31501223172826,,
rec_20251130_124123.avi,videos__rec_20251130_124123__f006880.jpg,344.0,0.0538,3.339437251733905,-5.7479869656248646,1,37.95377871752237,47.17051882604591,,
rec_20251130_124123.avi,videos__rec_20251130_124123__f006900.jpg,345.0,0.0552,8.43915070283566,-5.7479869656248646,1,49.61501008933163,48.148315331360195,,
rec_20251130_124123.avi,videos__rec_20251130_124123__f006920.jpg,346.0,0.0552,14.358679822455834,-5.7479869656248646,1,34.391769767348364,42.64569710575546,,
rec_20251130_124123.avi,videos__rec_20251130_124123__f006940.jpg,347.0,0.0542,19.7582268460761,-5.7479869656248646,1,73.29912778354435,54.90706937687102,3.7161967646506278,65.20251209762881
rec_20251130_124123.avi,videos__rec_20251130_124123__f006960.jpg,348.0,0.0563,2.3982007735305797,-5.7479869656248646,1,21.677986501911164,41.61543622688708,,
rec_20251130_124123.avi,videos__rec_20251130_124123__f006980.jpg,349.0,0.0567,20.081260618648734,-5.7479869656248646,1,46.28482101338852,43.483190141487654,,
rec_20251130_124123.avi,videos__rec_20251130_124123__f007000.jpg,350.0,0.0585,7.299235500387925,-5.7479869656248646,1,40.2352463945312,42.18401264270507,,
rec_20251130_124123.avi,videos__rec_20251130_124123__f007020.jpg,351.0,0.0606,18.850251322598353,-5.7479869656248646,1,48.53453982501185,44.724223515627784,,
rec_20251130_124123.avi,videos__rec_20251130_124123__f007040.jpg,352.0,0.06,15.284499774753279,-5.7479869656248646,1,26.42228707715458,37.403448940238505,,
rec_20251130_124123.avi,videos__rec_20251130_124123__f007060.jpg,353.0,0.0602,12.64134344194573,-5.7479869656248646,1,45.56869912555601,40.6695490143655,,
rec_20251130_124123.avi,videos__rec_20251130_124123__f007080.jpg,354.0,0.0612,15.669374485157354,-5.7479869656248646,1,50.01994647500214,44.40970799862016,,
rec_20251130_124123.avi,videos__rec_20251130_124123__f007100.jpg,355.0,0.0587,-2.7787851017468723,-4.5603062200736675,0,-3.9768235223867805,25.055095390217385,,
rec_20251130_124123.avi,videos__rec_20251130_124123__f007120.jpg,356.0,0.058,6.539262395279499,-4.5603062200736675,1,8.977052811985118,18.62387835892448,,
rec_20251130_124123.avi,videos__rec_20251130_124123__f007140.jpg,357.0,0.0587,-7.8886124189319,-5.891628699616961,0,-24.56331966857738,1.3489991479237347,,
rec_20251130_124123.avi,videos__rec_20251130_124123__f007160.jpg,358.0,0.0581,2.215531975037355,-5.891628699616961,1,-11.543741581975553,-3.8080971440359805,,
rec_20251130_124123.avi,videos__rec_20251130_124123__f007180.jpg,359.0,0.0524,5.370661497313798,-5.891628699616961,1,5.67261641941036,-0.01581171865744402,,
rec_20251130_124123.avi,videos__rec_20251130_124123__f007200.jpg,360.0,0.0533,14.340180516579665,-5.891628699616961,1,9.172120725794912,3.6593612591234983,,
rec_20251130_124123.avi,videos__rec_20251130_124123__f007220.jpg,361.0,0.0451,25.602023022593492,-5.891628699616961,1,20.05971086998602,10.219501103468508,3.5194535343482674,11.198285984407391
rec_20251130_124123.avi,videos__rec_20251130_124123__f007240.jpg,362.0,0.0442,2.63054915937448,-5.891628699616961,1,8.06963231185631,9.359553586823628,,
rec_20251130_124123.avi,videos__rec_20251130_124123__f007260.jpg,363.0,0.0431,0.4774345433697588,-3.3440034024222727,0,20.0063074783792,13.618255143445857,,
rec_20251130_124123.avi,videos__rec_20251130_124123__f007280.jpg,364.0,0.0409,5.961809944829175,-3.3440034024222727,1,56.63194082022062,30.823729414155764,,
rec_20251130_124123.avi,videos__rec_20251130_124123__f007300.jpg,365.0,0.0415,16.119113491667587,-3.3440034024222727,1,8.235499824499186,21.78843757829313,,
rec_20251130_124123.avi,videos__rec_20251130_124123__f007320.jpg,366.0,0.0419,-9.619408336645355,-5.854165376111506,0,11.24156284702724,17.569687685786775,,
rec_20251130_124123.avi,videos__rec_20251130_124123__f007340.jpg,367.0,0.0412,3.941001775799417,-5.854165376111506,1,-0.0027591515668632383,10.54070895084532,,
rec_20251130_124123.avi,videos__rec_20251130_124123__f007360.jpg,368.0,0.0389,-10.010863244443897,-7.516844523444462,0,0.8744148066083426,6.674191293150529,,
rec_20251130_124123.avi,videos__rec_20251130_124123__f007380.jpg,369.0,0.0406,-11.501518129965799,-9.110713966052998,0,6.847528829670125,6.743526307758367,,
rec_20251130_124123.avi,videos__rec_20251130_124123__f007400.jpg,370.0,0.0389,-11.908315215736065,-10.229754465926224,0,-3.694753051839598,2.568214563919181,,
rec_20251130_124123.avi,videos__rec_20251130_124123__f007420.jpg,371.0,0.0371,-5.893864172226064,-8.495398348446159,0,-4.7774403313453035,-0.37004739418661314,5.51256896073165,34.95598406240987
rec_20251130_124123.avi,videos__rec_20251130_124123__f007440.jpg,372.0,0.0397,8.661990506473796,-8.495398348446159,1,18.055868985070106,7.000319157516075,,
rec_20251130_124123.avi,videos__rec_20251130_124123__f007460.jpg,373.0,0.0417,14.025076200183982,-8.495398348446159,1,36.30766370930655,18.723256978232268,,
rec_20251130_124123.avi,videos__rec_20251130_124123__f007480.jpg,374.0,0.0435,7.809544160334511,-8.495398348446159,1,-13.706025464772893,5.7515440010302035,,
rec_20251130_124123.avi,videos__rec_20251130_124123__f007500.jpg,375.0,0.0448,-0.8525819355585714,-5.438271783291124,0,-12.71946137826302,-1.6368581506870865,,
rec_20251130_124123.avi,videos__rec_20251130_124123__f007520.jpg,376.0,0.0472,-9.759991562363885,-7.166959694920228,0,-21.221822689626038,-9.470843966262667,,
rec_20251130_124123.avi,videos__rec_20251130_124123__f007540.jpg,377.0,0.0473,6.443307290591061,-7.166959694920228,1,-14.054887831890767,-11.304461512513907,,
rec_20251130_124123.avi,videos__rec_20251130_124123__f007560.jpg,378.0,0.0481,-11.483585459908547,-8.893610000915555,0,-18.981088764803417,-14.375112413429711,,
rec_20251130_124123.avi,videos__rec_20251130_124123__f007580.jpg,379.0,0.0516,-8.746310511643406,-8.834690205206694,0,-44.42766254897282,-26.396132467646954,,
rec_20251130_124123.avi,videos__rec_20251130_124123__f007600.jpg,380.0,0.0528,14.018838112459092,-8.834690205206694,1,48.265407470698676,3.4684835076912996,,
rec_20251130_124123.avi,videos__rec_20251130_124123__f007620.jpg,381.0,0.0579,5.395201820695022,-8.834690205206694,1,33.785467510050694,15.59527710863506,2.121096396661463,6.302482451634887
rec_20251130_124123.avi,videos__rec_20251130_124123__f007640.jpg,382.0,0.0574,-0.6053451206826619,-8.834690205206694,1,4.653283454902066,11.218479647141862,,
rec_20251130_124123.avi,videos__rec_20251130_124123__f007660.jpg,383.0,0.0595,2.1748151947449914,-8.834690205206694,1,-2.161289330003058,5.866572056283894,0.9992436702572862,-5.626229978141794
rec_20251130_124123.avi,videos__rec_20251130_124123__f007680.jpg,384.0,0.0608,-3.0408888011050705,-6.517169643566045,0,-2.967676699355252,2.332872554028235,,
rec_20251130_124123.avi,videos__rec_20251130_124123__f007700.jpg,385.0,0.0574,-3.4365325304131744,-5.2849147983048965,0,-9.195286004459376,-2.2783908693668096,,
rec_20251130_124123.avi,videos__rec_20251130_124123__f007720.jpg,386.0,0.0567,-3.836997867991317,-4.705748026179465,0,-3.476946829730309,-2.7578132535122095,,
rec_20251130_124123.avi,videos__rec_20251130_124123__f007740.jpg,387.0,0.0575,-3.8902565068073165,-4.379551418430605,0,-3.2263678231614676,-2.945235081371913,,
rec_20251130_124123.avi,videos__rec_20251130_124123__f007760.jpg,388.0,0.054,2.9984336198266353,-4.379551418430605,0,-5.717973583677747,-4.0543304822942465,,
rec_20251130_124123.avi,videos__rec_20251130_124123__f007780.jpg,389.0,0.0559,3.9264542972469596,-4.379551418430605,1,-10.021185179844565,-6.441072361314374,,
rec_20251130_124123.avi,videos__rec_20251130_124123__f007800.jpg,390.0,0.0584,6.275835897107608,-4.379551418430605,1,-20.647045861320464,-12.12346176131681,,
rec_20251130_124123.avi,videos__rec_20251130_124123__f007820.jpg,391.0,0.0552,7.324922705958052,-4.379551418430605,1,-12.617496858764184,-12.321075800295759,,
rec_20251130_124123.avi,videos__rec_20251130_124123__f007840.jpg,392.0,0.0579,5.306845706163234,-4.379551418430605,1,1.4612977497162092,-6.808126380290972,,
rec_20251130_124123.avi,videos__rec_20251130_124123__f007860.jpg,393.0,0.0585,17.657386232259903,-4.379551418430605,1,1.1306430384331065,-3.63261861280134,-0.3255406986592957,-12.104272307045676
rec_20251130_124123.avi,videos__rec_20251130_124123__f007880.jpg,394.0,0.0575,18.09004818067028,-4.379551418430605,1,2.646011896615846,-1.121166409034465,,
rec_20251130_124123.avi,videos__rec_20251130_124123__f007900.jpg,395.0,0.0594,-4.3105623329228555,-4.351955784227505,0,-31.741596267368323,-13.36933835236801,,
rec_20251130_124123.avi,videos__rec_20251130_124123__f007920.jpg,396.0,0.0602,13.210738164594959,-4.351955784227505,1,2.5450963701578644,-7.003564463357659,,
rec_20251130_124123.avi,videos__rec_20251130_124123__f007940.jpg,397.0,0.0599,3.6740916624666387,-4.351955784227505,1,-1.1981574947506601,-4.681401675914859,,
rec_20251130_124123.avi,videos__rec_20251130_124123__f007960.jpg,398.0,0.0589,2.543243682384016,-4.351955784227505,0,3.0263034289685606,-1.5983196339614913,,
rec_20251130_124123.avi,videos__rec_20251130_124123__f007980.jpg,399.0,0.0548,-4.272474590460959,-4.320163306720887,0,-9.46278154889876,-4.744104399936399,,
rec_20251130_124123.avi,videos__rec_20251130_124123__f008000.jpg,400.0,0.0514,-0.7842517783235895,-2.905798695361968,0,-20.84956894437937,-11.186290217713587,,
rec_20251130_124123.avi,videos__rec_20251130_124123__f008020.jpg,401.0,0.0505,3.200547489720269,-0.4632602213290731,0,-29.948803331741033,-18.691295463324565,,
rec_20251130_124123.avi,videos__rec_20251130_124123__f008040.jpg,402.0,0.0535,0.4432998071145218,-0.10063620995163511,0,-28.68423708605576,-22.688472112417042,,
rec_20251130_124123.avi,videos__rec_20251130_124123__f008060.jpg,403.0,0.0536,0.030002128975741105,-0.04838087438068462,0,2.47165135479338,-12.624422725532874,,
rec_20251130_124123.avi,videos__rec_20251130_124123__f008080.jpg,404.0,0.056,-3.282251376932506,-1.3419290754014133,0,-21.581210583670895,-16.20713786878808,,
rec_20251130_124123.avi,videos__rec_20251130_124123__f008100.jpg,405.0,0.06,-6.087174595889896,-3.2400272835968065,0,-32.42766856415011,-22.695350146932896,,
rec_20251130_124123.avi,videos__rec_20251130_124123__f008120.jpg,406.0,0.0591,2.1526490681292296,-1.0829567429063918,0,-5.2370789917177945,-15.712041684846856,,
rec_20251130_124123.avi,videos__rec_20251130_124123__f008140.jpg,407.0,0.0564,1.9881725735275222,0.14549498366717395,0,-11.209586513014017,-13.911059616113722,-2.4505660975459187,-31.382056054410725
rec_20251130_124123.avi,videos__rec_20251130_124123__f008160.jpg,408.0,0.0559,2.4040158064837907,1.0489033127938208,0,-10.428021655084137,-12.517844431701889,,
rec_20251130_124123.avi,videos__rec_20251130_124123__f008180.jpg,409.0,0.0562,-3.0997165859744853,-0.6105446467135018,0,-22.453853571051297,-16.492248087441652,,
rec_20251130_124123.avi,videos__rec_20251130_124123__f008200.jpg,410.0,0.0532,10.825961292065186,-0.6105446467135018,1,-4.218107654965934,-11.582591914451365,,
rec_20251130_124123.avi,videos__rec_20251130_124123__f008220.jpg,411.0,0.0562,8.49977271445499,-0.6105446467135018,1,-9.979291947876504,-10.941271927821422,,
rec_20251130_124123.avi,videos__rec_20251130_124123__f008240.jpg,412.0,0.0569,5.07755965008512,-0.6105446467135018,0,21.87431082739886,2.1849611742666903,,
rec_20251130_124123.avi,videos__rec_20251130_124123__f008260.jpg,413.0,0.058,1.3759392774822667,0.18404892296480563,0,17.8132985815825,8.436296137193015,,
rec_20251130_124123.avi,videos__rec_20251130_124123__f008280.jpg,414.0,0.0603,2.23554662351341,1.0046480031842475,0,6.704485079401763,7.743571714076515,,
rec_20251130_124123.avi,videos__rec_20251130_124123__f008300.jpg,415.0,0.0601,4.140994093831461,2.259186439443133,0,4.536057940657997,6.4605662047091075,,
rec_20251130_124123.avi,videos__rec_20251130_124123__f008320.jpg,416.0,0.0627,-4.696193863096309,-0.522965681572644,0,2.3825571180137786,4.829362570030976,,
rec_20251130_124123.avi,videos__rec_20251130_124123__f008340.jpg,417.0,0.0649,-43.989749620255985,-0.522965681572644,1,29.220512686101813,14.58582261645931,,
rec_20251130_124123.avi,videos__rec_20251130_124123__f008360.jpg,418.0,0.0626,-10.15740209203523,-0.522965681572644,1,-6.771072692899736,6.043064492715692,,
rec_20251130_124123.avi,videos__rec_20251130_124123__f008380.jpg,419.0,0.0618,-2.556658050742413,-1.3364426292405516,0,48.703624916852675,23.107288662370486,1.0935819771619477,-1.99313596499519
rec_20251130_124123.avi,videos__rec_20251130_124123__f008400.jpg,420.0,0.065,-5.677888510592069,-3.0730209817811587,0,-24.52275070219332,4.055272916544961,,
rec_20251130_124123.avi,videos__rec_20251130_124123__f008420.jpg,421.0,0.0731,30.396933652913617,-3.0730209817811587,1,187.3276153301373,4.055272916544961,,
rec_20251130_124123.avi,videos__rec_20251130_124123__f008440.jpg,422.0,0.0739,18.87211160659359,-3.0730209817811587,1,20.503183682007602,10.634437222730018,,
rec_20251130_124123.avi,videos__rec_20251130_124123__f008460.jpg,423.0,0.0816,18.39770823743198,-3.0730209817811587,1,93.44517309641509,43.75873157220404,,
rec_20251130_124123.avi,videos__rec_20251130_124123__f008480.jpg,424.0,0.0798,26.73447374081254,-3.0730209817811587,1,51.968443219667904,47.042616231189584,,
rec_20251130_124123.avi,videos__rec_20251130_124123__f008500.jpg,425.0,0.0782,22.70657099379155,-3.0730209817811587,1,52.572147209803916,49.25442862263532,4.404831434674214,-7.136246520324846
rec_20251130_124123.avi,videos__rec_20251130_124123__f008520.jpg,426.0,0.0843,13.408419337340275,-3.0730209817811587,1,3.9267707462768158,31.123365472091916,,
rec_20251130_124123.avi,videos__rec_20251130_124123__f008540.jpg,427.0,0.0811,5.764017471954099,0.46179439971294456,1,3.934411292966047,20.247783800441567,,
rec_20251130_124123.avi,videos__rec_20251130_124123__f008560.jpg,428.0,0.0797,17.25062289574766,0.46179439971294456,1,22.954330318267466,21.330402407571924,,
rec_20251130_124123.avi,videos__rec_20251130_124123__f008580.jpg,429.0,0.0821,16.47135688042876,0.46179439971294456,1,26.739152460671505,23.493902428811758,,
rec_20251130_124123.avi,videos__rec_20251130_124123__f008600.jpg,430.0,0.0789,20.97604980566977,0.46179439971294456,1,32.49005765931645,27.092364521013636,,
rec_20251130_124123.avi,videos__rec_20251130_124123__f008620.jpg,431.0,0.0767,1.125503577653582,0.7272780708891995,0,54.84768548026295,38.19449290471336,,
rec_20251130_124123.avi,videos__rec_20251130_124123__f008640.jpg,432.0,0.0777,6.156155980467881,2.8988292347206723,0,165.0998476180486,38.19449290471336,,
rec_20251130_124123.avi,videos__rec_20251130_124123__f008660.jpg,433.0,0.0755,0.3529623142213058,1.8804824665209257,0,-2.3228581099500616,21.98755249884799,,
rec_20251130_124123.avi,videos__rec_20251130_124123__f008680.jpg,434.0,0.0749,-4.221194499881828,-0.560188320040176,0,-2.071458954444381,12.363947917531041,,
rec_20251130_124123.avi,videos__rec_20251130_124123__f008700.jpg,435.0,0.074,15.195946412416609,-0.560188320040176,1,1.1693060751476878,7.886091180577699,5.43537023221422,-9.384979602873159
rec_20251130_124123.avi,videos__rec_20251130_124123__f008720.jpg,436.0,0.0704,14.205721501801065,-0.560188320040176,1,6.5505103869051595,7.351858863108683,,
rec_20251130_124123.avi,videos__rec_20251130_124123__f008740.jpg,437.0,0.068,15.999918702580821,-0.560188320040176,1,11.35154849007165,8.95173471389387,,
rec_20251130_124123.avi,videos__rec_20251130_124123__f008760.jpg,438.0,0.071,18.750641241549836,-0.560188320040176,1,8.246760050456317,8.66974484851885,,
rec_20251130_124123.avi,videos__rec_20251130_124123__f008780.jpg,439.0,0.066,22.856295787551467,-0.560188320040176,1,9.133431475862835,8.855219499456444,,
rec_20251130_124123.avi,videos__rec_20251130_124123__f008800.jpg,440.0,0.0694,22.28436174738908,-0.560188320040176,1,20.048890017066356,13.332687706500408,,
rec_20251130_124123.avi,videos__rec_20251130_124123__f008820.jpg,441.0,0.0682,19.0923504794357,-0.560188320040176,1,10.223400055012917,12.088972645905411,,
rec_20251130_124123.avi,videos__rec_20251130_124123__f008840.jpg,442.0,0.0684,2.89399589327988,0.8214853652878465,0,-5.651643783205316,4.99272607426112,,
rec_20251130_124123.avi,videos__rec_20251130_124123__f008860.jpg,443.0,0.0716,9.893764558252997,0.8214853652878465,1,-11.09273078995136,-1.4414566714238726,,
rec_20251130_124123.avi,videos__rec_20251130_124123__f008880.jpg,444.0,0.0757,-2.8945005760214726,-0.6649090112358811,0,-13.755451702658604,-6.3670546839177655,,
rec_20251130_124123.avi,videos__rec_20251130_124123__f008900.jpg,445.0,0.0739,7.189632680969317,2.4769076656461984,0,-10.439050528172174,-7.99585302161953,,
rec_20251130_124123.avi,videos__rec_20251130_124123__f008920.jpg,446.0,0.0595,-2.4522279969435004,0.5052534006103188,0,51.400028072420696,15.762499415996562,,
rec_20251130_124123.avi,videos__rec_20251130_124123__f008940.jpg,447.0,0.0611,-12.588359690452485,0.5052534006103188,1,-4.606352893726864,7.614958492107191,,
rec_20251130_124123.avi,videos__rec_20251130_124123__f008960.jpg,448.0,0.058,-11.391586673894725,0.5052534006103188,1,2.9113124217671498,5.733500063971174,,
rec_20251130_124123.avi,videos__rec_20251130_124123__f008980.jpg,449.0,0.0566,0.11172368958167468,0.3478415161988611,0,25.283636680449774,13.553554710562615,,
rec_20251130_124123.avi,videos__rec_20251130_124123__f009000.jpg,450.0,0.0568,-11.924146991986262,0.3478415161988611,1,53.28563385373673,29.44638636783226,,
rec_20251130_124123.avi,videos__rec_20251130_124123__f009020.jpg,451.0,0.0597,-10.034202051295125,0.3478415161988611,1,25.486846252334203,27.862570321633036,,
rec_20251130_124123.avi,videos__rec_20251130_124123__f009040.jpg,452.0,0.0583,-10.574263471343505,0.3478415161988611,1,20.52873881025863,24.929037717083276,-3.3238634370039013,42.10854524045533
rec_20251130_124123.avi,videos__rec_20251130_124123__f009060.jpg,453.0,0.058,5.341922744132266,2.3454740073722236,0,15.21023995291199,21.041518611414762,,
rec_20251130_124123.avi,videos__rec_20251130_124123__f009080.jpg,454.0,0.0556,21.164001524972313,2.3454740073722236,1,115.24589397812059,58.72326875809709,,
rec_20251130_124123.avi,videos__rec_20251130_124123__f009100.jpg,455.0,0.0588,22.360758087960473,2.3454740073722236,1,119.52005639734978,83.04198381379817,,
rec_20251130_124123.avi,videos__rec_20251130_124123__f009120.jpg,456.0,0.0606,19.933384765180996,2.3454740073722236,1,106.47757748131954,92.41622128080672,,
rec_20251130_124123.avi,videos__rec_20251130_124123__f009140.jpg,457.0,0.0559,-28.630873811324843,2.3454740073722236,1,89.79173954909413,91.36642858812169,,
rec_20251130_124123.avi,videos__rec_20251130_124123__f009160.jpg,458.0,0.0558,11.120724043712691,2.3454740073722236,1,98.44706411642267,94.19868279944208,,
rec_20251130_124123.avi,videos__rec_20251130_124123__f009180.jpg,459.0,0.0524,3.128894250248907,2.658842104522897,0,90.4993867274585,92.71896437064865,,
rec_20251130_124123.avi,videos__rec_20251130_124123__f009200.jpg,460.0,0.0513,-48.33113718898562,2.658842104522897,1,84.71020707462253,89.5154614522382,,
rec_20251130_124123.avi,videos__rec_20251130_124123__f009220.jpg,461.0,0.0511,-51.47825418849319,2.658842104522897,1,78.57542283034013,85.13944600347897,,
rec_20251130_124123.avi,videos__rec_20251130_124123__f009240.jpg,462.0,0.0519,8.847032623416403,2.658842104522897,0,120.56207160284151,99.308496243224,,
rec_20251130_124123.avi,videos__rec_20251130_124123__f009260.jpg,463.0,0.0541,10.367846938884242,2.658842104522897,0,53.12026006031931,80.83320177006212,6.643742542602073,82.85865935332498
rec_20251130_124123.avi,videos__rec_20251130_124123__f009280.jpg,464.0,0.0517,11.32433182474385,2.658842104522897,1,89.53655745752121,84.31454404504575,,
rec_20251130_124123.avi,videos__rec_20251130_124123__f009300.jpg,465.0,0.0504,13.006003624211685,2.658842104522897,1,100.65351281992525,90.85013155499755,,
rec_20251130_124123.avi,videos__rec_20251130_124123__f009320.jpg,466.0,0.0513,15.002980927591695,2.658842104522897,1,89.7273922236592,90.4010358224622,,
rec_20251130_124123.avi,videos__rec_20251130_124123__f009340.jpg,467.0,0.0485,10.615205360091222,2.658842104522897,0,94.97314474300356,92.22987939067875,,
rec_20251130_124123.avi,videos__rec_20251130_124123__f009360.jpg,468.0,0.0514,15.004174908117257,2.658842104522897,1,96.38297883828238,93.8911191697202,,
rec_20251130_124123.avi,videos__rec_20251130_124123__f009380.jpg,469.0,0.0509,11.057387004425351,2.658842104522897,1,109.60735757340217,100.17761453119299,,
rec_20251130_124123.avi,videos__rec_20251130_124123__f009400.jpg,470.0,0.0537,11.563049228372568,2.658842104522897,1,107.46538359086304,103.09272215506101,,
rec_20251130_124123.avi,videos__rec_20251130_124123__f009420.jpg,471.0,0.0533,6.5425536935557975,4.212326740136057,0,232.99900531762614,103.09272215506101,,
rec_20251130_124123.avi,videos__rec_20251130_124123__f009440.jpg,472.0,0.0537,2.029201826996017,3.3390767748800414,0,90.9794828817428,98.24742644573372,,
rec_20251130_124123.avi,videos__rec_20251130_124123__f009460.jpg,473.0,0.0538,22.902527603033732,3.3390767748800414,1,111.41819576784309,103.51573417457746,7.37823684439494,93.22815794766427
rec_20251130_124123.avi,videos__rec_20251130_124123__f009480.jpg,474.0,0.0545,7.169090536122005,4.871082279376827,0,62.09735324662381,86.948381803396,,
rec_20251130_124123.avi,videos__rec_20251130_124123__f009500.jpg,475.0,0.0501,12.060126215744436,4.871082279376827,0,80.23827887811444,84.26434063328338,,
rec_20251130_124123.avi,videos__rec_20251130_124123__f009520.jpg,476.0,0.05,9.842275296047228,6.859559486044988,0,61.24533544838704,75.05673855932484,,
rec_20251130_124123.avi,videos__rec_20251130_124123__f009540.jpg,477.0,0.0527,21.48339257356055,6.859559486044988,1,62.61773964854842,70.08113899501427,,
rec_20251130_124123.avi,videos__rec_20251130_124123__f009560.jpg,478.0,0.0549,17.916774404838428,6.859559486044988,1,30.345561097465747,54.18690783599486,,
rec_20251130_124123.avi,videos__rec_20251130_124123__f009580.jpg,479.0,0.057,12.463202753669451,6.859559486044988,0,19.445150811588064,40.290205026232144,,
rec_20251130_124123.avi,videos__rec_20251130_124123__f009600.jpg,480.0,0.0585,17.126142773214042,6.859559486044988,1,13.36789161313186,29.521279660992032,,
rec_20251130_124123.avi,videos__rec_20251130_124123__f009620.jpg,481.0,0.0596,10.062469580892326,8.140723523983922,0,16.519911163939128,24.32073226217087,6.562592169677167,10.792614433787833
rec_20251130_124123.avi,videos__rec_20251130_124123__f009640.jpg,482.0,0.0618,7.909342531457467,8.04817112697334,0,18.504319740649123,21.99416725356217,,
rec_20251130_124123.avi,videos__rec_20251130_124123__f009660.jpg,483.0,0.0663,8.62546864114417,8.279090132641672,0,3.3330618689864195,14.52972509973187,,
rec_20251130_124123.avi,videos__rec_20251130_124123__f009680.jpg,484.0,0.0698,18.169773262795122,8.279090132641672,1,4.102821786983668,10.358963774632588,,
rec_20251130_124123.avi,videos__rec_20251130_124123__f009700.jpg,485.0,0.0698,5.603179617776017,7.20872592669541,0,11.356954576975056,10.758160095569576,,
rec_20251130_124123.avi,videos__rec_20251130_124123__f009720.jpg,486.0,0.0685,12.966448739817157,9.511815051944108,0,4.135901440876978,8.109256633692537,,
rec_20251130_124123.avi,videos__rec_20251130_124123__f009740.jpg,487.0,0.0674,8.842257580368496,9.243992063313863,0,1.9492388799758373,5.645249532205858,,
rec_20251130_124123.avi,videos__rec_20251130_124123__f009760.jpg,488.0,0.0628,9.907818422623219,9.509522607037605,0,7.551271664550882,6.4076583851438675,,
rec_20251130_124123.avi,videos__rec_20251130_124123__f009780.jpg,489.0,0.0627,2.402662768853298,6.666778671763882,0,-7.306799930511602,0.9218750588816791,,
rec_20251130_124123.avi,videos__rec_20251130_124123__f010680.jpg,534.0,0.0662,24.078106672661324,6.666778671763882,1,48.01880174767024,19.760645734397105,,
rec_20251130_124123.avi,videos__rec_20251130_124123__f010700.jpg,535.0,0.0526,24.39761850871359,6.666778671763882,1,67.95536375487393,39.038532942587835,,
rec_20251130_124123.avi,videos__rec_20251130_124123__f010720.jpg,536.0,0.0548,23.065423154882588,6.666778671763882,1,59.00090756368547,47.02348279102689,,
rec_20251130_124123.avi,videos__rec_20251130_124123__f010740.jpg,537.0,0.0563,22.71512018684237,6.666778671763882,1,58.62419569158078,51.663767951248445,15.970206045081321,67.79046322804402
rec_20251130_124123.avi,videos__rec_20251130_124123__f010760.jpg,538.0,0.0543,22.752667515469273,6.666778671763882,1,59.8178408801744,54.92539712281883,,
rec_20251130_124123.avi,videos__rec_20251130_124123__f010780.jpg,539.0,0.0541,23.285878354450386,6.666778671763882,1,60.060580530575294,56.97947048592141,,
rec_20251130_124123.avi,videos__rec_20251130_124123__f010800.jpg,540.0,0.0542,22.795056933054056,6.666778671763882,1,59.36649748907848,57.93428128718424,,
rec_20251130_124123.avi,videos__rec_20251130_124123__f010820.jpg,541.0,0.0578,4.380363340760734,5.752212539362622,0,15.885450124640215,41.11474882216663,,
rec_20251130_124123.avi,videos__rec_20251130_124123__f010840.jpg,542.0,0.0593,2.458338278059658,4.434662834841436,0,19.602636237808213,32.509903788423266,,
rec_20251130_124123.avi,videos__rec_20251130_124123__f010860.jpg,543.0,0.0648,21.77837717003626,4.434662834841436,1,57.763303614038705,42.61126371866944,,
rec_20251130_124123.avi,videos__rec_20251130_124123__f010880.jpg,544.0,0.0644,22.757013003169966,4.434662834841436,1,43.36551453052505,42.912964043411684,14.116138964169046,65.07580846115502
rec_20251130_124123.avi,videos__rec_20251130_124123__f010900.jpg,545.0,0.0647,22.287234488681747,4.434662834841436,1,58.540619213854995,49.16402611158901,,
rec_20251130_124123.avi,videos__rec_20251130_124123__f010920.jpg,546.0,0.0653,23.063637041349665,4.434662834841436,1,59.13753654117596,53.15343028342379,,
rec_20251130_124123.avi,videos__rec_20251130_124123__f010940.jpg,547.0,0.0659,23.25448104013621,4.434662834841436,1,59.10887096454809,55.53560655587351,,
rec_20251130_124123.avi,videos__rec_20251130_124123__f010960.jpg,548.0,0.0653,22.163918720091797,4.434662834841436,1,57.508683120106696,56.324837181566785,,
rec_20251130_124123.avi,videos__rec_20251130_124123__f010980.jpg,549.0,0.0649,23.128842694264456,4.434662834841436,1,40.87483821437473,50.14483759468996,,
rec_20251130_124123.avi,videos__rec_20251130_124123__f011000.jpg,550.0,0.065,22.41510908429301,4.434662834841436,1,58.354051921119606,53.42852332526182,,
rec_20251130_124123.avi,videos__rec_20251130_124123__f011020.jpg,551.0,0.0676,23.1986573171194,4.434662834841436,1,31.00269764012694,44.458193051207864,,
rec_20251130_124123.avi,videos__rec_20251130_124123__f011040.jpg,552.0,0.0656,1.889476674544896,3.4165883707228204,0,-9.929136074175233,22.703261401054625,,
rec_20251130_124123.avi,videos__rec_20251130_124123__f011060.jpg,553.0,0.0653,20.655266994037383,3.4165883707228204,1,21.489302331229055,22.217677773124397,,
rec_20251130_124123.avi,videos__rec_20251130_124123__f011080.jpg,554.0,0.0633,31.748350244511585,3.4165883707228204,1,58.71403519092564,36.816220740244894,,
rec_20251130_124123.avi,videos__rec_20251130_124123__f011100.jpg,555.0,0.0639,19.95111178802147,3.4165883707228204,1,55.53713507028772,44.304586472262024,13.27812069400775,43.86614501151263
rec_20251130_124123.avi,videos__rec_20251130_124123__f011120.jpg,556.0,0.0642,20.70351702994763,3.4165883707228204,1,54.470235580677354,48.370846115628154,,
rec_20251130_124123.avi,videos__rec_20251130_124123__f011140.jpg,557.0,0.0633,20.812856282182306,3.4165883707228204,1,55.51439104798112,51.22826408856935,,
rec_20251130_124123.avi,videos__rec_20251130_124123__f011160.jpg,558.0,0.0633,20.656386309408035,3.4165883707228204,1,54.21717850199161,52.42382985393826,,
rec_20251130_124123.avi,videos__rec_20251130_124123__f011180.jpg,559.0,0.0631,19.98201675682442,3.4165883707228204,1,54.59667519473811,53.2929679902582,,
rec_20251130_124123.avi,videos__rec_20251130_124123__f011200.jpg,560.0,0.063,21.700116820403515,3.4165883707228204,1,55.72007414363452,54.26381045160873,,
rec_20251130_124123.avi,videos__rec_20251130_124123__f011220.jpg,561.0,0.0665,19.423222668619736,3.4165883707228204,1,48.933673491707054,52.13175566764806,,
rec_20251130_124123.avi,videos__rec_20251130_124123__f011240.jpg,562.0,0.0664,25.683611475768675,3.4165883707228204,1,51.686943989536246,51.95383099640333,,
rec_20251130_124123.avi,videos__rec_20251130_124123__f011260.jpg,563.0,0.0666,23.75493726683853,3.4165883707228204,1,49.77477479444843,51.082208515621375,,
rec_20251130_124123.avi,videos__rec_20251130_124123__f011280.jpg,564.0,0.0655,29.504322980134972,3.4165883707228204,1,55.063582594580566,52.674758147205054,,
rec_20251130_124123.avi,videos__rec_20251130_124123__f011300.jpg,565.0,0.0661,-5.724206737253882,3.4165883707228204,1,-21.356516476919865,23.062248297555087,12.042283661521898,32.513414955811754
rec_20251130_124123.avi,videos__rec_20251130_124123__f011320.jpg,566.0,0.0651,17.58690071623181,3.4165883707228204,1,14.44983750614631,19.617283980991576,,
rec_20251130_124123.avi,videos__rec_20251130_124123__f011340.jpg,567.0,0.0712,20.851604303788616,3.4165883707228204,1,39.534094703061896,27.584008269819705,,
rec_20251130_124123.avi,videos__rec_20251130_124123__f011360.jpg,568.0,0.0718,27.519565099272842,3.4165883707228204,1,33.544278410431616,29.968116326064468,,
rec_20251130_124123.avi,videos__rec_20251130_124123__f011380.jpg,569.0,0.073,23.867639827947283,3.4165883707228204,1,26.236264075901488,28.475375425999275,,
rec_20251130_124123.avi,videos__rec_20251130_124123__f011400.jpg,570.0,0.0726,26.517353641227913,3.4165883707228204,1,28.071796510258537,28.31394385970298,14.911066884066647,42.78537942983195
rec_20251130_124123.avi,videos__rec_20251130_124123__f011420.jpg,571.0,0.0733,21.126793475044916,3.4165883707228204,1,29.112614795957086,28.633412234204624,,
rec_20251130_124123.avi,videos__rec_20251130_124123__f011440.jpg,572.0,0.0733,17.739048263159273,3.4165883707228204,1,25.116823216188095,27.22677662699801,,
rec_20251130_124123.avi,videos__rec_20251130_124123__f011460.jpg,573.0,0.0734,22.696300546828688,3.4165883707228204,1,29.008824650152803,27.93959583625993,,
rec_20251130_124123.avi,videos__rec_20251130_124123__f011480.jpg,574.0,0.0733,25.48389970935895,3.4165883707228204,1,27.303859616145814,27.685301348214285,,
rec_20251130_124123.avi,videos__rec_20251130_124123__f011500.jpg,575.0,0.0738,24.633076577246865,3.4165883707228204,1,26.03862093519234,27.026629183005507,,
rec_20251130_124123.avi,videos__rec_20251130_124123__f011520.jpg,576.0,0.073,21.867970214279573,3.4165883707228204,1,25.482532858503532,26.408990653204718,,
rec_20251130_124123.avi,videos__rec_20251130_124123__f011540.jpg,577.0,0.0736,19.964185015389045,3.4165883707228204,1,28.360341502535334,27.189530992936966,,
rec_20251130_124123.avi,videos__rec_20251130_124123__f011560.jpg,578.0,0.0735,26.330090601072673,3.4165883707228204,1,28.561030424842897,27.73813076569934,,
rec_20251130_124123.avi,videos__rec_20251130_124123__f011580.jpg,579.0,0.0733,22.677817125197627,3.4165883707228204,1,30.03452397232843,28.656688048350976,,
rec_20251130_124123.avi,videos__rec_20251130_124123__f011600.jpg,580.0,0.0714,25.396097407762586,3.4165883707228204,1,32.520439763904164,30.202188734572253,13.392299819865874,38.74343299817281
rec_20251130_124123.avi,videos__rec_20251130_124123__f011620.jpg,581.0,0.0746,22.562231590198902,3.4165883707228204,1,31.931961030948287,30.894097653122667,,
rec_20251130_124123.avi,videos__rec_20251130_124123__f011640.jpg,582.0,0.0739,24.974969862297403,3.4165883707228204,1,16.178598255512952,25.00789789407878,,
rec_20251130_124123.avi,videos__rec_20251130_124123__f011660.jpg,583.0,0.068,14.615351185218714,7.896093496521178,1,5.412309854367436,17.169662678194243,,
rec_20251130_124123.avi,videos__rec_20251130_124123__f011680.jpg,584.0,0.0674,37.478769703013484,7.896093496521178,1,27.55417548976277,21.323467802821654,,
rec_20251130_124123.avi,videos__rec_20251130_124123__f011700.jpg,585.0,0.07,6.026395532697077,7.148214310991538,0,13.071550491882874,18.02270087844614,,
rec_20251130_124123.avi,videos__rec_20251130_124123__f011720.jpg,586.0,0.0724,13.363066600540224,9.634155226811012,0,-1.691436590741091,10.137045890771248,,
rec_20251130_124123.avi,videos__rec_20251130_124123__f011740.jpg,587.0,0.0769,10.19447266801836,9.858282203293951,0,-5.287334563833667,3.9672937089292812,,
rec_20251130_124123.avi,videos__rec_20251130_124123__f011760.jpg,588.0,0.0804,11.004496123244918,10.316767771274339,0,-7.666281033106941,-0.6861361878852077,,
rec_20251130_124123.avi,videos__rec_20251130_124123__f011780.jpg,589.0,0.0796,8.42135624917618,9.558603162435075,0,-4.076598496184772,-2.0423211112050335,,
rec_20251130_124123.avi,videos__rec_20251130_124123__f011800.jpg,590.0,0.0789,-1.7332522653889746,9.558603162435075,1,-3.1660378958076763,-2.4918078250460907,,
rec_20251130_124123.avi,videos__rec_20251130_124123__f011820.jpg,591.0,0.0802,0.5722500130631826,9.558603162435075,1,-14.150618457934172,-7.155332078201323,,
rec_20251130_124123.avi,videos__rec_20251130_124123__f011840.jpg,592.0,0.0808,-2.6919736041920324,9.558603162435075,1,-21.150366648788463,-12.75334590643618,,
rec_20251130_124123.avi,videos__rec_20251130_124123__f011860.jpg,593.0,0.0841,-5.930332042529205,9.558603162435075,1,-28.85396637964675,-19.193594095720407,3.922712890510487,-32.83274664318719
rec_20251130_124123.avi,videos__rec_20251130_124123__f011880.jpg,594.0,0.0829,2.8353252063997187,6.869291980020932,0,-69.46497316012668,-39.302145721482916,,
rec_20251130_124123.avi,videos__rec_20251130_124123__f011900.jpg,595.0,0.0841,2.6954257960536556,5.199745506434022,0,-40.81329052239266,-39.906603641846814,,
rec_20251130_124123.avi,videos__rec_20251130_124123__f011920.jpg,596.0,0.0785,7.071851914390418,5.94858806961658,0,-2.9622128282553035,-25.12884731641021,,
rec_20251130_124123.avi,videos__rec_20251130_124123__f011940.jpg,597.0,0.0818,6.373185888855994,6.118427197312346,0,-4.480003253589359,-16.869309691281867,,
rec_20251130_124123.avi,videos__rec_20251130_124123__f011960.jpg,598.0,0.0793,9.066898509527446,7.297815722198386,0,-12.489465556539358,-15.117372037384863,,
rec_20251130_124123.avi,videos__rec_20251130_124123__f011980.jpg,599.0,0.0816,9.426586531516783,8.149324045925745,0,-19.007080351975446,-16.673255363221095,,
rec_20251130_124123.avi,videos__rec_20251130_124123__f012000.jpg,600.0,0.0829,2.842205730400402,6.026476719715608,0,-23.455063159830388,-19.38597848186481,,
rec_20251130_124123.avi,videos__rec_20251130_124123__f012020.jpg,601.0,0.0822,7.0156976618388605,6.422165096564909,0,-60.481568547991856,-35.82421450831563,,
rec_20251130_124123.avi,videos__rec_20251130_124123__f012040.jpg,602.0,0.0806,0.6363651415213901,4.1078451145475015,0,-29.5767458691887,-33.32522705266486,,
rec_20251130_124123.avi,videos__rec_20251130_124123__f012060.jpg,603.0,0.0853,1.9056746412711454,3.226976925236959,0,-38.87841741290163,-35.546503196759566,1.0532213030104107,-47.656772068780924
rec_20251130_124123.avi,videos__rec_20251130_124123__f012080.jpg,604.0,0.0848,-1.4619404540835064,3.226976925236959,0,-39.34898798193217,-37.06749711082861,,
rec_20251130_124123.avi,videos__rec_20251130_124123__f012100.jpg,605.0,0.0854,-1.0923678946254027,3.226976925236959,0,-39.321367589947045,-37.96904530247598,,
rec_20251130_124123.avi,videos__rec_20251130_124123__f012120.jpg,606.0,0.0849,-0.19367529846395443,1.8587160357565935,0,-39.295652105804095,-38.49968802380723,,
rec_20251130_124123.avi,videos__rec_20251130_124123__f012140.jpg,607.0,0.0814,-0.7850553798246787,0.8012074695240846,0,-35.86120897750504,-37.44429640528635,,
rec_20251130_124123.avi,videos__rec_20251130_124123__f012160.jpg,608.0,0.0835,-0.3290617690590178,0.34909977409084364,0,-36.4538432912974,-37.04811515969077,,
rec_20251130_124123.avi,videos__rec_20251130_124123__f012180.jpg,609.0,0.0841,-1.7073585725730012,-0.4734835645746943,0,-34.33912798359171,-35.96452028925114,,
rec_20251130_124123.avi,videos__rec_20251130_124123__f012200.jpg,610.0,0.0842,3.593003152759909,1.1531111223591473,0,-30.71681529871381,-33.865438293036206,,
rec_20251130_124123.avi,videos__rec_20251130_124123__f012220.jpg,611.0,0.0832,3.751572402827365,2.1924956345464346,0,-30.527218416830067,-32.53015034255375,,
rec_20251130_124123.avi,videos__rec_20251130_124123__f012240.jpg,612.0,0.0845,1.5255759677992657,1.925727767847567,0,-32.27578513645955,-32.42840426011607,,
rec_20251130_124123.avi,videos__rec_20251130_124123__f012260.jpg,613.0,0.0804,1.848859974020419,1.894980650316708,0,-7.167964858040648,-22.3242284992859,,
rec_20251130_124123.avi,videos__rec_20251130_124123__f012280.jpg,614.0,0.0747,7.885308600954271,4.291111830571733,0,11.939372356708645,-8.618788156888082,3.7977106674000303,30.561049215949765
rec_20251130_124123.avi,videos__rec_20251130_124123__f012300.jpg,615.0,0.0692,1.0943784448947764,3.0124184763009505,0,13.749948319494365,0.32870643366489727,,
rec_20251130_124123.avi,videos__rec_20251130_124123__f012320.jpg,616.0,0.0692,12.190679448267012,3.0124184763009505,1,17.847963206016004,7.33640914260534,,
rec_20251130_124123.avi,videos__rec_20251130_124123__f012340.jpg,617.0,0.0703,4.035559783542502,3.4216749991975712,0,12.083990009490776,9.235441489359514,,
rec_20251130_124123.avi,videos__rec_20251130_124123__f012360.jpg,618.0,0.0704,6.806685174755175,4.775679069420613,0,15.837324184942474,11.876194567592698,,
rec_20251130_124123.avi,videos__rec_20251130_124123__f012380.jpg,619.0,0.0696,5.256864060004203,4.9681530656540485,0,15.49067616142861,13.321987205127062,,
rec_20251130_124123.avi,videos__rec_20251130_124123__f012400.jpg,620.0,0.0701,5.457206800849848,5.163774559732369,0,15.440545186835493,14.169410397810434,,
rec_20251130_124123.avi,videos__rec_20251130_124123__f012420.jpg,621.0,0.0709,4.8434516482815315,5.035645395152034,0,13.804174646447564,14.023316097265287,,
rec_20251130_124123.avi,videos__rec_20251130_124123__f012440.jpg,622.0,0.0678,3.5397881191708853,4.4373024847595754,0,11.367397744346476,12.960948756097764,,
rec_20251130_124123.avi,videos__rec_20251130_124123__f012460.jpg,623.0,0.0606,12.304291712909382,4.4373024847595754,0,66.17424265480082,34.246266315578985,,
rec_20251130_124123.avi,videos__rec_20251130_124123__f012480.jpg,624.0,0.0603,16.452799771459187,4.4373024847595754,1,37.18726984168035,35.42266772601953,,
rec_20251130_124123.avi,videos__rec_20251130_124123__f012500.jpg,625.0,0.0612,19.570781106691676,4.4373024847595754,1,52.79871088577613,42.37308498992218,,
rec_20251130_124123.avi,videos__rec_20251130_124123__f012520.jpg,626.0,0.0554,11.884742851906495,4.4373024847595754,0,85.47346419568868,59.61323667222878,,
rec_20251130_124123.avi,videos__rec_20251130_124123__f012540.jpg,627.0,0.0542,-44.293563235714494,4.4373024847595754,1,-54.01946954197945,14.160154186545487,,
rec_20251130_124123.avi,videos__rec_20251130_124123__f012560.jpg,628.0,0.0547,-21.933375590532293,4.4373024847595754,1,-27.983794587479622,-2.6974253230645573,,
rec_20251130_124123.avi,videos__rec_20251130_124123__f012580.jpg,629.0,0.0629,0.14910958717755318,2.7220253257267664,0,-3.5796991215247544,-3.0503348424486365,,
rec_20251130_124123.avi,videos__rec_20251130_124123__f012600.jpg,630.0,0.0658,2.851674330357782,2.773884927579173,0,-56.593755609008156,-24.46770314907245,9.592476004650985,59.635121511902184
rec_20251130_124123.avi,videos__rec_20251130_124123__f012620.jpg,631.0,0.0665,3.4857707017435655,3.05863923724493,0,-12.297904454575473,-19.59978367127366,,
rec_20251130_124123.avi,videos__rec_20251130_124123__f012640.jpg,632.0,0.0651,11.41103958736153,6.399599377291571,1,45.122001042159695,6.288930214099684,,
rec_20251130_124123.avi,videos__rec_20251130_124123__f012660.jpg,633.0,0.0641,8.857181196035437,7.382632104789117,0,33.89809893059527,17.332597700697917,,
rec_20251130_124123.avi,videos__rec_20251130_124123__f012680.jpg,634.0,0.0633,7.7813057962537355,7.542101581374965,0,59.6289894566749,34.25115440308871,,
rec_20251130_124123.avi,videos__rec_20251130_124123__f012700.jpg,635.0,0.0621,25.405776009392255,7.542101581374965,1,81.08184340296316,52.98343000303849,,
rec_20251130_124123.avi,videos__rec_20251130_124123__f012720.jpg,636.0,0.0631,-31.55812705441321,7.542101581374965,1,-1.8285284454059365,31.05864662366072,,
rec_20251130_124123.avi,videos__rec_20251130_124123__f012740.jpg,637.0,0.0623,-18.00166813874404,7.542101581374965,1,-1.408274587072583,18.071878139367396,,
rec_20251130_124123.avi,videos__rec_20251130_124123__f012760.jpg,638.0,0.0626,-14.2571925346137,7.542101581374965,1,-11.891909103273292,6.08636324231112,,
rec_20251130_124123.avi,videos__rec_20251130_124123__f012780.jpg,639.0,0.0659,-9.318998906842946,7.542101581374965,1,-13.600762211068059,-1.7884869390405522,,
rec_20251130_124123.avi,videos__rec_20251130_124123__f012800.jpg,640.0,0.0637,7.5568101174809,7.547984995817339,0,15.769150069216153,5.2345678642621305,,
rec_20251130_124123.avi,videos__rec_20251130_124123__f012820.jpg,641.0,0.0649,16.064645001025642,7.547984995817339,1,61.3751619522518,27.690805499458,6.755213887515132,68.76986328988528
rec_20251130_124123.avi,videos__rec_20251130_124123__f012840.jpg,642.0,0.065,12.007427647397376,9.331762056449353,0,51.45227222952059,37.19539219148304,,
rec_20251130_124123.avi,videos__rec_20251130_124123__f012860.jpg,643.0,0.0594,-0.3029895657574441,5.4778614075666345,1,49.74716639808196,42.21610187412261,,
rec_20251130_124123.avi,videos__rec_20251130_124123__f012880.jpg,644.0,0.0539,15.43503767808855,5.4778614075666345,1,64.01700184109137,50.936461860910114,,
rec_20251130_124123.avi,videos__rec_20251130_124123__f012900.jpg,645.0,0.0496,5.905593777490639,5.648954355536237,0,55.270619669783,52.67012498445927,,
rec_20251130_124123.avi,videos__rec_20251130_124123__f012920.jpg,646.0,0.0506,-21.690966483416968,5.648954355536237,1,9.24734864168255,35.30101444734858,5.946101214827441,81.3512501416576
rec_20251130_124123.avi,videos__rec_20251130_124123__f012940.jpg,647.0,0.0512,-8.685188430298487,5.648954355536237,1,38.02158128581215,36.389241182734004,,
rec_20251130_124123.avi,videos__rec_20251130_124123__f012960.jpg,648.0,0.0519,13.565846957364947,5.648954355536237,0,25.827573053192225,32.16457393091729,,
rec_20251130_124123.avi,videos__rec_20251130_124123__f012980.jpg,649.0,0.0547,-2.5489551688785004,5.648954355536237,1,23.96445734976305,28.884527298455595,,
rec_20251130_124123.avi,videos__rec_20251130_124123__f013000.jpg,650.0,0.061,-5.234459784661259,5.648954355536237,1,72.24006383312656,46.22674191232397,,
rec_20251130_124123.avi,videos__rec_20251130_124123__f013020.jpg,651.0,0.0627,7.8020074305753395,6.5101755855518775,0,86.76345968631085,62.44142902191872,,
rec_20251130_124123.avi,videos__rec_20251130_124123__f013040.jpg,652.0,0.06,4.284988647224726,5.620100810221016,0,86.26907225407155,71.97248631477984,,
rec_20251130_124123.avi,videos__rec_20251130_124123__f013060.jpg,653.0,0.0409,-1.1205795953657252,2.9238286479863196,0,51.069632003378615,63.61134459021935,,
rec_20251130_124123.avi,videos__rec_20251130_124123__f013080.jpg,654.0,0.0425,-3.889458354583937,2.9238286479863196,0,35.03612464168327,52.18125661080492,,
rec_20251130_124123.avi,videos__rec_20251130_124123__f013100.jpg,655.0,0.0472,2.033396999484933,2.567655988585765,0,28.294821747695153,42.62668266556101,,
rec_20251130_124123.avi,videos__rec_20251130_124123__f013120.jpg,656.0,0.0441,-4.845794965010697,2.567655988585765,0,59.773609122625146,49.48545324838667,,
rec_20251130_124123.avi,videos__rec_20251130_124123__f013140.jpg,657.0,0.0488,-3.5336590004406063,0.12712999297521632,0,66.34021215922206,56.22735681272083,,
rec_20251130_124123.avi,videos__rec_20251130_124123__f013160.jpg,658.0,0.0459,-4.433470461195867,0.12712999297521632,0,81.21274882846228,66.2215136190174,,
rec_20251130_124123.avi,videos__rec_20251130_124123__f013180.jpg,659.0,0.0468,-28.28641490068841,0.12712999297521632,1,84.95575835847,73.71521151479844,11.795426797897774,121.84775616769588
rec_20251130_124123.avi,videos__rec_20251130_124123__f013200.jpg,660.0,0.0404,-8.540244561611521,0.12712999297521632,1,77.27928264113467,75.14083996533293,,
rec_20251130_124123.avi,videos__rec_20251130_124123__f013220.jpg,661.0,0.0464,-5.125975706221001,0.12712999297521632,0,72.6087811856525,74.12801645346076,,
rec_20251130_124123.avi,videos__rec_20251130_124123__f013240.jpg,662.0,0.0511,2.704014524301816,1.1578838055058562,0,32.1878976739618,57.35196894166117,,
rec_20251130_124123.avi,videos__rec_20251130_124123__f013260.jpg,663.0,0.0424,11.25960937939888,5.198574035063066,1,41.182466402497255,50.8841679259956,,
rec_20251130_124123.avi,videos__rec_20251130_124123__f013280.jpg,664.0,0.0375,6.238372798923418,5.6144935406072065,0,64.27387270923725,56.24004983929226,,
rec_20251130_124123.avi,videos__rec_20251130_124123__f013300.jpg,665.0,0.0409,6.885917394613871,6.123063082209873,0,82.43153659299338,66.7166445407727,,
rec_20251130_124123.avi,videos__rec_20251130_124123__f013320.jpg,666.0,0.0414,15.950916488496707,6.123063082209873,1,87.54931904175015,75.04971434116368,,
rec_20251130_124123.avi,videos__rec_20251130_124123__f013340.jpg,667.0,0.0383,6.3993527624405795,6.233578954302155,0,66.64584285931869,71.68816574842569,,
rec_20251130_124123.avi,videos__rec_20251130_124123__f013360.jpg,668.0,0.0364,-9.56429064468966,6.233578954302155,1,71.84593759588853,71.75127448741083,,
rec_20251130_124123.avi,videos__rec_20251130_124123__f013380.jpg,669.0,0.0317,10.452682800617197,7.921220492828171,0,74.83408445506223,72.98439847447139,7.55208133269611,77.17422260051666
rec_20251130_124123.avi,videos__rec_20251130_124123__f013400.jpg,670.0,0.0456,5.140333305703035,6.808865617978117,0,61.573872035247405,68.42018789878179,,
rec_20251130_124123.avi,videos__rec_20251130_124123__f013420.jpg,671.0,0.045,-9.537375344626682,6.808865617978117,1,29.337191502536598,52.78698934028371,,
rec_20251130_124123.avi,videos__rec_20251130_124123__f013440.jpg,672.0,0.0529,-3.3867926760987,6.808865617978117,1,14.895795339060271,37.630511739794336,,
rec_20251130_124123.avi,videos__rec_20251130_124123__f013460.jpg,673.0,0.0496,-6.651579043462497,6.808865617978117,1,9.545964798275065,26.39669296318663,,
rec_20251130_124123.avi,videos__rec_20251130_124123__f013480.jpg,674.0,0.0576,1.1326008259527036,4.538359701167951,0,33.65442529817642,29.299785897182545,,
rec_20251130_124123.avi,videos__rec_20251130_124123__f013500.jpg,675.0,0.0571,1.326909448047105,3.253779599919613,0,51.72486286432252,38.26981668403853,,
rec_20251130_124123.avi,videos__rec_20251130_124123__f013520.jpg,676.0,0.0487,-1.7753148753759656,1.2421418098013814,0,35.25258433562584,37.062923744673455,,
rec_20251130_124123.avi,videos__rec_20251130_124123__f013540.jpg,677.0,0.0554,-0.23678838923250567,0.6505697301878266,0,54.02333726348468,43.847089152197945,,
rec_20251130_124123.avi,videos__rec_20251130_124123__f013560.jpg,678.0,0.0618,6.192395868488773,2.8673001855082054,0,49.99961866777278,46.30810095842788,,
rec_20251130_124123.avi,videos__rec_20251130_124123__f013580.jpg,679.0,0.0588,-9.523949410040789,2.8673001855082054,1,20.240915312225525,35.881226699946936,,
rec_20251130_124123.avi,videos__rec_20251130_124123__f013600.jpg,680.0,0.049,-9.56074771565123,2.8673001855082054,1,2.843711184529127,22.66622049377981,6.650767013714685,37.433959143334675
rec_20251130_124123.avi,videos__rec_20251130_124123__f013620.jpg,681.0,0.0503,-3.589249958547207,0.28468012788604047,0,28.504648332470424,25.001591629256055,,
rec_20251130_124123.avi,videos__rec_20251130_124123__f013640.jpg,682.0,0.0465,7.22173206322756,3.0595009020226485,0,7.8030689379475575,18.122182552732657,,
rec_20251130_124123.avi,videos__rec_20251130_124123__f013660.jpg,683.0,0.04,9.58237952611439,5.668652351659345,0,10.667264305561446,15.140215253864172,,
rec_20251130_124123.avi,videos__rec_20251130_124123__f013680.jpg,684.0,0.0332,9.462391133028548,7.186147864207026,0,41.03186460902464,25.49687499592836,,
rec_20251130_124123.avi,videos__rec_20251130_124123__f013700.jpg,685.0,0.0373,11.99705551506272,9.110510924549303,0,102.0919810589935,56.13491742115441,,
rec_20251130_124123.avi,videos__rec_20251130_124123__f013720.jpg,686.0,0.0431,32.24647432143017,9.110510924549303,1,116.10466207428726,80.12281528240756,,
rec_20251130_124123.avi,videos__rec_20251130_124123__f013740.jpg,687.0,0.0572,27.8405774961332,9.110510924549303,1,93.41637511390218,85.4402392150054,,
rec_20251130_124123.avi,videos__rec_20251130_124123__f013760.jpg,688.0,0.0602,34.267843101297004,9.110510924549303,1,100.39092906537843,91.42051515515462,,
rec_20251130_124123.avi,videos__rec_20251130_124123__f013780.jpg,689.0,0.0647,39.74061293975143,9.110510924549303,1,71.09650366426308,83.290910558798,,
rec_20251130_124123.avi,videos__rec_20251130_124123__f013800.jpg,690.0,0.0637,48.86621324864178,9.110510924549303,1,121.04338791995565,98.39190150326107,,
rec_20251130_124123.avi,videos__rec_20251130_124123__f013820.jpg,691.0,0.0658,45.54369580269194,9.110510924549303,1,105.26592639142928,101.14151145852836,8.053604853030178,65.60240475385194
rec_20251130_124123.avi,videos__rec_20251130_124123__f013840.jpg,692.0,0.0661,49.02379144611691,9.110510924549303,1,122.44343506035955,109.66228089926082,,
rec_20251130_124123.avi,videos__rec_20251130_124123__f013860.jpg,693.0,0.0664,42.78049656323178,9.110510924549303,1,101.52670031048075,106.40804866374879,,
rec_20251130_124123.avi,videos__rec_20251130_124123__f013880.jpg,694.0,0.0666,47.64028088099652,9.110510924549303,1,109.57976588404938,107.67673555186903,,
rec_20251130_124123.avi,videos__rec_20251130_124123__f013900.jpg,695.0,0.0672,38.149574875668975,9.110510924549303,1,104.91789801772734,106.57320053821235,,
rec_20251130_124123.avi,videos__rec_20251130_124123__f013920.jpg,696.0,0.0566,42.352585764704436,9.110510924549303,1,41.4595310425849,80.52773273996137,,
rec_20251130_124123.avi,videos__rec_20251130_124123__f013940.jpg,697.0,0.0603,4.106554856741099,7.108928497426022,0,3.781007362355467,49.82904258891901,,
rec_20251130_124123.avi,videos__rec_20251130_124123__f013960.jpg,698.0,0.0621,1.4832056104106264,4.858639342619864,0,13.287656932909101,35.21248832651504,,
rec_20251130_124123.avi,videos__rec_20251130_124123__f013980.jpg,699.0,0.0664,43.40595281805708,4.858639342619864,1,158.18328479591673,84.40080691427572,,
rec_20251130_124123.avi,videos__rec_20251130_124123__f014000.jpg,700.0,0.0618,23.299552717266767,4.858639342619864,1,2.045794308067798,51.458801871792545,,
rec_20251130_124123.avi,videos__rec_20251130_124123__f014020.jpg,701.0,0.0639,4.937866770902394,4.890330313932876,0,26.302145412089033,41.39613928791114,,
rec_20251130_124123.avi,videos__rec_20251130_124123__f014040.jpg,702.0,0.065,2.600157050219399,3.974261008447485,0,23.38381848209434,34.19121096558442,,
rec_20251130_124123.avi,videos__rec_20251130_124123__f014060.jpg,703.0,0.0635,-3.241505299550224,1.0879544852484015,0,29.692330149778456,32.39165863926203,4.902144111002071,43.61667859114311
rec_20251130_124123.avi,videos__rec_20251130_124123__f014080.jpg,704.0,0.0554,-22.351504024340688,1.0879544852484015,1,26.048178562242754,29.854266608454324,,
rec_20251130_124123.avi,videos__rec_20251130_124123__f014100.jpg,705.0,0.0564,-25.504618400999085,1.0879544852484015,1,44.589884720224916,35.748513853162564,4.729007569633576,56.20867902075503
rec_20251130_124123.avi,videos__rec_20251130_124123__f014120.jpg,706.0,0.0616,-0.8708846638034774,0.30441882562764994,0,48.794174296739584,40.966778030593375,,
rec_20251130_124123.avi,videos__rec_20251130_124123__f014140.jpg,707.0,0.0543,21.191598042811552,0.30441882562764994,1,83.09579141053462,57.81838338256987,,
rec_20251130_124123.avi,videos__rec_20251130_124123__f014160.jpg,708.0,0.0567,-6.10369548552448,0.30441882562764994,0,15.60193528951686,40.931804145348664,,
rec_20251130_124123.avi,videos__rec_20251130_124123__f014180.jpg,709.0,0.0634,13.122021201205355,0.30441882562764994,1,23.495335345800243,33.9572166255293,,
rec_20251130_124123.avi,videos__rec_20251130_124123__f014200.jpg,710.0,0.0592,-22.53924601081396,0.30441882562764994,1,7.900140709861944,23.534386259262355,,
rec_20251130_124123.avi,videos__rec_20251130_124123__f014220.jpg,711.0,0.0565,-27.804000159526367,0.30441882562764994,1,7.74199174621549,17.21742845404361,,
rec_20251130_124123.avi,videos__rec_20251130_124123__f014240.jpg,712.0,0.0427,-35.229145982944644,0.30441882562764994,1,0.08024922995764427,10.362556764409224,,
rec_20251130_124123.avi,videos__rec_20251130_124123__f014260.jpg,713.0,0.0465,-37.74565324575128,0.30441882562764994,1,-43.956832095775326,-11.365198779664599,,
rec_20251130_124123.avi,videos__rec_20251130_124123__f014280.jpg,714.0,0.0442,-34.202020441726,0.30441882562764994,1,-43.27881092781968,-24.130643638926628,,
rec_20251130_124123.avi,videos__rec_20251130_124123__f014300.jpg,715.0,0.0492,-12.522535364980197,0.30441882562764994,1,-44.850188052392696,-32.41846140431306,,
rec_20251130_124123.avi,videos__rec_20251130_124123__f014320.jpg,716.0,0.0509,-18.923019707804524,0.30441882562764994,1,-39.88028624733789,-35.40319134152299,,
rec_20251130_124123.avi,videos__rec_20251130_124123__f014340.jpg,717.0,0.0538,-4.613676889406785,-1.6628194603861244,0,-15.668396431955784,-27.509273377696108,6.303681435490666,72.60631864901006
rec_20251130_124123.avi,videos__rec_20251130_124123__f014360.jpg,718.0,0.0637,-4.98791020075026,-2.992855756531779,0,23.990188179755023,-6.909488754715653,,
rec_20251130_124123.avi,videos__rec_20251130_124123__f014380.jpg,719.0,0.0542,-17.03552673226874,-2.992855756531779,1,29.71849648226282,7.741705340075737,,
rec_20251130_124123.avi,videos__rec_20251130_124123__f014400.jpg,720.0,0.0515,-22.249130310524926,-2.992855756531779,1,45.634797492559585,22.898942201069275,,
rec_20251130_124123.avi,videos__rec_20251130_124123__f014420.jpg,721.0,0.0547,-27.20590795579955,-2.992855756531779,1,11.572955120475115,18.36854736883161,,
rec_20251130_124123.avi,videos__rec_20251130_124123__f014440.jpg,722.0,0.0529,-17.598049904941767,-2.992855756531779,1,15.278132494697388,17.13238141917792,,
rec_20251130_124123.avi,videos__rec_20251130_124123__f014460.jpg,723.0,0.0618,0.021144330300102824,-1.7872557217990261,0,24.514271154490473,20.085137313302944,,
rec_20251130_124123.avi,videos__rec_20251130_124123__f014480.jpg,724.0,0.0413,-32.183215113193214,-1.7872557217990261,1,-26.496103119497377,1.4526411401828145,,
rec_20251130_124123.avi,videos__rec_20251130_124123__f014500.jpg,725.0,0.0655,9.758045629690223,2.8308648187966736,1,62.552805367269,25.89270683101729,,
rec_20251130_124123.avi,videos__rec_20251130_124123__f014520.jpg,726.0,0.0662,18.978319679562098,2.8308648187966736,1,87.10182541480145,50.37635426453096,,
rec_20251130_124123.avi,videos__rec_20251130_124123__f014540.jpg,727.0,0.0568,-8.554407953681196,2.8308648187966736,1,53.21630338407306,51.5123339123478,,
rec_20251130_124123.avi,videos__rec_20251130_124123__f014560.jpg,728.0,0.056,-16.635818159097585,2.8308648187966736,1,35.115353388952826,44.95354170298981,,
rec_20251130_124123.avi,videos__rec_20251130_124123__f014580.jpg,729.0,0.0692,-6.7883048602150735,2.8308648187966736,1,34.30634028132255,40.69466113432291,,
rec_20251130_124123.avi,videos__rec_20251130_124123__f014600.jpg,730.0,0.0654,3.0946964092497278,2.9363974549778953,0,45.19574009775795,42.49509271969693,,
rec_20251130_124123.avi,videos__rec_20251130_124123__f014620.jpg,731.0,0.0515,6.37484396172035,4.311776057674877,0,22.538336711955083,34.51239031660019,,
rec_20251130_124123.avi,videos__rec_20251130_124123__f014640.jpg,732.0,0.046,8.227374720380947,5.878015522757305,0,34.753961813581725,34.60901891539281,,
rec_20251130_124123.avi,videos__rec_20251130_124123__f014660.jpg,733.0,0.0524,6.256717546341421,6.029496332190952,0,72.89808185876569,49.924644092741964,6.471716202458222,73.97330959758688
rec_20251130_124123.avi,videos__rec_20251130_124123__f014680.jpg,734.0,0.0475,7.011855816123734,6.422440125764065,0,88.48791349488067,65.34995185359745,,
rec_20251130_124123.avi,videos__rec_20251130_124123__f014700.jpg,735.0,0.049,-7.934428832844246,6.422440125764065,1,88.17550676792388,74.48017381932802,,
rec_20251130_124123.avi,videos__rec_20251130_124123__f014720.jpg,736.0,0.0482,-5.251160886300792,6.422440125764065,1,18.332226413510853,52.02099485700115,,
rec_20251130_124123.avi,videos__rec_20251130_124123__f014740.jpg,737.0,0.0605,-4.084158844673853,2.2198005375888976,1,40.96633273592863,47.599130008572146,,
rec_20251130_124123.avi,videos__rec_20251130_124123__f014760.jpg,738.0,0.063,0.13534462023876112,1.3860181706488428,0,81.54469746197492,61.17735698993326,,
rec_20251130_124123.avi,videos__rec_20251130_124123__f014780.jpg,739.0,0.0737,5.209519654886769,2.9154187643440137,0,98.66890815423108,76.17397745565239,,
rec_20251130_124123.avi,videos__rec_20251130_124123__f014800.jpg,740.0,0.0762,0.42520055606221946,1.919331481031296,0,117.52326875577165,92.7136939757001,,
rec_20251130_124123.avi,videos__rec_20251130_124123__f014820.jpg,741.0,0.0691,29.050260165614652,1.919331481031296,1,143.8967295281526,113.18690819668109,9.807214145586045,147.98199301156154
rec_20251130_124123.avi,videos__rec_20251130_124123__f014840.jpg,742.0,0.0493,0.8602581401976346,1.4957021446978314,0,141.95485035239733,124.69408505896759,,
rec_20251130_124123.avi,videos__rec_20251130_124123__f014860.jpg,743.0,0.0394,2.3994428329504305,1.8571984199988711,0,150.4958025507089,135.0147720556641,,
rec_20251130_124123.avi,videos__rec_20251130_124123__f014880.jpg,744.0,0.0348,1.934534625141901,1.8881329020560833,0,168.30933810524994,148.33259847549843,,
rec_20251130_124123.avi,videos__rec_20251130_124123__f014900.jpg,745.0,0.0222,-11.869122057072007,1.8881329020560833,1,133.65161949542596,142.46020688346943,,
rec_20251130_124123.avi,videos__rec_20251130_124123__f014920.jpg,746.0,0.0547,15.89863282453074,1.8881329020560833,1,155.03989707490473,147.49208296004355,,
rec_20251130_124123.avi,videos__rec_20251130_124123__f014940.jpg,747.0,0.0588,10.170142366647836,5.200936687892785,1,123.41873750383718,137.862744777561,,
rec_20251130_124123.avi,videos__rec_20251130_124123__f014960.jpg,748.0,0.0619,29.331484988818648,5.200936687892785,1,128.85751063034115,134.26065111867305,,
rec_20251130_124123.avi,videos__rec_20251130_124123__f014980.jpg,749.0,0.0576,25.946414697829784,5.200936687892785,1,140.53419813888843,136.77006992675922,13.159825294336994,175.85890901549647
rec_20251130_124123.avi,videos__rec_20251130_124123__f015000.jpg,750.0,0.0629,12.38185378528864,5.200936687892785,0,144.0453000264945,139.68016196665332,,
rec_20251130_124123.avi,videos__rec_20251130_124123__f015020.jpg,751.0,0.0638,35.87893446172787,5.200936687892785,1,174.787381513423,153.72304978536118,,
rec_20251130_124123.avi,videos__rec_20251130_124123__f015040.jpg,752.0,0.0642,-4.5888343033102945,1.285028291411553,1,122.35597974546238,141.17622176940165,,
rec_20251130_124123.avi,videos__rec_20251130_124123__f015060.jpg,753.0,0.0645,3.5886875249497954,2.20649198482685,0,131.5553902816793,137.3278891743127,,
rec_20251130_124123.avi,videos__rec_20251130_124123__f015080.jpg,754.0,0.0642,-2.0770482858147603,0.4930758765702059,0,125.00358038887782,132.39816566013874,,
rec_20251130_124123.avi,videos__rec_20251130_124123__f015100.jpg,755.0,0.065,-13.622107947968043,0.4930758765702059,1,74.61515378964486,109.2849609119412,,
rec_20251130_124123.avi,videos__rec_20251130_124123__f015120.jpg,756.0,0.0647,-7.449832180584667,0.4930758765702059,0,81.27645920753741,98.08156023017969,,
rec_20251130_124123.avi,videos__rec_20251130_124123__f015140.jpg,757.0,0.0641,-14.18488512739874,0.4930758765702059,1,76.13060751787157,89.30117914525644,,
rec_20251130_124123.avi,videos__rec_20251130_124123__f015160.jpg,758.0,0.0665,-19.1543700774857,0.4930758765702059,1,62.00343010623078,78.38207952964618,11.992561987010806,164.58574717740134
rec_20251130_124123.avi,videos__rec_20251130_124123__f015180.jpg,759.0,0.0674,20.152635866449952,0.4930758765702059,1,163.25618125263986,112.33172021884366,,
rec_20251130_124123.avi,videos__rec_20251130_124123__f015200.jpg,760.0,0.0672,-25.7797929907545,0.4930758765702059,1,50.36116077866751,87.54349644277319,,
rec_20251130_124123.avi,videos__rec_20251130_124123__f015220.jpg,761.0,0.0686,-27.55729193118722,0.4930758765702059,1,41.429372188521825,69.09784674107264,,
rec_20251130_124123.avi,videos__rec_20251130_124123__f015240.jpg,762.0,0.0694,-6.9469131762707,0.4930758765702059,0,38.57606780912653,56.889135168294196,,
rec_20251130_124123.avi,videos__rec_20251130_124123__f015260.jpg,763.0,0.0686,-24.284081176286005,0.4930758765702059,1,26.90033653390043,44.89361571453669,,
rec_20251130_124123.avi,videos__rec_20251130_124123__f015280.jpg,764.0,0.0631,-25.548930099916266,0.4930758765702059,1,7.476156524829889,29.92663203865397,,
rec_20251130_124123.avi,videos__rec_20251130_124123__f015300.jpg,765.0,0.0667,-9.830534044387488,0.4930758765702059,1,20.92750022256189,26.32697931221714,,
rec_20251130_124123.avi,videos__rec_20251130_124123__f015320.jpg,766.0,0.0657,-10.292062662112471,0.4930758765702059,1,22.48091761745843,24.788554634313655,,
rec_20251130_124123.avi,videos__rec_20251130_124123__f015340.jpg,767.0,0.0706,-20.79530695902892,0.4930758765702059,1,59.8047453724821,38.79503092958103,,
rec_20251130_124123.avi,videos__rec_20251130_124123__f015360.jpg,768.0,0.0723,-9.68516893826208,0.4930758765702059,1,45.69508554555341,41.55505277596998,,
rec_20251130_124123.avi,videos__rec_20251130_124123__f015380.jpg,769.0,0.0723,-7.85248599740867,0.4930758765702059,1,38.140213080788556,40.189116897897414,7.373136349786521,88.85855499148482
rec_20251130_124123.avi,videos__rec_20251130_124123__f015400.jpg,770.0,0.0599,-1.3855469590461624,-0.25837325767634145,0,36.422673830305826,38.68253967086078,,
rec_20251130_124123.avi,videos__rec_20251130_124123__f015420.jpg,771.0,0.0654,-5.531254493081452,-2.367525751838386,0,29.968342404117777,35.196860764163574,,
rec_20251130_124123.avi,videos__rec_20251130_124123__f015440.jpg,772.0,0.0639,-1.9660623815497216,-2.2069404037229203,0,30.684365440958118,33.39186263488139,10.653570359326327,103.51035558769297
