frame,video,quality,drop,near_dup,flags,sharpness,brightness,contrast,over_exp,under_exp,veg_frac,n_anchors,reach_la,fit_resid,peak_ratio,over_bend,heading,e_pct,dup_diff
videos__rec_20251130_030636__f000000.jpg,rec_20251130_030636.avi,79.8,0,0,,10882.32093144708,155.74235677083334,73.243886887034,0.03376953125,0.021344401041666666,0.07433712121212122,9,1,2.3534583223462846,1.195361365679863,0,0.7510430323317564,4.890449718288199,99.0
videos__rec_20251130_124123__f000000.jpg,rec_20251130_124123.avi,62.3,0,0,ambiguous_row,7512.510006068547,112.52685872395833,59.18720373442737,0.003720703125,0.051282552083333335,0.12060546875,9,1,19.555281142519107,1.0168857529275879,0,21.903273374682747,21.288503398643748,99.0
videos__rec_20251130_030636__f000020.jpg,rec_20251130_030636.avi,82.5,0,0,,11510.070591226946,131.974248046875,70.81281009227804,0.011419270833333333,0.08,0.11572265625,9,1,7.0332926405063745,1.0794567185070307,0,-1.5841163451038678,3.6452935488973286,23.81673240661621
videos__rec_20251130_124123__f000020.jpg,rec_20251130_124123.avi,76.3,0,0,,10456.803979073326,122.42794270833333,60.86807083627712,0.005602213541666666,0.051337890625,0.09994969223484848,9,1,10.181510431619245,1.184948653000807,0,-13.821741819864867,-7.692134243677681,19.64290428161621
videos__rec_20251130_030636__f000040.jpg,rec_20251130_030636.avi,84.2,0,0,,11064.638177406141,126.37019205729166,69.32924048405496,0.008401692708333333,0.08701822916666667,0.12212949810606061,9,1,4.300985527628086,1.1493569245248436,0,1.0281989822218076,4.699505084098998,5.995768070220947
videos__rec_20251130_124123__f000040.jpg,rec_20251130_124123.avi,75.7,0,0,,11591.528618640634,125.55925455729167,61.90123695074967,0.006796875,0.051552734375,0.09928385416666667,9,1,14.844171735634973,1.0666737026593316,0,-18.40211074398786,-10.217633729891045,6.6708984375
videos__rec_20251130_030636__f000060.jpg,rec_20251130_030636.avi,85.7,0,0,,11230.076020505101,125.665908203125,69.05219705757776,0.007841796875,0.08738606770833333,0.12149325284090909,9,1,2.903441973070983,1.1440483885096795,0,-0.7966952923174357,4.225533756654194,2.4026691913604736
videos__rec_20251130_124123__f000060.jpg,rec_20251130_124123.avi,86.5,0,0,,11506.219756467011,125.36900065104167,62.49803059900292,0.0071484375,0.05381184895833333,0.09829249526515152,9,1,2.788472774542072,1.7233751356060374,0,5.7369325247651,2.4788396910065558,5.043619632720947
videos__rec_20251130_030636__f000080.jpg,rec_20251130_030636.avi,85.9,0,0,,11285.752820874523,126.17978841145833,68.88292739055687,0.00806640625,0.08326822916666667,0.12303207859848485,9,1,3.1255152345739248,1.153103151075207,0,-0.18246307623853475,4.168078524506491,2.5520832538604736
videos__rec_20251130_124123__f000080.jpg,rec_20251130_124123.avi,73.6,0,0,,12136.228243088523,127.45435221354167,62.82534595738417,0.007356770833333333,0.0561328125,0.09787819602272728,9,1,19.981308591877337,1.175636245089359,0,-19.672521593334743,-11.404798388364554,5.233072757720947
videos__rec_20251130_030636__f000100.jpg,rec_20251130_030636.avi,83.9,0,0,,11201.355787463282,125.89380859375,68.83967687829566,0.007724609375,0.08345703125,0.12365352746212122,9,1,5.270799378901302,1.078709834300715,0,-0.08403036497065657,4.3476075730273855,2.4915363788604736
videos__rec_20251130_124123__f000100.jpg,rec_20251130_124123.avi,82.0,0,0,,12559.476812727185,127.51298828125,63.16945578208309,0.0076302083333333335,0.059039713541666664,0.09842566287878787,9,1,9.8622852482153,1.1010148902208245,0,-11.303966683993739,-5.44681563170176,3.2317707538604736
videos__rec_20251130_030636__f000120.jpg,rec_20251130_030636.avi,87.0,0,0,,11215.488404937065,126.51113932291666,69.4124108467738,0.008408203125,0.08837565104166667,0.12238103693181818,9,1,1.1970811152780811,1.1369809706231009,0,-0.8549248438236453,4.214367170875235,6.029296875
videos__rec_20251130_124123__f000120.jpg,rec_20251130_124123.avi,74.2,0,0,,12103.869582095671,126.71208658854167,62.399003551971575,0.007724609375,0.05179361979166667,0.10005326704545454,9,1,19.590669661286142,1.2380242427640349,0,-19.485762515891878,-11.604016681843756,4.847330570220947
videos__rec_20251130_030636__f000140.jpg,rec_20251130_030636.avi,83.9,0,0,,11588.22441335653,133.06976236979168,64.62871392663418,0.007327473958333333,0.05154622395833333,0.12267696496212122,9,1,7.302497125630509,1.1494351763242763,0,-1.502432653211098,3.804449948627564,18.02799415588379
videos__rec_20251130_124123__f000140.jpg,rec_20251130_124123.avi,72.2,0,0,,11015.14709890763,123.40408854166667,61.970202959958186,0.007360026041666667,0.05109700520833333,0.10996685606060606,9,1,19.39922823193001,1.246346637067425,0,-19.15795426848264,-11.813048864304143,10.049479484558105
videos__rec_20251130_030636__f000160.jpg,rec_20251130_030636.avi,85.1,0,0,,11375.907430313957,130.99155598958333,64.01137518173643,0.006614583333333333,0.06103515625,0.12525153882575757,9,1,4.883749431000638,1.0785864432083017,0,0.6527622511269945,4.606999142800028,11.9853515625
videos__rec_20251130_124123__f000160.jpg,rec_20251130_124123.avi,82.4,0,0,,10160.342742280309,121.87972330729167,61.21171988562103,0.007415364583333334,0.048193359375,0.12553267045454544,9,1,4.549886341541253,1.2390753991729975,0,-9.339458728661032,-5.661424057939506,17.2255859375
videos__rec_20251130_030636__f000180.jpg,rec_20251130_030636.avi,85.2,0,0,,11448.368632686996,130.25610026041667,64.86775859674009,0.007151692708333333,0.0623828125,0.12458570075757576,9,1,4.8119418173193935,1.0686426168751162,0,7.874751717041459,3.695228032266229,7.4091796875
videos__rec_20251130_124123__f000180.jpg,rec_20251130_124123.avi,80.3,0,0,,12271.357156837452,127.02132161458333,64.6734339161246,0.009638671875,0.049654947916666664,0.09635416666666667,9,1,12.61720579245781,1.4863177772247371,0,-17.2565003092567,-8.579463921766077,18.5263671875
videos__rec_20251130_030636__f000200.jpg,rec_20251130_030636.avi,82.5,0,0,ambiguous_row,10304.422883243813,130.05496419270833,63.97018116706326,0.009749348958333333,0.06349283854166667,0.12998638731060605,9,1,4.232660746736315,1.0117575201036928,0,1.6017014271795866,5.152971301811196,13.172200202941895
videos__rec_20251130_124123__f000200.jpg,rec_20251130_124123.avi,75.0,0,0,,12275.101353212993,125.05889322916667,64.4893930661926,0.009739583333333333,0.044462890625,0.09913589015151515,9,1,19.16645012554642,1.2755776158848096,0,-19.804619601314517,-12.038325422443812,5.5107421875
videos__rec_20251130_030636__f000220.jpg,rec_20251130_030636.avi,83.0,0,0,,10305.640800923147,128.59182291666667,63.88841208513722,0.012122395833333334,0.06676432291666666,0.1361712831439394,9,1,4.632847450550685,1.1246015662331226,0,0.3881816543953434,2.7202981195014075,6.798177242279053
videos__rec_20251130_124123__f000220.jpg,rec_20251130_124123.avi,85.4,0,0,,11788.674608925334,122.35805989583334,65.69671852049383,0.00919921875,0.061061197916666664,0.09870679450757576,9,1,4.9678517071931765,1.6631112956483514,0,-7.398885637099305,-5.435613366828029,7.036458492279053
videos__rec_20251130_030636__f000240.jpg,rec_20251130_030636.avi,80.7,0,0,,10371.710154424783,128.70146809895834,63.470351329141735,0.0083984375,0.06470052083333333,0.13361150568181818,9,1,7.852459019813864,1.089572553635745,0,1.1432067699145547,3.2334011565863108,7.509765625
videos__rec_20251130_124123__f000240.jpg,rec_20251130_124123.avi,84.3,0,0,,11584.380781198079,122.26798828125,64.35655226159852,0.008912760416666667,0.04516276041666667,0.0966796875,9,1,3.4314277798955573,1.1878918943358028,0,6.6401866528780795,0.9119183631953831,12.994791984558105
videos__rec_20251130_030636__f000260.jpg,rec_20251130_030636.avi,84.3,0,0,,10260.30320729691,124.92225911458333,63.75900358683458,0.008079427083333333,0.067138671875,0.13466205018939395,9,1,2.5869925116741683,1.0684929945646016,0,5.120444919733306,3.9450548131465624,9.076823234558105
videos__rec_20251130_124123__f000260.jpg,rec_20251130_124123.avi,78.1,0,0,,11891.764759618973,121.92640625,67.04196952439538,0.008792317708333334,0.087939453125,0.09662050189393939,9,1,12.028693957760083,1.0857138964645279,0,-16.678718383111338,-10.20760280242147,29.15625
videos__rec_20251130_030636__f000280.jpg,rec_20251130_030636.avi,83.8,0,0,ambiguous_row,10065.765897124567,124.93566731770834,63.51949866706571,0.00822265625,0.066669921875,0.1353426846590909,9,1,2.399949165085104,1.0238301086540447,0,6.429465556422936,5.1107891926579185,5.2080078125
videos__rec_20251130_124123__f000280.jpg,rec_20251130_124123.avi,77.5,0,0,,11517.791516450843,126.83815104166666,61.14798037657039,0.008470052083333334,0.023346354166666666,0.10646010890151515,9,1,13.37702902755052,1.0967054766272333,0,-17.946755452336895,-10.951421320056252,22.84212303161621
videos__rec_20251130_030636__f000300.jpg,rec_20251130_030636.avi,83.5,0,0,ambiguous_row,10136.139108402464,126.04443359375,62.62937556137559,0.008362630208333333,0.054772135416666666,0.13316761363636365,9,1,2.8128689011444976,1.0135617900065652,0,7.188250308769121,5.224655437280443,6.898111820220947
videos__rec_20251130_124123__f000300.jpg,rec_20251130_124123.avi,77.4,0,0,,11279.803994352458,129.123681640625,61.54567488241542,0.010348307291666666,0.011070963541666666,0.11144649621212122,9,1,14.010401989263642,1.2710574429635686,0,20.648781274736876,20.25096314166019,15.066081047058105
videos__rec_20251130_030636__f000320.jpg,rec_20251130_030636.avi,79.3,0,0,,9644.66922341512,121.55134114583333,65.62102533220009,0.008251953125,0.08386067708333333,0.13365589488636365,9,1,6.439771757403605,1.05635142257631,0,0.9405173950548714,2.9719903679971793,13.336588859558105
videos__rec_20251130_124123__f000320.jpg,rec_20251130_124123.avi,84.2,0,0,,11151.742632977794,130.71271484375,62.40857427485624,0.011285807291666667,0.010595703125,0.12417140151515152,9,1,5.91161628186353,1.2516843749973514,0,-13.026890900310852,-15.597881492637827,14.880208015441895
videos__rec_20251130_030636__f000340.jpg,rec_20251130_030636.avi,82.2,0,0,,9856.038570191695,122.82018880208334,67.22632472210151,0.009264322916666666,0.08776692708333333,0.12810724431818182,9,1,2.7100804676759935,1.0709931772778192,0,0.03691535759237533,4.462958841651403,5.765299320220947
videos__rec_20251130_124123__f000340.jpg,rec_20251130_124123.avi,75.3,0,0,,13091.482751216876,136.87864583333334,61.208816190286115,0.011422526041666667,0.012093098958333333,0.09632457386363637,9,1,19.25053342888657,1.2298280490601883,0,25.1176481891121,22.715964606193317,14.8984375
videos__rec_20251130_030636__f000360.jpg,rec_20251130_030636.avi,83.7,0,0,,10367.242573886015,125.40243489583334,66.80413495582653,0.010104166666666666,0.06895182291666667,0.13041548295454544,9,1,3.00577170319832,1.0462707104102074,0,0.3917742504173246,4.449103381055419,5.169921875
videos__rec_20251130_124123__f000360.jpg,rec_20251130_124123.avi,79.7,0,0,,13930.901242700951,135.726025390625,59.12150711821412,0.009114583333333334,0.013639322916666667,0.09802616003787878,9,1,13.287137832224232,1.1221031031501356,0,-17.238929526559296,-10.709181593458315,7.870442867279053
videos__rec_20251130_030636__f000380.jpg,rec_20251130_030636.avi,84.3,0,0,,10470.19678522538,126.50185872395834,66.61430507838683,0.010374348958333333,0.06327799479166667,0.12889145359848486,9,1,2.425971924814064,1.0556501961817626,0,6.319786109378329,5.089478817135742,3.2320964336395264
videos__rec_20251130_124123__f000380.jpg,rec_20251130_124123.avi,82.3,0,0,,13360.285600169504,134.83224283854167,56.43855099019926,0.007757161458333333,0.013141276041666667,0.10045276988636363,9,1,10.387854567254806,1.247267039714495,0,-19.208410416904808,-8.59823917911589,7.182291507720947
videos__rec_20251130_030636__f000400.jpg,rec_20251130_030636.avi,84.5,0,0,ambiguous_row,10556.886054936347,126.68883138020833,66.64456204373704,0.010569661458333334,0.061536458333333335,0.12828480113636365,9,1,2.2798779207095095,1.02029431466562,0,-0.0548051745890375,4.589750790914913,2.5315754413604736
videos__rec_20251130_124123__f000400.jpg,rec_20251130_124123.avi,81.8,0,0,,13126.699840278105,133.923505859375,56.21678983358375,0.007457682291666667,0.013583984375,0.10145892518939394,9,1,10.348400541375554,1.0809612616958386,0,18.839189188704086,7.673945451047412,3.2727863788604736
videos__rec_20251130_030636__f000420.jpg,rec_20251130_030636.avi,83.4,0,0,,10312.259599339288,123.58521484375,68.41425930645772,0.01041015625,0.08030924479166666,0.12963127367424243,9,1,2.903441973070983,1.0479518668160486,0,-0.7966952923174357,4.225533756654194,6.982421875
videos__rec_20251130_124123__f000420.jpg,rec_20251130_124123.avi,78.4,0,0,ambiguous_row,13002.624151325217,133.78479817708333,56.326880187571156,0.007268880208333333,0.0134765625,0.1006155303030303,9,1,14.645976454286995,1.023357843653891,0,-18.601112465887667,-10.943881158889948,4.2529296875
videos__rec_20251130_030636__f000440.jpg,rec_20251130_030636.avi,83.5,0,0,ambiguous_row,10396.826535886592,124.91258463541666,67.67680414655773,0.010520833333333333,0.076416015625,0.12977923768939395,9,1,3.0816439181668898,1.0210828640175433,0,5.93449555463125,4.767745807083266,4.461588382720947
videos__rec_20251130_124123__f000440.jpg,rec_20251130_124123.avi,80.4,0,0,,10819.495737196343,133.91848307291667,55.59748016145245,0.006832682291666667,0.011715494791666666,0.10224313446969698,9,1,6.171832047539169,1.1834235293819364,0,-9.134593373473997,-5.619171741020104,16.93489646911621
videos__rec_20251130_030636__f000460.jpg,rec_20251130_030636.avi,80.5,0,0,,9750.341346177674,125.00733072916667,66.80319386513887,0.010166015625,0.070615234375,0.13105172821969696,9,1,4.951864169145779,1.0641533904466303,0,-0.26027211521231713,4.088499625178841,4.782877445220947
videos__rec_20251130_124123__f000460.jpg,rec_20251130_124123.avi,80.5,0,0,,10939.107848583975,134.08307291666668,55.86892782474306,0.007242838541666667,0.011031901041666667,0.10611979166666667,9,1,7.17596242346815,1.2197910472378146,0,-17.483445164048856,-21.163996179077014,35.55891799926758
videos__rec_20251130_030636__f000480.jpg,rec_20251130_030636.avi,83.6,0,0,ambiguous_row,10012.837553510497,122.249912109375,68.34108535085157,0.009755859375,0.09825520833333333,0.13199869791666666,9,1,1.5117589247171281,1.0090424267749525,0,-0.23383514954495765,4.451908378264022,6.7783203125
videos__rec_20251130_124123__f000480.jpg,rec_20251130_124123.avi,83.6,0,0,,11897.034804687453,134.34370768229167,56.184419059978346,0.007210286458333334,0.0121875,0.10694839015151515,9,1,6.282267747862761,1.0623536425839575,0,-20.578300462876378,-21.49935541376631,9.550456047058105
videos__rec_20251130_030636__f000500.jpg,rec_20251130_030636.avi,84.6,0,0,ambiguous_row,10147.378243077552,126.785361328125,65.51520086340899,0.009993489583333333,0.06848307291666667,0.1308297821969697,9,1,0.8363535840404666,1.0058360005624267,0,0.22898623821012926,4.532608761069703,14.205078125
videos__rec_20251130_124123__f000500.jpg,rec_20251130_124123.avi,79.2,0,0,,10772.22287287801,133.08577473958334,55.60113087584834,0.0047786458333333335,0.011422526041666667,0.10807291666666667,9,1,8.528035961333103,1.1770696840228636,0,20.431649708916915,25.45114769062664,16.05794334411621
videos__rec_20251130_030636__f000520.jpg,rec_20251130_030636.avi,84.7,0,0,ambiguous_row,10425.411458138264,125.44809244791666,66.81856765893335,0.010208333333333333,0.07776041666666667,0.13051905776515152,9,1,1.6553946552863295,1.0202447699334827,0,0.9606157921020275,4.836969940665643,13.294596672058105
videos__rec_20251130_124123__f000520.jpg,rec_20251130_124123.avi,81.3,0,0,,10678.550179442502,132.35564127604167,56.14805177252799,0.004348958333333333,0.011116536458333333,0.10712594696969698,9,1,6.873973378985397,1.516688038682702,0,-15.128165328955868,-22.406538916577333,38.0419921875
videos__rec_20251130_030636__f000540.jpg,rec_20251130_030636.avi,85.0,0,0,ambiguous_row,10598.171579591526,124.7433984375,67.8945910716307,0.010266927083333334,0.08221028645833334,0.13072620738636365,9,1,1.9811614167521157,1.0185078890501638,0,6.735808430289763,5.192068737549107,8.544921875
videos__rec_20251130_124123__f000540.jpg,rec_20251130_124123.avi,80.8,0,0,,11238.680175638669,130.6114453125,57.487884156002714,0.004485677083333334,0.012740885416666667,0.11908143939393939,9,1,9.632332422073716,1.0713130389560424,0,29.041835911707974,23.857189176007658,38.0556640625
videos__rec_20251130_030636__f000560.jpg,rec_20251130_030636.avi,82.3,0,0,,10491.9964525163,124.925673828125,67.86200501730798,0.009908854166666667,0.081962890625,0.13051905776515152,9,1,5.143315267628736,1.03305306838256,0,2.2056918471966007,5.225510378556635,5.428060054779053
videos__rec_20251130_124123__f000560.jpg,rec_20251130_124123.avi,76.3,0,0,,10073.915862049857,130.37506510416668,57.36016814802515,0.004554036458333333,0.011295572916666666,0.12926136363636365,9,1,13.298296400438574,1.2756181632973211,0,2.777122134252504,-10.197942934580002,38.501953125
videos__rec_20251130_030636__f000580.jpg,rec_20251130_030636.avi,84.4,0,0,,10749.634824926588,127.85200846354167,67.9516759891108,0.007249348958333333,0.0848828125,0.13050426136363635,9,1,3.5972854654972366,1.0492120012955377,0,8.226658522402374,5.848283436094839,10.5703125
videos__rec_20251130_124123__f000580.jpg,rec_20251130_124123.avi,84.3,0,0,,9378.159429968897,130.40190104166666,57.318872603552585,0.004716796875,0.009010416666666667,0.1513671875,9,1,1.9530333256732888,1.1151788614451328,0,8.697482828538657,-4.3883401715408965,41.58366012573242
videos__rec_20251130_030636__f000600.jpg,rec_20251130_030636.avi,80.9,0,0,,10209.010863403153,127.97169270833334,67.9343270073151,0.009742838541666667,0.08844401041666666,0.13426254734848486,9,1,6.640676288622785,1.0816016067253624,0,-0.6617387930457923,4.269093285626493,10.002278327941895
videos__rec_20251130_124123__f000600.jpg,rec_20251130_124123.avi,84.7,0,0,,9852.743362538613,131.54060872395834,57.887768946815285,0.005319010416666666,0.010751953125,0.1504202178030303,9,1,4.507114637071993,1.35541777391046,0,4.698786018224254,-2.810880514613725,46.109375
videos__rec_20251130_030636__f000620.jpg,rec_20251130_030636.avi,82.9,0,0,,10081.151161549886,127.586357421875,68.13758405906465,0.010299479166666667,0.09007161458333333,0.13396661931818182,9,1,3.4658105176735603,1.1070396680199703,0,-0.11127387241340615,4.596859812194136,7.064778804779053
videos__rec_20251130_124123__f000620.jpg,rec_20251130_124123.avi,71.3,0,0,,8124.763925353487,127.30073567708334,57.30585573064308,0.005133463541666667,0.008385416666666666,0.09102746212121213,9,1,6.775317466657043,1.1750681477689515,0,17.55348883769445,-29.348030271051133,51.828125
videos__rec_20251130_030636__f000640.jpg,rec_20251130_030636.avi,83.5,0,0,,10304.212193430201,127.6527734375,68.53636965118807,0.011474609375,0.09177408854166667,0.1328125,9,1,3.173177727206621,1.088756022267168,0,7.431752123454104,5.379331696002598,6.119791507720947
videos__rec_20251130_030636__f000660.jpg,rec_20251130_030636.avi,84.3,0,0,,10235.096400864828,127.95704752604166,67.93905328841142,0.011341145833333333,0.088193359375,0.13412937973484848,9,1,1.875728057917172,1.0529774540368326,0,6.804334959715667,5.13227948786616,8.386393547058105
videos__rec_20251130_030636__f000680.jpg,rec_20251130_030636.avi,81.4,0,0,,10428.143398327287,130.606669921875,65.9974156723884,0.010520833333333333,0.06724609375,0.1338186553030303,9,1,6.729891783392645,1.0549289314801362,0,0.9683864466534832,4.363087393988057,12.3134765625
videos__rec_20251130_030636__f000700.jpg,rec_20251130_030636.avi,80.5,0,0,,9893.054578965886,126.264013671875,69.43950445677831,0.012649739583333333,0.10351888020833333,0.13472123579545456,9,1,5.385652508389171,1.0398154540896716,0,0.05803655860542135,4.47488171585988,12.135090827941895
videos__rec_20251130_030636__f000720.jpg,rec_20251130_030636.avi,81.4,0,0,,10479.203535542638,133.91834635416666,62.613487324391265,0.010804036458333333,0.052220052083333336,0.13455847537878787,9,1,7.1516420526252205,1.0545789746941243,0,8.465467601660823,4.119762554592796,17.6455078125
videos__rec_20251130_030636__f000740.jpg,rec_20251130_030636.avi,84.3,0,0,,10569.690608676392,131.56086588541666,69.71474364538615,0.013707682291666667,0.09494466145833333,0.12924656723484848,9,1,2.352096537161401,1.034160691822917,0,5.646850441836419,5.228607524720257,27.349609375
videos__rec_20251130_030636__f000760.jpg,rec_20251130_030636.avi,82.7,0,0,ambiguous_row,10777.554247805267,130.43987955729168,70.08684070279551,0.011451822916666667,0.10077799479166667,0.13068181818181818,9,1,5.534370431714933,1.0213311276523334,0,1.4757630463314286,4.311469148887728,6.211263179779053
videos__rec_20251130_030636__f000780.jpg,rec_20251130_030636.avi,85.3,0,0,,10694.593694569812,129.49440755208335,70.51093989237258,0.011041666666666667,0.10697265625,0.13112571022727273,9,1,2.1747154311935333,1.142155366486957,0,5.207675844983501,4.8831378630110756,3.396484375
videos__rec_20251130_124123__f000780.jpg,rec_20251130_124123.avi,80.5,0,0,,12596.037701849365,127.6234375,57.11173770334864,0.006149088541666667,0.02619140625,0.060650449810606064,9,1,9.346603799089507,1.6357922457626721,0,6.5495210766224226,20.24083675850429,58.4365234375
videos__rec_20251130_030636__f000800.jpg,rec_20251130_030636.avi,82.1,0,0,,10730.206822911538,129.84440104166666,70.24748518189696,0.010979817708333334,0.105732421875,0.12853633996212122,9,1,6.31386405567747,1.129757729994038,0,0.8173909151189037,5.214828926130579,2.7893879413604736
videos__rec_20251130_124123__f000800.jpg,rec_20251130_124123.avi,79.9,0,0,,13090.186150327518,126.58566731770833,55.523574651676206,0.005592447916666667,0.027486979166666668,0.08618903882575757,9,1,10.579986810394757,1.0610506433620814,0,0.4355021627713349,-3.1412364203969645,53.1064453125
videos__rec_20251130_030636__f000820.jpg,rec_20251130_030636.avi,85.8,0,0,,10849.382607002246,129.99611653645835,69.56142473447899,0.0108203125,0.09967447916666666,0.13322679924242425,9,1,2.1253772662113306,1.0598356155847835,0,6.53040802305276,4.1672525782627545,3.3043620586395264
videos__rec_20251130_124123__f000820.jpg,rec_20251130_124123.avi,81.7,0,0,,12298.03976652489,126.22370442708333,55.80378409759103,0.005416666666666667,0.029046223958333332,0.08062559185606061,9,1,7.5744681201096,1.2428155540962837,0,-5.749490239235686,-3.8346192068792995,41.21158981323242
videos__rec_20251130_030636__f000840.jpg,rec_20251130_030636.avi,86.0,0,0,,10958.495239745418,130.274140625,69.40716416020378,0.010875651041666667,0.0987109375,0.1328125,9,1,2.49013450994255,1.0984076906505695,0,5.425598849648053,4.956591569225726,2.3216145038604736
videos__rec_20251130_124123__f000840.jpg,rec_20251130_124123.avi,86.9,0,0,,14404.034169589902,124.86191080729166,58.44676929377761,0.006344401041666667,0.03685872395833333,0.08084753787878787,9,1,1.5251770740333086,1.1631630296749988,0,-1.976287242475583,-0.6844744538974545,31.2578125
videos__rec_20251130_030636__f000860.jpg,rec_20251130_030636.avi,85.7,0,1,,10932.37979023166,130.22359375,69.43880951999184,0.01091796875,0.09907552083333333,0.13316761363636365,9,1,3.019118944393199,1.1365861002859303,0,4.658414246355113,2.540014341763026,1.9615885019302368
videos__rec_20251130_124123__f000860.jpg,rec_20251130_124123.avi,82.6,0,0,,14157.603591766265,125.24041341145833,57.869503858096245,0.006194661458333334,0.026953125,0.08428030303030302,9,1,7.629632151395128,1.141395743193534,0,-2.513348389109564,-0.6924976985318132,7.7314453125
videos__rec_20251130_030636__f000880.jpg,rec_20251130_030636.avi,79.9,0,0,,10384.682985591877,130.37265950520833,69.23527616315232,0.010384114583333333,0.09767252604166667,0.12955729166666666,9,1,7.965294991874998,1.0885344246346647,0,-4.324486114188861,4.107856238189989,3.8935546875
videos__rec_20251130_124123__f000880.jpg,rec_20251130_124123.avi,87.3,0,0,,13055.400897927813,112.96205403645833,67.63685207541491,0.006516927083333333,0.12291666666666666,0.08438387784090909,9,1,1.377642759648893,1.3448235283959575,0,-1.9594368626683087,-0.47369524980284794,24.52962303161621
videos__rec_20251130_030636__f000900.jpg,rec_20251130_030636.avi,84.3,0,0,,10648.826072420079,129.58126627604167,69.87578481379984,0.011051432291666666,0.10515299479166666,0.1308001893939394,9,1,4.139657930791998,1.3159440818559898,0,5.0033217924509845,7.930915512052916,4.993814945220947
videos__rec_20251130_124123__f000900.jpg,rec_20251130_124123.avi,82.8,0,0,,12883.855101386504,129.96462890625,66.92830190989443,0.03390625,0.05217447916666667,0.0737600615530303,9,1,4.1995600854148165,1.200387537828355,0,-2.93568274623508,-0.5773425250104047,42.50716018676758
videos__rec_20251130_030636__f000920.jpg,rec_20251130_030636.avi,83.6,0,0,,10206.563085737853,129.43578776041667,66.87687447113441,0.00890625,0.08279622395833333,0.13452888257575757,9,1,3.946140835414667,1.264139148112759,0,7.304230621832169,5.719388115909112,21.361328125
videos__rec_20251130_124123__f000920.jpg,rec_20251130_124123.avi,86.9,0,0,,15615.000338693197,129.6228515625,57.16709937755798,0.008408203125,0.023577473958333334,0.08064038825757576,9,1,1.299859376989275,1.1596074254119602,0,-1.3585304282122412,-0.579551615550713,25.88899803161621
videos__rec_20251130_030636__f000940.jpg,rec_20251130_030636.avi,83.4,0,0,ambiguous_row,10294.04348976558,128.852490234375,66.52980722452597,0.007522786458333333,0.07664388020833333,0.1357421875,9,1,3.7715840785876935,1.0159882125948003,0,4.626095679659886,4.103254166392709,10.376627922058105
videos__rec_20251130_124123__f000940.jpg,rec_20251130_124123.avi,86.1,0,0,,15792.086201220025,129.25225260416667,57.91182420669036,0.0084765625,0.030537109375,0.0791311553030303,9,1,2.258068300935861,1.155011055396843,0,-2.660203531136674,-0.4993366495084394,4.856119632720947
videos__rec_20251130_030636__f000960.jpg,rec_20251130_030636.avi,85.0,0,0,,10490.416817837011,128.274384765625,67.20203740095187,0.008362630208333333,0.08423177083333333,0.13481001420454544,9,1,2.354006168170713,1.064699825726649,0,5.98401484247634,4.55485072918087,7.835286617279053
videos__rec_20251130_124123__f000960.jpg,rec_20251130_124123.avi,83.1,0,0,,15307.998946481062,129.23203776041666,57.601819437307334,0.008030598958333333,0.029599609375,0.07836174242424243,9,1,6.766085077693049,1.3089824589043866,0,-7.544131340261015,-1.9562873080633025,3.5205078125
videos__rec_20251130_030636__f000980.jpg,rec_20251130_030636.avi,83.0,0,0,,10626.48594182328,128.47520182291666,67.19711251700723,0.00845703125,0.08273763020833333,0.13402580492424243,9,1,5.377202747383819,1.03876448288904,0,2.518783336972556,4.316192923891311,6.398763179779053
videos__rec_20251130_124123__f000980.jpg,rec_20251130_124123.avi,86.9,0,0,ambiguous_row,15116.578443150316,129.191015625,57.51543246263858,0.008020833333333333,0.0290625,0.07880563446969698,9,1,0.41755090058535416,1.023760142109833,0,-3.0942210947120743,-0.8776787724117519,3.8606770038604736
videos__rec_20251130_030636__f001000.jpg,rec_20251130_030636.avi,84.7,0,0,,10467.650341164897,129.13758463541666,67.17326144784853,0.00890625,0.08095377604166666,0.13660037878787878,9,1,2.821342871780132,1.040891731234524,0,-1.6770932563454952,4.0444584448242615,4.410807132720947
videos__rec_20251130_124123__f001000.jpg,rec_20251130_124123.avi,81.7,0,0,,11769.289860025521,127.860654296875,56.98654572196754,0.00642578125,0.030087890625,0.06778231534090909,9,1,3.2418079330274168,1.0619111937531418,0,-6.40621686317687,1.803013819187562,41.69140625
videos__rec_20251130_030636__f001020.jpg,rec_20251130_030636.avi,83.8,0,0,,10678.654124429057,129.39785481770832,67.20804460085166,0.008802083333333334,0.08039388020833334,0.13346354166666666,9,1,4.729089881571895,1.1087371564749007,0,1.0284067921576423,4.785889530241647,2.3619792461395264
videos__rec_20251130_124123__f001020.jpg,rec_20251130_124123.avi,80.1,0,0,,12467.067938958739,127.0357421875,58.01699703666404,0.007073567708333333,0.0327734375,0.0751953125,9,1,9.439019424789535,1.0821774467957745,0,7.224087214551758,7.318461377163602,39.0087890625
videos__rec_20251130_030636__f001040.jpg,rec_20251130_030636.avi,81.9,0,0,ambiguous_row,10665.648904488364,129.17988606770834,67.18528509711608,0.009039713541666666,0.08107096354166667,0.1337890625,9,1,6.930584573800786,1.0290442078581392,0,1.2790470523140387,4.342417885702936,2.7294921875
videos__rec_20251130_124123__f001040.jpg,rec_20251130_124123.avi,82.5,0,0,,11420.004829012292,126.95304036458333,57.967456481533446,0.006549479166666667,0.032770182291666665,0.07637902462121213,9,1,2.1198708316059083,1.0479369756002666,0,-12.763710364084718,2.5061060278051173,35.5751953125
videos__rec_20251130_030636__f001060.jpg,rec_20251130_030636.avi,85.7,0,0,,10570.864819658056,129.03482421875,67.59045606308227,0.008782552083333334,0.08397786458333334,0.1337890625,9,1,1.7082211353591106,1.0916751834240201,0,-0.39322442314717077,4.302914824198023,4.056640625
videos__rec_20251130_124123__f001060.jpg,rec_20251130_124123.avi,72.1,0,0,,11381.417458557085,126.52436197916667,58.57793919112713,0.006539713541666666,0.03469075520833333,0.08855646306818182,9,1,17.45307249612722,1.0614681527193648,0,9.080315968172213,7.821896165780924,34.11783981323242
videos__rec_20251130_030636__f001080.jpg,rec_20251130_030636.avi,84.7,0,0,,10394.953110800803,129.36055013020834,66.94652508084704,0.008059895833333334,0.07762369791666666,0.13310842803030304,9,1,2.4552509135774017,1.1060091125542872,0,7.039805366276554,5.320886862699918,9.255208015441895
videos__rec_20251130_124123__f001080.jpg,rec_20251130_124123.avi,87.0,0,0,,12048.952109096517,126.68756510416667,59.31621471778423,0.006634114583333333,0.03668619791666667,0.10165127840909091,9,1,2.781031882764296,1.242153052636642,0,3.473417508907048,14.844847652934643,36.88899612426758
videos__rec_20251130_030636__f001100.jpg,rec_20251130_030636.avi,83.1,0,0,,10377.235226904455,129.05195638020834,67.08578685967267,0.007734375,0.0805859375,0.1343069365530303,9,1,4.468452091759389,1.0562823550753677,0,-0.43832531017032733,4.57423962734314,4.648763179779053
videos__rec_20251130_124123__f001100.jpg,rec_20251130_124123.avi,82.0,0,0,,10933.739279971218,126.298310546875,59.16134474460074,0.0057975260416666665,0.03693359375,0.10225793087121213,9,1,4.780290754497969,1.1598130204172332,0,-13.64056694481716,0.396020658744547,40.53385543823242
videos__rec_20251130_030636__f001120.jpg,rec_20251130_030636.avi,82.8,0,0,ambiguous_row,10399.868881247954,129.12670247395835,66.99174946673136,0.00771484375,0.07923177083333334,0.1348248106060606,9,1,4.869328794188107,1.0133813588960878,0,1.3145803504571274,5.074475550977109,2.5970051288604736
videos__rec_20251130_124123__f001120.jpg,rec_20251130_124123.avi,80.2,0,0,,10913.7052590866,126.54569010416667,59.299036348776774,0.0059212239583333335,0.037018229166666666,0.08919270833333333,9,1,5.596679899361561,1.1918177198541398,0,-11.515488144203768,1.3707057869434003,35.341796875
videos__rec_20251130_030636__f001140.jpg,rec_20251130_030636.avi,83.9,0,0,,10321.586333675288,129.2466796875,66.89924537649343,0.007799479166666666,0.07897135416666666,0.13600852272727273,9,1,3.477813228603054,1.0617594099392387,0,0.7710342338531171,4.997927464213223,2.6194660663604736
videos__rec_20251130_124123__f001140.jpg,rec_20251130_124123.avi,83.3,0,0,,12109.815627894042,126.30862955729167,59.45171325861777,0.006103515625,0.03779296875,0.08900035511363637,9,1,6.060324510493501,1.1871230889238544,0,-12.140874911084357,2.2196036955077147,35.77213668823242
videos__rec_20251130_030636__f001160.jpg,rec_20251130_030636.avi,80.9,0,0,,10270.77293651071,129.493837890625,66.951635566259,0.00783203125,0.07842122395833333,0.13466205018939395,9,1,7.111929868093739,1.0780643350945947,0,-1.1993464576889066,4.166459063552761,4.408203125
videos__rec_20251130_124123__f001160.jpg,rec_20251130_124123.avi,78.3,0,0,,11250.960751516459,125.64889973958333,58.24391009575638,0.005563151041666666,0.03315755208333333,0.08333333333333333,9,1,8.826134726016221,1.2261943572926426,0,-14.817543117275504,-6.722395392049077,35.13899612426758
videos__rec_20251130_030636__f001180.jpg,rec_20251130_030636.avi,82.2,0,0,,10220.334346185298,129.60236979166666,66.96265100636886,0.008196614583333333,0.07876627604166667,0.13279770359848486,9,1,4.858045860621303,1.069109590755326,0,0.693170036253814,4.610258742220452,3.6901042461395264
videos__rec_20251130_124123__f001180.jpg,rec_20251130_124123.avi,82.9,0,0,,11142.56814551082,124.81698893229166,58.14129419726973,0.005263671875,0.035146484375,0.08428030303030302,9,1,2.501232591969199,1.2604671220639898,0,-2.457336457204578,-1.982763122216884,34.6015625
videos__rec_20251130_030636__f001200.jpg,rec_20251130_030636.avi,82.1,0,0,,10221.50655675998,129.68625,66.96570424711817,0.008063151041666666,0.07827799479166667,0.13356711647727273,9,1,5.0852721160926535,1.0522231636251405,0,-1.4547817781517347,3.753758245049834,2.15234375
videos__rec_20251130_124123__f001200.jpg,rec_20251130_124123.avi,83.6,0,0,,11649.078228826524,124.288876953125,58.622840700521,0.005559895833333333,0.03821614583333333,0.09830729166666667,9,1,5.36310604357368,1.2324213835725093,0,-1.2950157737186812,3.0220879167174886,36.19661331176758
videos__rec_20251130_030636__f001220.jpg,rec_20251130_030636.avi,83.4,0,0,,10209.049944119757,129.766142578125,66.8651600638755,0.008154296875,0.075771484375,0.13497277462121213,9,1,3.690339332801784,1.0947898208493434,0,-0.3714368174442862,5.01704324611671,2.2942707538604736
videos__rec_20251130_124123__f001220.jpg,rec_20251130_124123.avi,84.1,0,0,,10624.518784083006,124.29264973958334,58.771917349107625,0.0048046875,0.036419270833333336,0.10863517992424243,9,1,1.426030215728872,1.0846209448282762,0,-6.8370902470919965,2.667356275077406,40.30045700073242
videos__rec_20251130_030636__f001240.jpg,rec_20251130_030636.avi,81.8,0,0,,10191.299553120667,129.85564778645832,66.71340302786417,0.008606770833333333,0.07249348958333333,0.13358191287878787,9,1,5.397363081145272,1.0737691711858697,0,-0.49658389228758726,4.0650534005808225,2.240234375
videos__rec_20251130_124123__f001240.jpg,rec_20251130_124123.avi,84.1,0,0,,10555.361114409725,124.35053059895833,58.69972629605257,0.00470703125,0.038831380208333335,0.12079782196969698,9,1,4.3264217647662235,1.4481125763383476,0,5.293471765710826,15.114297110221209,33.48079299926758
videos__rec_20251130_030636__f001260.jpg,rec_20251130_030636.avi,83.1,0,0,,10152.110374956923,130.08535481770832,66.71750386500509,0.009186197916666666,0.07194986979166666,0.13393702651515152,9,1,3.863332799401064,1.1449009588838748,0,1.1300632818707763,4.848032928419013,2.2565104961395264
videos__rec_20251130_124123__f001260.jpg,rec_20251130_124123.avi,81.9,0,0,,11468.55762453609,123.758544921875,59.881362175837225,0.004860026041666667,0.04875325520833333,0.12218868371212122,9,1,11.379065623282543,1.5515152663953804,0,-2.2771151440930772,10.134817621764451,36.50227737426758
videos__rec_20251130_030636__f001280.jpg,rec_20251130_030636.avi,82.6,0,0,ambiguous_row,10176.884179279541,130.30206705729168,66.67131609814317,0.008883463541666666,0.07098958333333333,0.13306403882575757,9,1,4.0330666948942735,1.0274873936896443,0,3.1364893357360852,4.003041180349705,3.0061848163604736
videos__rec_20251130_124123__f001280.jpg,rec_20251130_124123.avi,84.4,0,0,,10707.317427251339,124.18071614583333,59.14602827481362,0.0045345052083333335,0.048525390625,0.1181344696969697,9,1,4.368023463122086,1.509979850886585,0,-2.990930548942866,6.106385212175134,37.51985549926758
videos__rec_20251130_030636__f001300.jpg,rec_20251130_030636.avi,83.1,0,0,,10186.062442252221,130.57592447916667,66.58987047634795,0.008727213541666667,0.071552734375,0.13318241003787878,9,1,3.625624861047129,1.0656449614609298,0,5.725013496637007,5.4854774095486825,2.7041015625
videos__rec_20251130_124123__f001300.jpg,rec_20251130_124123.avi,83.4,0,0,,10525.861836312346,123.50322265625,59.17281086448461,0.00419921875,0.051253255208333334,0.10566110321969698,9,1,4.007116033555121,1.6590372818952377,0,2.9984603260053753,9.169645405838907,37.54362106323242
videos__rec_20251130_030636__f001320.jpg,rec_20251130_030636.avi,82.7,0,0,,10215.030521001814,130.61405598958333,66.56322255344907,0.008557942708333334,0.07154296875,0.13220584753787878,9,1,4.23620163652248,1.0792758449997697,0,4.902649630868633,7.343286110708824,2.1422526836395264
videos__rec_20251130_124123__f001320.jpg,rec_20251130_124123.avi,79.4,0,0,,10991.165914550102,121.474501953125,59.80937220449182,0.0041015625,0.05203776041666667,0.09370561079545454,9,1,6.83358438637913,1.04508747618986,0,1.2717157454284735,10.689171417606822,42.38508987426758
videos__rec_20251130_030636__f001340.jpg,rec_20251130_030636.avi,81.8,0,0,,10204.85204164628,130.38927083333334,66.57362107400962,0.008346354166666667,0.07247721354166667,0.13239820075757575,9,1,5.234088763343038,1.0561368033386478,0,2.1397484561345332,5.2925848390584385,2.1969401836395264
videos__rec_20251130_124123__f001340.jpg,rec_20251130_124123.avi,79.0,0,0,,10360.926459534949,121.19675455729167,59.09168614643315,0.003818359375,0.051311848958333336,0.08877840909090909,9,1,4.872214132937131,1.1878279521498847,0,2.912426184469179,8.461575053157517,37.95866012573242
videos__rec_20251130_030636__f001360.jpg,rec_20251130_030636.avi,82.4,0,0,,10158.658148713417,129.94942057291667,66.62544446812886,0.008411458333333333,0.07279622395833334,0.13108132102272727,9,1,4.459986594985878,1.1441311912282957,0,2.406511999871359,5.39837045805406,3.3024089336395264
videos__rec_20251130_124123__f001360.jpg,rec_20251130_124123.avi,76.8,0,0,,10365.211451142364,121.72713541666667,59.577431108795956,0.004283854166666667,0.04919921875,0.0996389678030303,9,1,10.240229163678123,1.4101484306433651,0,2.6804459256446274,10.582624627699815,32.67024612426758
videos__rec_20251130_030636__f001380.jpg,rec_20251130_030636.avi,81.6,0,0,,10176.02365325521,130.21710286458332,66.66630219321472,0.008453776041666666,0.069482421875,0.13201349431818182,9,1,5.406317074413323,1.053124583169312,0,-0.207396906899744,4.32393316724319,3.4169921875
videos__rec_20251130_124123__f001380.jpg,rec_20251130_124123.avi,86.1,0,0,,11889.029875335691,124.74939778645833,60.40832921248617,0.005768229166666666,0.043053385416666666,0.10273141571969698,9,1,3.195525775426063,1.1909867125451823,0,-0.27858599643774185,19.201715983367293,34.97265625
videos__rec_20251130_030636__f001400.jpg,rec_20251130_030636.avi,84.8,0,0,,10189.502536191772,130.465068359375,66.40419426103722,0.008629557291666666,0.07366536458333334,0.13222064393939395,9,1,1.148623315788143,1.0409858049703926,0,1.0202036695251673,8.11012685563572,4.902018070220947
videos__rec_20251130_124123__f001400.jpg,rec_20251130_124123.avi,78.2,0,0,,10699.157534749305,124.52201497395833,60.1670200616695,0.004889322916666667,0.042819010416666664,0.10453657670454546,9,1,9.08732447950274,1.1103507200848564,0,2.7086610497916896,14.83082224883546,29.74934959411621
videos__rec_20251130_030636__f001420.jpg,rec_20251130_030636.avi,83.1,0,0,,10174.11368971836,130.07612955729167,67.60453765045014,0.010735677083333334,0.086123046875,0.13057824337121213,9,1,2.8262884339520724,1.052449779488823,0,6.199212582353637,5.32639419159997,12.471028327941895
videos__rec_20251130_124123__f001420.jpg,rec_20251130_124123.avi,80.6,0,0,,10995.731606326959,126.77560221354166,58.42205294221003,0.005166015625,0.030013020833333334,0.11279296875,9,1,10.23661599685073,1.5645154415196656,0,0.2868590733627681,9.203675627268417,48.69921875
videos__rec_20251130_030636__f001440.jpg,rec_20251130_030636.avi,82.4,0,0,,10541.954734588582,130.76194010416665,70.18431964920235,0.013388671875,0.096201171875,0.12318004261363637,9,1,4.090951282213098,1.0838537266005255,0,5.792307462718323,5.69910662367473,19.736328125
videos__rec_20251130_124123__f001440.jpg,rec_20251130_124123.avi,90.0,0,0,,11926.784045775086,126.40860026041666,58.925743339552824,0.005237630208333333,0.032688802083333336,0.12609493371212122,9,1,3.4973714110122955,1.6575674185538387,0,-3.809047666123377,16.102011477763085,42.59114456176758
videos__rec_20251130_030636__f001460.jpg,rec_20251130_030636.avi,84.0,0,0,,10715.977378768875,130.271552734375,69.12029486415148,0.01189453125,0.08172526041666667,0.12244022253787878,9,1,2.677082844767426,1.059435337881414,0,5.6758631320541655,5.447866405450377,2.93359375
videos__rec_20251130_124123__f001460.jpg,rec_20251130_124123.avi,85.1,0,0,,11314.469628791638,127.46408528645833,56.206216633557105,0.004544270833333333,0.018759765625,0.11322206439393939,9,1,4.624150123582012,1.424198987145673,0,-5.244339834711853,8.81318431702999,48.0087890625
videos__rec_20251130_030636__f001480.jpg,rec_20251130_030636.avi,81.6,0,0,,10643.879572002314,129.741865234375,69.18762668356412,0.011653645833333334,0.08290364583333333,0.12520714962121213,9,1,6.445793862381265,1.1563854471576112,0,2.2223690328436025,4.632501284390997,2.3362629413604736
videos__rec_20251130_124123__f001480.jpg,rec_20251130_124123.avi,85.5,0,0,ambiguous_row,11218.54155662739,126.46696940104167,55.49235286674971,0.0044596354166666664,0.01818359375,0.1083688446969697,9,1,1.0586552892776808,1.0291664917810488,0,-3.3175933289026567,5.202384982317341,40.97526168823242
videos__rec_20251130_030636__f001500.jpg,rec_20251130_030636.avi,83.8,0,0,,10610.774241177707,129.36505533854168,69.44537885349185,0.011419270833333333,0.08805013020833333,0.12770774147727273,9,1,3.2285137032611146,1.0606135217911317,0,4.069065898655674,4.9057088779963465,2.2734375
videos__rec_20251130_124123__f001500.jpg,rec_20251130_124123.avi,88.7,0,0,,12630.342472398026,125.75939453125,55.79226344028047,0.005397135416666666,0.019583333333333335,0.11012961647727272,9,1,2.5391210218381843,1.1199137971943525,0,-1.1710881277205083,4.438454210269107,41.36328125
videos__rec_20251130_030636__f001520.jpg,rec_20251130_030636.avi,83.0,0,0,,10625.252213602605,129.59502278645834,69.3722992668247,0.01142578125,0.08599934895833333,0.12699751420454544,9,1,4.634090470429783,1.1227240880752791,0,4.409853273064929,5.04234987094339,2.0149738788604736
videos__rec_20251130_124123__f001520.jpg,rec_20251130_124123.avi,86.8,0,0,,13327.898564663192,126.00233072916667,55.950234360871555,0.005817057291666667,0.019134114583333334,0.10779178503787878,9,1,5.09554330312983,1.2192653849006296,0,-9.402750172948112,-1.7552779948357153,19.90983009338379
videos__rec_20251130_030636__f001540.jpg,rec_20251130_030636.avi,82.3,0,0,,10607.816578163613,128.78814127604167,69.77837499205698,0.011181640625,0.09596028645833334,0.12610973011363635,9,1,5.621357885304235,1.194422920896129,0,1.9703245682585921,5.4049370851287115,2.3531901836395264
videos__rec_20251130_124123__f001540.jpg,rec_20251130_124123.avi,85.3,0,0,ambiguous_row,11231.847559332913,125.600986328125,54.87072132086426,0.004993489583333333,0.01623046875,0.11254142992424243,9,1,1.7404092360535515,1.0202482639147492,0,-7.220806384846985,-2.0085769255029007,33.5244140625
videos__rec_20251130_030636__f001560.jpg,rec_20251130_030636.avi,83.7,0,0,,10623.588963662212,128.85362630208334,69.9261420755778,0.01154296875,0.097939453125,0.1264056581439394,9,1,3.3581572615877917,1.0915237895685552,0,5.705424647735362,5.410924884751562,2.5149738788604736
videos__rec_20251130_124123__f001560.jpg,rec_20251130_124123.avi,90.4,0,0,ambiguous_row,12973.511096402954,126.07219401041667,55.40510018551114,0.005628255208333334,0.01779296875,0.11835641571969698,9,1,0.7119994605417332,1.0139283813054154,0,1.7864525581460042,-0.055401890134021414,25.32421875
videos__rec_20251130_030636__f001580.jpg,rec_20251130_030636.avi,81.6,0,0,,10083.404924841725,124.66041341145834,72.41913762328245,0.010400390625,0.12856119791666668,0.12430456912878787,9,1,3.4774900119589347,1.093000943151826,0,4.691902426004217,5.0721619750422064,8.4130859375
videos__rec_20251130_124123__f001580.jpg,rec_20251130_124123.avi,89.3,0,0,ambiguous_row,13225.565746890217,126.43649088541666,55.48775357970019,0.00587890625,0.017333984375,0.11536754261363637,9,1,1.8341046834079862,1.0206260793230792,0,-3.130809395162677,-0.5128321626659371,21.53125
videos__rec_20251130_030636__f001600.jpg,rec_20251130_030636.avi,82.1,0,0,,10014.819273349973,128.35362630208334,67.84272790571202,0.008274739583333333,0.09468098958333333,0.1268939393939394,9,1,3.4506455361797634,1.1164675780832076,0,5.019233239725401,5.235900472986632,15.0166015625
videos__rec_20251130_124123__f001600.jpg,rec_20251130_124123.avi,81.8,0,0,,11240.013521155794,125.61610677083333,54.59995131206865,0.004788411458333333,0.016907552083333333,0.12389026988636363,9,1,8.05947925982207,1.0458108849012009,0,3.3278097960001123,0.8396461187311743,34.74088668823242
videos__rec_20251130_124123__f001620.jpg,rec_20251130_124123.avi,89.6,0,0,,11577.144245185587,125.32781901041666,54.813061946554555,0.004674479166666667,0.018518880208333335,0.1460848721590909,9,1,1.9586329123067117,1.048187572975833,0,7.547607969307412,1.3940826979661125,40.07291793823242
videos__rec_20251130_030636__f001640.jpg,rec_20251130_030636.avi,60.6,0,0,,6997.766881467174,107.797255859375,78.09105736585059,0.007060546875,0.17560546875,0.16037819602272727,9,1,22.51502474006452,1.0404564643291192,0,-29.972892326475264,-4.508244583431527,48.84765625
videos__rec_20251130_124123__f001640.jpg,rec_20251130_124123.avi,78.2,0,0,,9956.539863606598,125.58344075520833,53.950396330359524,0.003919270833333334,0.016761067708333334,0.16031901041666666,9,1,11.276848564655495,1.063072344524481,0,1.4574742982379967,5.652613328086389,39.98893356323242
videos__rec_20251130_030636__f001660.jpg,rec_20251130_030636.avi,77.2,0,0,,7772.388057494947,120.28297200520834,73.09460534019635,0.011422526041666667,0.08874348958333333,0.14371744791666666,9,1,3.2559390988809582,1.1087030028127067,0,4.776398481692796,4.907747459615237,38.04752731323242
videos__rec_20251130_124123__f001660.jpg,rec_20251130_124123.avi,80.5,0,0,,9857.161409437393,125.84648763020833,53.70758360013847,0.004117838541666667,0.017180989583333334,0.15910570549242425,9,1,7.576159902309257,1.0302024178095768,0,22.066013094119334,8.341774873113614,37.64778518676758
videos__rec_20251130_030636__f001680.jpg,rec_20251130_030636.avi,80.0,0,0,,9134.248785479216,126.13369140625,66.87462318074192,0.015260416666666667,0.04753580729166667,0.12825520833333334,9,1,2.8212563354389886,1.0683883620663461,0,0.4253075694026933,4.678989733454273,29.72818946838379
videos__rec_20251130_124123__f001680.jpg,rec_20251130_124123.avi,78.5,0,0,,10534.255453954018,125.92181315104166,54.07474027589214,0.0034733072916666666,0.017272135416666667,0.1522845643939394,9,1,13.385753077849245,1.1234763754136783,0,7.8726333288356205,-3.028667264599534,40.375
videos__rec_20251130_030636__f001700.jpg,rec_20251130_030636.avi,80.5,0,0,,9334.590777770829,132.76651041666668,57.06690786699321,0.016038411458333332,0.027330729166666668,0.12804805871212122,9,1,2.755632773443267,1.0580974116850228,0,4.546439042109367,4.843726427648605,18.3427734375
videos__rec_20251130_124123__f001700.jpg,rec_20251130_124123.avi,77.2,0,0,,10051.581927305848,125.71704427083333,54.09862817271723,0.00337890625,0.017493489583333334,0.13461766098484848,9,1,11.586406740533732,1.2059848721908515,0,11.704373959737234,6.732970916202471,42.02473831176758
videos__rec_20251130_030636__f001720.jpg,rec_20251130_030636.avi,77.4,0,0,ambiguous_row,8802.519701705836,131.12568684895834,53.86458057672614,0.014703776041666667,0.011331380208333333,0.1298828125,9,1,4.266148815205327,1.0193843790794737,0,3.420073510305941,4.423606933046216,9.8603515625
videos__rec_20251130_124123__f001720.jpg,rec_20251130_124123.avi,81.6,0,0,,10310.810607781208,125.70738606770833,54.47630038391851,0.0036393229166666666,0.018619791666666666,0.13404060132575757,9,1,6.2324951225192535,1.0946798693399393,0,5.547222772048429,5.6182924592082095,27.46614646911621
videos__rec_20251130_030636__f001740.jpg,rec_20251130_030636.avi,76.0,0,0,,8842.798814938345,131.90888020833333,53.24047986148775,0.015110677083333333,0.007096354166666667,0.12631687973484848,9,1,5.861899451119655,1.083270403997047,0,1.571963738404314,4.513616821051354,4.768229007720947
videos__rec_20251130_124123__f001740.jpg,rec_20251130_124123.avi,87.2,0,0,,11793.764137199814,125.73555338541667,55.15728690260957,0.004026692708333333,0.019182942708333334,0.13291607481060605,9,1,4.978171105654269,1.1862863949528675,0,-5.832579188499484,6.3112810167858235,7.168619632720947
videos__rec_20251130_030636__f001760.jpg,rec_20251130_030636.avi,77.9,0,0,,8877.718631795206,131.43326171875,52.20494256076382,0.014322916666666666,0.006868489583333333,0.12955729166666666,9,1,3.723040446446703,1.0923881867735326,0,6.258324289478708,5.331621702280813,4.182291507720947
videos__rec_20251130_124123__f001760.jpg,rec_20251130_124123.avi,90.4,0,0,,12359.215277920024,125.68692057291666,55.42644867789357,0.004375,0.020325520833333333,0.13506155303030304,9,1,3.129132973489675,1.141625129502094,0,-8.86016995993269,4.423002632636752,13.370442390441895
videos__rec_20251130_030636__f001780.jpg,rec_20251130_030636.avi,78.7,0,0,,9002.42238399997,131.90912109375,51.90213782008629,0.0137109375,0.006341145833333333,0.12877308238636365,9,1,3.0732091615148533,1.0900827550137016,0,4.130384877001298,4.993159282375377,3.0380859375
videos__rec_20251130_124123__f001780.jpg,rec_20251130_124123.avi,76.7,0,0,,10233.893807592774,125.43640625,55.014564526147325,0.0035319010416666667,0.018798828125,0.10628255208333333,9,1,9.09295740340599,1.142129397625865,0,14.340021627701564,9.090303512520865,39.40690231323242
videos__rec_20251130_030636__f001800.jpg,rec_20251130_030636.avi,78.9,0,0,,9216.848344123673,132.38369791666668,52.15837768899958,0.01330078125,0.006595052083333333,0.13022312973484848,9,1,3.8404713458547803,1.0923968369192927,0,4.207110240250842,4.58483097470296,2.3460285663604736
videos__rec_20251130_124123__f001800.jpg,rec_20251130_124123.avi,79.9,0,0,,11064.873843055553,125.35387044270833,56.17620425765984,0.003922526041666667,0.022320963541666666,0.08664772727272728,9,1,6.126282286310584,1.2290765402530683,0,0.5516052380490526,17.741305347806176,36.64094924926758
videos__rec_20251130_030636__f001820.jpg,rec_20251130_030636.avi,79.6,0,0,ambiguous_row,9288.982356387289,132.81747721354168,52.22017617132975,0.013359375,0.006643880208333334,0.12791489109848486,9,1,2.600343482745359,1.0085616081619095,0,4.080110376037142,4.895599270843736,2.255859375
videos__rec_20251130_124123__f001820.jpg,rec_20251130_124123.avi,70.6,0,0,,11329.845421777303,129.021787109375,56.37913727366629,0.005445963541666667,0.014508463541666667,0.08697324810606061,9,1,19.052453349936286,1.102938202939292,0,4.3173395005481545,16.883283647234855,28.73697853088379
videos__rec_20251130_030636__f001840.jpg,rec_20251130_030636.avi,76.8,0,0,,9303.832343025677,132.77194986979165,52.236919979008334,0.013567708333333333,0.006344401041666667,0.12807765151515152,9,1,6.703600987586924,1.0651582854515484,0,-1.0342969647022109,4.796385631868372,2.0377604961395264
videos__rec_20251130_124123__f001840.jpg,rec_20251130_124123.avi,77.8,0,0,,11097.409387547294,128.799306640625,57.04154877480649,0.00537109375,0.016751302083333332,0.08436908143939394,9,1,8.846671778131793,1.2162224266651307,0,1.703583125063052,18.099271747313654,32.3818359375
videos__rec_20251130_030636__f001860.jpg,rec_20251130_030636.avi,79.8,0,0,,9315.742017438719,132.880498046875,52.269584085346175,0.013821614583333334,0.006383463541666667,0.1289654356060606,9,1,3.065268060621463,1.1129323331347818,0,4.2359865424744605,4.653326798713451,2.046875
videos__rec_20251130_124123__f001860.jpg,rec_20251130_124123.avi,82.3,0,0,,12828.8816397293,129.24032877604168,57.280212238473894,0.006057942708333333,0.017835286458333332,0.08136541193181818,9,1,7.932175222348405,1.2169664663144482,0,2.989180645381798,18.30814074916404,10.814453125
videos__rec_20251130_030636__f001880.jpg,rec_20251130_030636.avi,78.7,0,0,,9365.125315242343,132.88599283854165,52.24882574834269,0.013938802083333333,0.006399739583333334,0.12995679450757575,9,1,5.130815018642579,1.1794592950133964,0,2.3431239564172532,5.47670766061918,2.19921875
videos__rec_20251130_124123__f001880.jpg,rec_20251130_124123.avi,75.3,0,0,,13811.644144639322,129.64279296875,57.56047827847891,0.006500651041666666,0.019007161458333335,0.08257871685606061,9,1,16.957695599581484,1.092881148142321,0,1.6316794792955318,17.462299254223925,5.001302242279053
videos__rec_20251130_030636__f001900.jpg,rec_20251130_030636.avi,76.5,0,0,ambiguous_row,9382.83719448979,132.94520182291666,52.26033968441673,0.012685546875,0.006341145833333333,0.13100733901515152,9,1,7.628083244761399,1.0199530463280913,0,0.16856427877249158,3.614969244056123,2.4518229961395264
videos__rec_20251130_124123__f001900.jpg,rec_20251130_124123.avi,72.4,0,0,,14018.44285283911,130.29948567708334,57.41369651844893,0.006722005208333334,0.020205078125,0.08467980587121213,9,1,21.057664560648163,1.0889499560712106,0,2.5350463930809175,17.56648278993893,5.892252445220947
videos__rec_20251130_030636__f001920.jpg,rec_20251130_030636.avi,79.2,0,1,ambiguous_row,9386.55350568533,133.05624348958332,52.27725883304291,0.013414713541666666,0.0062858072916666665,0.1307705965909091,9,1,3.8798036886338423,1.0160994462473534,0,-0.4219240561836531,2.3573386775398752,1.9485677480697632
videos__rec_20251130_124123__f001920.jpg,rec_20251130_124123.avi,73.2,0,0,,12876.827569388059,129.87662434895833,57.31201713206058,0.0059375,0.020198567708333334,0.08539003314393939,9,1,20.31846206649857,1.1296944405106564,0,1.7784264450172014,16.430749373071496,28.6943359375
videos__rec_20251130_030636__f001940.jpg,rec_20251130_030636.avi,79.7,0,0,,9434.546279695465,132.61933268229166,52.07298099355066,0.012073567708333333,0.006474609375,0.12914299242424243,9,1,3.4388732867096223,1.0632556717214536,0,5.329934855057186,5.120189426746098,2.6513671875
videos__rec_20251130_124123__f001940.jpg,rec_20251130_124123.avi,72.3,0,0,,13063.978589068847,129.38398111979166,57.738450351515624,0.006295572916666666,0.021578776041666668,0.08367365056818182,9,1,21.188097115383243,1.108747818919305,0,2.3736002874415187,17.12854936969114,6.166666507720947
videos__rec_20251130_030636__f001960.jpg,rec_20251130_030636.avi,82.5,0,0,,9465.767687445485,131.22065755208334,51.86432428135332,0.008401692708333333,0.0071451822916666664,0.12816642992424243,9,1,0.12306494511716437,1.1027121513952889,0,-2.26935115278686,2.6228131606681515,5.286458492279053
videos__rec_20251130_124123__f001960.jpg,rec_20251130_124123.avi,72.9,0,0,,12803.826072985798,128.88069661458334,58.25990224340032,0.006305338541666667,0.02619140625,0.08595229640151515,9,1,20.800182384720017,1.117997460529626,0,2.336095580787499,16.8318889849105,6.835286617279053
videos__rec_20251130_030636__f001980.jpg,rec_20251130_030636.avi,78.4,0,0,,9574.962349465168,131.083544921875,51.93262470912019,0.0077115885416666665,0.00740234375,0.12779651988636365,9,1,5.8724242721254996,1.0671240238302266,0,0.50382608354505,4.187385042886351,4.9892578125
videos__rec_20251130_124123__f001980.jpg,rec_20251130_124123.avi,90.5,0,0,,13057.748909146458,128.478583984375,58.63832357660908,0.006064453125,0.028486328125,0.08075875946969698,9,1,2.752494344041395,2.670271132559585,0,-0.864179225909188,18.502600622631586,24.4501953125
videos__rec_20251130_030636__f002000.jpg,rec_20251130_030636.avi,80.8,0,0,,9644.647329304633,130.69140625,51.80092104334756,0.006888020833333334,0.007392578125,0.12960168087121213,9,1,3.5871306779979477,1.1725874655611863,0,5.96187629807805,5.028530351454439,3.8577473163604736
videos__rec_20251130_124123__f002000.jpg,rec_20251130_124123.avi,64.3,0,0,,9958.226245733036,126.27169270833333,56.67741823477618,0.004140625,0.02708984375,0.08035925662878787,9,1,21.46299085478381,1.14056466013881,0,1.7799103068765452,17.2313334374223,26.95442771911621
videos__rec_20251130_030636__f002020.jpg,rec_20251130_030636.avi,78.8,0,0,,9621.253138272084,131.38740559895834,51.99772228936672,0.007796223958333333,0.007444661458333333,0.1299715909090909,9,1,6.047062852842259,1.1146730237361924,0,1.6525497005064238,3.968394649957361,3.5198566913604736
videos__rec_20251130_124123__f002020.jpg,rec_20251130_124123.avi,75.8,0,0,,9759.314690438072,128.95392252604168,55.21563648944112,0.004306640625,0.01265625,0.08814216382575757,9,1,8.758870343922922,1.7319568700043324,0,-0.7989780572049817,12.362284327486535,48.17805862426758
videos__rec_20251130_030636__f002040.jpg,rec_20251130_030636.avi,77.1,0,0,ambiguous_row,8843.605259103731,131.18032877604168,51.400523532578504,0.00763671875,0.006575520833333333,0.12986801609848486,9,1,4.571254428015379,1.014184374595608,0,2.5169849380342746,3.846052675910076,3.1744792461395264
videos__rec_20251130_124123__f002040.jpg,rec_20251130_124123.avi,80.8,0,0,,12146.534599593257,132.56481119791667,54.907640361624914,0.005885416666666666,0.012164713541666667,0.09996448863636363,9,1,11.004877822204605,1.3326331202940949,0,-5.8873493570879045,7.9022008114132625,44.90885543823242
videos__rec_20251130_030636__f002060.jpg,rec_20251130_030636.avi,79.9,0,0,,9637.420956433603,130.967880859375,51.79745270795351,0.007649739583333333,0.00759765625,0.12863991477272727,9,1,4.852421269893853,1.2175249839784916,0,1.1684949854250637,4.425806294645085,2.9957683086395264
videos__rec_20251130_124123__f002060.jpg,rec_20251130_124123.avi,81.2,0,0,,12548.311303600904,133.36755859375,55.15037160273487,0.00685546875,0.011761067708333333,0.10329367897727272,9,1,11.325113876830983,1.1008579751951943,0,-7.4355585886691395,7.1561611889646315,38.11328125
videos__rec_20251130_030636__f002080.jpg,rec_20251130_030636.avi,80.0,0,0,ambiguous_row,9713.043437629529,131.09037434895833,51.902905582131666,0.007955729166666667,0.007679036458333333,0.13059303977272727,9,1,4.3381641069781836,1.0098176746571803,0,2.4960983908904724,4.41485670207177,2.4580078125
videos__rec_20251130_124123__f002080.jpg,rec_20251130_124123.avi,78.7,0,0,,11619.055499234344,133.218759765625,54.811935919972335,0.006572265625,0.010400390625,0.10264263731060606,9,1,11.012100252935056,1.103070711409067,0,-7.37862660833424,7.22912882730821,12.804036140441895
videos__rec_20251130_030636__f002100.jpg,rec_20251130_030636.avi,80.0,0,0,,9556.143616091877,131.1419921875,51.921042327709216,0.007838541666666667,0.0075065104166666665,0.12869910037878787,9,1,3.7071105048065647,1.0715030243608454,0,-0.7579169920614793,2.5949168559294833,3.154296875
videos__rec_20251130_124123__f002100.jpg,rec_20251130_124123.avi,81.3,0,0,,12599.525703864163,133.05698893229166,55.05531674007641,0.007526041666666667,0.012223307291666667,0.10382634943181818,9,1,11.304008915798988,1.148052355777386,0,-5.453495360779862,7.911083342987446,23.8544921875
videos__rec_20251130_030636__f002120.jpg,rec_20251130_030636.avi,79.6,0,0,,9626.27391870181,130.79752278645833,52.005439065843106,0.007291666666666667,0.007822265625,0.13020833333333334,9,1,6.197677749238778,1.3808853214037593,0,-0.8981209830170093,6.773398560871584,2.8470051288604736
videos__rec_20251130_124123__f002120.jpg,rec_20251130_124123.avi,85.9,0,0,,11919.41517927992,131.75415690104165,54.901963116169505,0.006373697916666666,0.012548828125,0.09980172821969698,9,1,2.6605625739987886,1.1900308559019823,0,-1.3594143132752592,8.197699954134858,37.71809768676758
videos__rec_20251130_030636__f002140.jpg,rec_20251130_030636.avi,79.3,0,0,ambiguous_row,9677.98380695766,131.02070963541667,51.97868679571305,0.007626953125,0.007581380208333334,0.12863991477272727,9,1,4.93303683514722,1.013715905757191,0,0.9408203723427849,3.964072129664302,2.248046875
videos__rec_20251130_124123__f002140.jpg,rec_20251130_124123.avi,71.9,0,0,,12433.651609583014,131.69001953125,54.60623705814803,0.007913411458333333,0.00962890625,0.08161695075757576,9,1,20.650061733474672,1.157931267625004,0,-5.3356743985226744,11.665434405401776,35.59147262573242
videos__rec_20251130_030636__f002160.jpg,rec_20251130_030636.avi,78.4,0,0,,9623.581098861432,130.65394205729166,51.90859266005161,0.007600911458333333,0.00759765625,0.1285067471590909,9,1,6.0350922803682465,1.0570240856144535,0,0.4067270276911423,3.7521189777976542,2.0869140625
videos__rec_20251130_124123__f002160.jpg,rec_20251130_124123.avi,80.0,0,0,,12149.75325907372,129.438935546875,56.57238186272651,0.011087239583333333,0.023375651041666667,0.06945430871212122,9,1,8.096615793412127,1.3429201963771702,0,-13.373413988923042,6.603669918747509,39.15852737426758
videos__rec_20251130_030636__f002180.jpg,rec_20251130_030636.avi,80.5,0,0,,9616.526566650222,130.779443359375,51.92444704059352,0.007594401041666666,0.007526041666666667,0.12736742424242425,9,1,3.1022148238986347,1.0692025321360874,0,2.888836244006801,4.444973054508239,2.4091796875
videos__rec_20251130_124123__f002180.jpg,rec_20251130_124123.avi,69.7,0,0,,10282.821990725188,124.68298502604166,57.563482954609874,0.0050260416666666665,0.03578450520833333,0.04619436553030303,9,1,11.233793119833365,1.1903264962250075,0,-15.504017529970374,4.381138304781409,43.43880081176758
videos__rec_20251130_030636__f002200.jpg,rec_20251130_030636.avi,77.3,0,0,ambiguous_row,9541.04358536605,131.233564453125,52.17373167047071,0.0085546875,0.007272135416666666,0.12696792140151514,9,1,6.879350757367206,1.0266261634315221,0,-0.43651357039483407,3.5800279945564744,2.8766276836395264
videos__rec_20251130_124123__f002200.jpg,rec_20251130_124123.avi,69.6,0,0,,9435.41018919203,121.22929036458333,62.062173475068874,0.010540364583333333,0.04837890625,0.043782552083333336,9,1,9.733022552032821,1.7184357318943786,0,-8.129128194446388,-3.439282698111849,52.771484375
videos__rec_20251130_030636__f002220.jpg,rec_20251130_030636.avi,78.7,0,0,,9320.346425333491,132.87799479166668,52.46905441037339,0.0104296875,0.00677734375,0.12883226799242425,9,1,4.488051420308977,1.0542529665536196,0,-0.4074669643023576,3.9193077327311516,6.236653804779053
videos__rec_20251130_124123__f002220.jpg,rec_20251130_124123.avi,77.9,0,0,,11204.90841963695,132.25833984375,57.38150833505844,0.008736979166666667,0.011416015625,0.051239938446969696,9,1,4.3091974716001005,1.1197807102430637,0,-9.964663252864089,-0.7794048779718388,44.60579299926758
videos__rec_20251130_030636__f002240.jpg,rec_20251130_030636.avi,77.5,0,0,ambiguous_row,9305.406034331894,132.44525390625,52.504991927857546,0.010224609375,0.006708984375,0.12932054924242425,9,1,5.947468826777822,1.0089802567088217,0,0.09211759389337608,3.811457234347717,2.3434245586395264
videos__rec_20251130_124123__f002240.jpg,rec_20251130_124123.avi,76.6,0,0,,9148.093573131042,131.030087890625,54.31931754109486,0.004928385416666667,0.005843098958333333,0.059821851325757576,9,1,4.663166440017278,2.9294091138666616,0,2.6460594371200763,-3.030143866616921,39.2578125
videos__rec_20251130_030636__f002260.jpg,rec_20251130_030636.avi,78.1,0,0,,9225.756729923505,131.68444010416667,52.42014858755862,0.010042317708333333,0.006852213541666667,0.12868430397727273,9,1,5.252822929423587,1.1408513810089391,0,2.0274459899795105,4.568483182638747,3.9150390625
videos__rec_20251130_124123__f002260.jpg,rec_20251130_124123.avi,73.6,0,0,,8861.398899167369,130.987431640625,54.289699390168714,0.004827473958333333,0.005667317708333334,0.060310132575757576,9,1,7.722113534529967,3.0,0,7.436551263465316,1.4482267961039597,33.85026168823242
videos__rec_20251130_030636__f002280.jpg,rec_20251130_030636.avi,78.8,0,0,,8941.826930061168,130.222890625,52.36461835979714,0.008948567708333334,0.006861979166666666,0.1298828125,9,1,3.4015305939231553,1.1098861735341592,0,0.9947395571207226,4.623411216004278,3.326171875
videos__rec_20251130_124123__f002280.jpg,rec_20251130_124123.avi,68.5,0,0,,9317.050310439,130.02122395833334,55.06449768237555,0.004912109375,0.00625,0.061627012310606064,9,1,11.798641003897842,1.4106000289352572,0,13.613014295306431,5.1735685349509986,34.73176956176758
videos__rec_20251130_030636__f002300.jpg,rec_20251130_030636.avi,79.7,0,0,,8717.437615315586,128.203701171875,52.8427302530651,0.008427734375,0.010540364583333333,0.12800366950757575,9,1,1.4143949263556692,1.1619643657770622,0,1.2179860432536302,4.6574862450308885,5.146158695220947
videos__rec_20251130_124123__f002300.jpg,rec_20251130_124123.avi,66.0,0,0,,8128.892479517576,128.88631510416667,55.40309317444778,0.00490234375,0.006129557291666666,0.06938032670454546,9,1,10.014480976973346,1.0650134764841985,0,13.08343326140391,7.692193861222325,33.2958984375
videos__rec_20251130_030636__f002320.jpg,rec_20251130_030636.avi,74.6,0,0,,8191.9833044846855,124.2195703125,53.62885789903558,0.0052311197916666665,0.021087239583333334,0.12992720170454544,9,1,6.385844874282782,1.0829379554350802,0,-2.6437239661518492,4.1356230414314155,7.038736820220947
videos__rec_20251130_124123__f002320.jpg,rec_20251130_124123.avi,70.4,0,0,,8500.307523882537,128.10125,55.56985599741029,0.005247395833333333,0.007399088541666667,0.07435191761363637,9,1,6.911918199597608,1.1928215396089983,0,13.17270039147307,6.5281001755156085,34.87760543823242
videos__rec_20251130_030636__f002340.jpg,rec_20251130_030636.avi,75.8,0,0,,8133.298735673258,120.34118489583334,56.58207941880926,0.0040104166666666665,0.044228515625,0.1303415009469697,9,1,5.317527592673969,1.1238175764754432,0,-2.6738439490154016,4.146468381652486,10.096354484558105
videos__rec_20251130_124123__f002340.jpg,rec_20251130_124123.avi,80.5,0,0,,10411.142428977446,128.15577473958334,56.8081833239177,0.0059993489583333335,0.010029296875,0.0790719696969697,9,1,1.0686672043929661,1.0353667311818524,0,10.405674018978779,15.544882317270654,35.68229293823242
videos__rec_20251130_030636__f002360.jpg,rec_20251130_030636.avi,74.8,0,0,,7844.529670409096,117.36194010416666,61.00277189643513,0.0021354166666666665,0.08725260416666666,0.13454367897727273,9,1,6.118834193915632,1.0984608255212478,0,0.6896457035355957,3.916577107057808,12.587890625
videos__rec_20251130_124123__f002360.jpg,rec_20251130_124123.avi,70.7,0,0,,8656.306495436564,127.64171875,56.3698456546515,0.00533203125,0.008385416666666666,0.0820608428030303,9,1,12.402221031571969,2.112933952804705,0,6.4419944712765815,0.4822363059958157,42.57780075073242
videos__rec_20251130_030636__f002380.jpg,rec_20251130_030636.avi,76.2,0,0,,8345.448417004895,116.78629231770833,63.62779910747271,0.0019563802083333334,0.0935546875,0.1303415009469697,9,1,5.510097307712726,1.0733875866279452,0,-0.8156504730472692,4.598693321672318,20.29622459411621
videos__rec_20251130_124123__f002380.jpg,rec_20251130_124123.avi,70.6,0,0,,8993.61948877791,127.229609375,56.41427950331957,0.005699869791666667,0.009856770833333334,0.08833451704545454,9,1,14.629784754868922,2.0936593462275996,0,9.854532873257943,3.815791876475601,34.95768356323242
videos__rec_20251130_030636__f002400.jpg,rec_20251130_030636.avi,78.8,0,0,,8914.268463472323,118.00722005208333,68.6106437051984,0.004241536458333334,0.119794921875,0.12989760890151514,9,1,3.6460227130685894,1.0450908595537773,0,5.399510846669149,5.275731950887206,18.2900390625
videos__rec_20251130_124123__f002400.jpg,rec_20251130_124123.avi,73.4,0,0,ambiguous_row,9698.19210841114,127.65637369791666,56.83246423723871,0.00623046875,0.012132161458333334,0.10018643465909091,9,1,10.397092490688351,1.0089416656742665,0,0.2724075929878816,6.4557122321067695,35.24739456176758
videos__rec_20251130_030636__f002420.jpg,rec_20251130_030636.avi,80.0,0,0,,9290.053045150746,122.276611328125,68.45455342971492,0.005126953125,0.09658528645833334,0.12767814867424243,9,1,3.6269278214557517,1.0889822310180532,0,0.7051089266009544,4.597912901776109,7.857421875
videos__rec_20251130_124123__f002420.jpg,rec_20251130_124123.avi,72.1,0,0,,9372.75984390153,128.31786783854167,56.252153127872326,0.006240234375,0.010556640625,0.10675603693181818,9,1,13.166086406611328,1.3714414612895016,0,5.6255314840092385,4.103956543375009,37.79329299926758
videos__rec_20251130_030636__f002440.jpg,rec_20251130_030636.avi,80.5,0,0,,9914.228378410806,128.07736328125,65.69150244962724,0.006552734375,0.07795572916666667,0.12800366950757575,9,1,5.836670808039798,1.1541123442459662,0,-0.926685493040245,4.4105478328935455,11.875325202941895
videos__rec_20251130_124123__f002440.jpg,rec_20251130_124123.avi,76.1,0,0,,9405.298477693332,127.408427734375,56.23191879478314,0.005813802083333333,0.011337890625,0.09733072916666667,9,1,7.612114712642892,1.5478220413560306,0,6.5329172831813525,7.459971885381619,32.43619918823242
videos__rec_20251130_030636__f002460.jpg,rec_20251130_030636.avi,78.6,0,0,,9849.651029205055,126.82245442708333,66.47185789213385,0.006214192708333333,0.085849609375,0.12785570549242425,9,1,7.46264351163785,1.0388619400911965,0,-1.3503615334841403,4.325379610004756,6.085286617279053
videos__rec_20251130_124123__f002460.jpg,rec_20251130_124123.avi,55.5,0,0,,9765.076464116402,126.13494466145833,57.09915571668407,0.004957682291666667,0.013053385416666667,0.07802142518939394,9,1,34.80875114114326,1.6921332383883665,0,12.929217657029652,28.866705130380442,37.89908981323242
videos__rec_20251130_030636__f002480.jpg,rec_20251130_030636.avi,81.1,0,0,,9596.71706837955,127.577529296875,66.34813230062352,0.005908203125,0.08535481770833334,0.1288470643939394,9,1,3.9695993322538925,1.1732369711496262,0,2.0808631404878777,5.265272363791347,7.038411617279053
videos__rec_20251130_124123__f002480.jpg,rec_20251130_124123.avi,57.3,0,0,extreme_heading,9243.622749415237,126.84876627604167,57.16354817266736,0.0041015625,0.012542317708333334,0.09638375946969698,9,1,31.21552895666605,1.3336729878819493,0,51.785289902859,46.35245442866136,40.09700393676758
videos__rec_20251130_030636__f002500.jpg,rec_20251130_030636.avi,79.9,0,0,,9203.517330157374,128.91331705729166,65.81009568257547,0.006302083333333333,0.0834375,0.12918738162878787,9,1,4.065572956295796,1.197573564239997,0,1.4635879907346159,4.899104132462568,7.4619140625
videos__rec_20251130_124123__f002500.jpg,rec_20251130_124123.avi,77.5,0,0,,9178.168099109127,126.30844075520834,56.85021899788793,0.0040234375,0.012669270833333333,0.10995205965909091,9,1,5.327726304933549,1.2222655290037918,0,2.532873327215205,-4.973759901479333,38.18098831176758
videos__rec_20251130_030636__f002520.jpg,rec_20251130_030636.avi,79.1,0,0,,9003.506973991129,129.42798177083333,65.81076081581125,0.006328125,0.07611979166666667,0.13159919507575757,9,1,5.573806318057791,1.3715755730649721,0,2.623251086871194,5.490037874432758,6.600911617279053
videos__rec_20251130_124123__f002520.jpg,rec_20251130_124123.avi,81.8,0,0,,10170.247377640524,127.92682942708333,55.8784753554213,0.0042154947916666664,0.012945963541666666,0.13279770359848486,9,1,7.7193923937901445,1.5510361183027492,0,2.7701614274548554,-2.477313076540071,40.48176956176758
videos__rec_20251130_030636__f002540.jpg,rec_20251130_030636.avi,79.5,0,0,,8897.078016855357,129.80309895833332,65.4429753820438,0.006302083333333333,0.07695638020833333,0.130859375,9,1,3.529751793052128,1.1624670014322391,0,-0.1959622226198048,5.041572390805982,5.44140625
videos__rec_20251130_124123__f002540.jpg,rec_20251130_124123.avi,81.7,0,0,ambiguous_row,9145.547136656349,127.57328450520833,55.35130607138716,0.0037727864583333333,0.010315755208333333,0.13645241477272727,9,1,1.830804254654936,1.0236829302472172,0,-1.2992901295400032,-1.0825762970090835,41.34375
videos__rec_20251130_030636__f002560.jpg,rec_20251130_030636.avi,78.7,0,0,,9102.752742326853,129.50378255208332,65.51234774488293,0.006796875,0.07739583333333333,0.12772253787878787,9,1,5.314255217931645,1.2326820454386733,0,2.460270620915447,5.454204208205375,4.992838382720947
videos__rec_20251130_124123__f002560.jpg,rec_20251130_124123.avi,73.5,0,0,,7639.613855768573,123.60364908854167,56.23386596478683,0.00263671875,0.010504557291666666,0.13053385416666666,9,1,7.6064488404850295,1.2953172301375375,0,-4.880332012939476,1.7402257496358864,38.59700393676758
videos__rec_20251130_030636__f002580.jpg,rec_20251130_030636.avi,79.2,0,0,,9324.347969760034,126.76919921875,65.86046763533649,0.007555338541666666,0.08464192708333333,0.1289950284090909,9,1,5.32197125994071,1.1767106254874056,0,2.2661495229169386,5.31687731676076,8.940754890441895
videos__rec_20251130_124123__f002580.jpg,rec_20251130_124123.avi,79.5,0,0,,8956.631298831133,124.7134765625,58.4456236612554,0.0041015625,0.012141927083333334,0.15721176609848486,9,1,6.798347932625234,1.0890097617273755,0,-2.943229353041426,4.010852752918499,38.26725387573242
videos__rec_20251130_030636__f002600.jpg,rec_20251130_030636.avi,79.8,0,0,,9509.908512469437,126.293134765625,65.86335251238462,0.00556640625,0.08452799479166667,0.12973484848484848,9,1,5.127935684785598,1.1088298370640295,0,1.9870412020117243,5.263242007508495,6.549153804779053
videos__rec_20251130_124123__f002600.jpg,rec_20251130_124123.avi,86.6,0,0,,11369.705898288206,135.70580403645835,57.70454443182092,0.005901692708333333,0.01078125,0.11140210700757576,9,1,2.7660853653258073,1.3758003334770206,0,1.908944763668066,4.528136601111932,32.0048828125
videos__rec_20251130_030636__f002620.jpg,rec_20251130_030636.avi,79.9,0,0,,9459.197980378885,125.66383138020834,65.32338601788305,0.004860026041666667,0.08375325520833334,0.13063742897727273,9,1,4.954462702699175,1.1013511538645888,0,1.8542701790749787,5.064307938329531,4.2255859375
videos__rec_20251130_124123__f002620.jpg,rec_20251130_124123.avi,82.3,0,0,,11108.452079207356,131.21470703125,55.470385901746255,0.004013671875,0.01447265625,0.08411754261363637,9,1,2.307838662904487,1.1577897294499713,0,7.606593452494359,0.53821119204013,37.396484375
videos__rec_20251130_030636__f002640.jpg,rec_20251130_030636.avi,79.8,0,0,,9328.798711837926,124.74576497395833,64.8603598453252,0.004345703125,0.078603515625,0.1275005918560606,9,1,4.10503109481192,1.0492503393786274,0,6.039266010984186,5.713255987263182,5.904296875
videos__rec_20251130_124123__f002640.jpg,rec_20251130_124123.avi,73.8,0,0,,12751.546191076905,130.85543619791667,56.78390609963466,0.0050651041666666665,0.017236328125,0.07612748579545454,9,1,17.917554789935764,1.0874075110224368,0,13.25315895901675,3.4263095445629688,38.5537109375
videos__rec_20251130_030636__f002660.jpg,rec_20251130_030636.avi,81.7,0,0,,9332.600335323237,124.03680013020833,64.88813774365049,0.0036328125,0.08146484375,0.1265536221590909,9,1,1.7637146119126896,1.1119425840290225,0,0.4789056146998886,7.6463074313558,3.4449870586395264
videos__rec_20251130_124123__f002660.jpg,rec_20251130_124123.avi,75.2,0,0,,11038.161619214838,130.61988606770834,55.74280884569643,0.004583333333333333,0.015543619791666666,0.08127663352272728,9,1,10.726036400025237,1.0501099842936306,0,-2.9688499386083054,-25.646969523264453,37.57096481323242
videos__rec_20251130_030636__f002680.jpg,rec_20251130_030636.avi,78.3,0,0,,9087.718074869621,122.88980794270833,64.60349464092391,0.003430989583333333,0.08256510416666667,0.12778172348484848,9,1,5.175996099568579,1.0442114953889838,0,0.2870098900854787,5.473035923466245,3.693359375
videos__rec_20251130_124123__f002680.jpg,rec_20251130_124123.avi,80.0,0,0,,11152.853453156155,130.73822591145833,56.535534891308494,0.004814453125,0.01791015625,0.10619377367424243,9,1,8.221110284713859,1.0557737010685229,0,-1.7149120000462381,-0.49353682635072005,37.1904296875
videos__rec_20251130_030636__f002700.jpg,rec_20251130_030636.avi,79.9,0,0,,8897.880109230511,122.23694010416666,65.42234705972955,0.003958333333333334,0.08255859375,0.12964607007575757,9,1,2.643572918748248,1.0817698276689691,0,-2.6255601877430905,4.95057975933701,5.33984375
videos__rec_20251130_124123__f002700.jpg,rec_20251130_124123.avi,86.3,0,0,,12662.790813494523,131.16680338541667,57.04235943910993,0.00521484375,0.017239583333333332,0.12020596590909091,9,1,7.014873273527428,1.0459201077683162,0,-3.7944437125298776,-1.1221014218860326,37.42350387573242
videos__rec_20251130_030636__f002720.jpg,rec_20251130_030636.avi,78.9,0,0,,9070.215910888153,123.768896484375,67.10338391976052,0.005013020833333334,0.08422526041666667,0.12613932291666666,9,1,4.3139181003213025,1.1371809831022348,0,0.5252092079377219,5.174553559110766,5.687174320220947
videos__rec_20251130_124123__f002720.jpg,rec_20251130_124123.avi,80.3,0,0,,10948.143094787336,132.74226888020834,55.8649297395074,0.004645182291666667,0.011588541666666667,0.13589015151515152,9,1,11.371258149838184,1.1681242712604771,0,17.15088050539124,-0.44394313385408785,40.4716796875
videos__rec_20251130_030636__f002740.jpg,rec_20251130_030636.avi,79.0,0,0,ambiguous_row,9400.164285130775,124.752626953125,66.51065318363835,0.005113932291666666,0.08006184895833333,0.12781131628787878,9,1,5.234088763343038,1.0274202786858575,0,2.1397484561345332,5.2925848390584385,6.2802734375
videos__rec_20251130_124123__f002740.jpg,rec_20251130_124123.avi,84.2,0,0,ambiguous_row,11009.44904894383,133.23255859375,56.40280205150175,0.005052083333333333,0.011370442708333333,0.13806522253787878,9,1,6.212487131581838,1.0249498769752352,0,0.29538373668078166,80.54104589085978,40.91536331176758
videos__rec_20251130_030636__f002760.jpg,rec_20251130_030636.avi,80.4,0,0,,9568.898663680986,125.65513020833333,66.43523149728335,0.007766927083333333,0.08007161458333334,0.12420099431818182,9,1,3.4616182313623653,1.0386828054342037,0,0.8107324403721449,4.609056643186271,13.428059577941895
videos__rec_20251130_124123__f002760.jpg,rec_20251130_124123.avi,82.7,0,0,,12211.913609938289,132.98693684895832,57.4139180308308,0.0055143229166666665,0.014375,0.1474905303030303,9,1,15.621902117181207,1.2878671829885355,0,5.723829784728377,-1.4561974859917015,37.02734375
videos__rec_20251130_030636__f002780.jpg,rec_20251130_030636.avi,82.0,0,0,,10357.09340781698,132.39356770833334,66.52091942875157,0.013805338541666667,0.07063802083333333,0.12149325284090909,9,1,4.291451798361891,1.1731803324584091,0,4.782737599775605,5.510480486601246,26.79231834411621
videos__rec_20251130_124123__f002780.jpg,rec_20251130_124123.avi,88.3,0,0,,10275.851179734806,133.64623046875,56.253463233516506,0.0045735677083333336,0.011416015625,0.16304154829545456,9,1,0.4869475510497523,1.2418693893102837,0,0.04864422502747447,72.10096298186511,36.80794143676758
videos__rec_20251130_030636__f002800.jpg,rec_20251130_030636.avi,81.1,0,0,,10276.720726639545,128.994443359375,67.71561073506392,0.012493489583333333,0.084228515625,0.12097537878787878,9,1,5.580758753254031,1.2711134093269805,0,1.93653260288337,5.4120602211260405,5.816080570220947
videos__rec_20251130_124123__f002800.jpg,rec_20251130_124123.avi,80.0,0,0,ambiguous_row,10383.905992256916,131.6873046875,55.49409962090825,0.004567057291666667,0.013427734375,0.20340613162878787,9,1,10.730971551262769,1.0169191297145732,0,-7.5116617480742445,4.61371615345092,39.48469924926758
videos__rec_20251130_030636__f002820.jpg,rec_20251130_030636.avi,83.6,0,0,,10361.792862256105,129.96457682291665,66.93852572074826,0.012457682291666666,0.07640950520833334,0.12027994791666667,9,1,1.7459859559213555,1.0851152226236802,0,-1.2651146443883348,8.365655024129381,3.4664714336395264
videos__rec_20251130_124123__f002820.jpg,rec_20251130_124123.avi,91.7,0,0,,11904.398543270492,131.080732421875,56.22411269920155,0.005055338541666667,0.015296223958333334,0.22321851325757575,9,1,1.431418395852461,1.0581370356813375,0,5.1826073545805915,9.187598251414144,37.275390625
videos__rec_20251130_030636__f002840.jpg,rec_20251130_030636.avi,84.1,0,0,,10353.652827766251,130.19014973958335,66.87469666483757,0.011907552083333333,0.07488606770833334,0.11998401988636363,9,1,0.8483370446399476,1.0495567207766372,0,0.7910508807002591,8.091594384403109,2.8177082538604736
videos__rec_20251130_124123__f002840.jpg,rec_20251130_124123.avi,91.0,0,0,,11892.135900522486,132.79510091145832,55.373560154192475,0.005358072916666666,0.012330729166666667,0.24474727746212122,9,1,2.5061855607744405,1.1541509289640675,0,22.248584368572665,0.38663812746435156,43.55989456176758
videos__rec_20251130_030636__f002860.jpg,rec_20251130_030636.avi,82.6,0,0,,10474.51564354108,130.34783528645832,66.1008382985007,0.011321614583333334,0.06982747395833333,0.12053148674242424,9,1,4.034973758650096,1.1621506639075658,0,1.40359278634086,4.8867801019867585,4.698893070220947
videos__rec_20251130_124123__f002860.jpg,rec_20251130_124123.avi,72.9,0,0,,10694.051811962117,133.63865885416666,54.46676188304427,0.004261067708333333,0.010270182291666667,0.2290926846590909,9,1,21.874116570303386,1.180714936495591,0,-0.7086606138395526,-6.404015635175534,36.0888671875
videos__rec_20251130_030636__f002880.jpg,rec_20251130_030636.avi,82.2,0,0,,10241.024443674884,127.95662434895833,67.71672006598966,0.011572265625,0.0860546875,0.12078302556818182,9,1,3.860142208551167,1.26284920995205,0,5.951827409058145,4.927095008296867,4.908528804779053
videos__rec_20251130_124123__f002880.jpg,rec_20251130_124123.avi,89.2,0,0,ambiguous_row,11335.422868781876,131.46554036458335,55.01722437471842,0.00421875,0.013053385416666667,0.2266216856060606,9,1,2.1314562804336674,1.0139965235878714,0,21.127620225027044,1.327164348371408,42.85905075073242
videos__rec_20251130_030636__f002900.jpg,rec_20251130_030636.avi,82.1,0,0,,10279.27747937177,129.19831705729166,67.03716137808377,0.0115625,0.07876627604166667,0.11986564867424243,9,1,3.835661252508146,1.1820193724323944,0,4.371253597789323,5.32650258124951,3.91015625
videos__rec_20251130_124123__f002900.jpg,rec_20251130_124123.avi,87.9,0,0,,10828.852023695108,130.77970052083333,54.8402538359892,0.004195963541666667,0.014440104166666667,0.2323626893939394,9,1,2.036175788465414,1.0721711612356815,0,22.523297061806783,4.9559150289412734,36.03580856323242
videos__rec_20251130_030636__f002920.jpg,rec_20251130_030636.avi,81.1,0,0,,10390.218845463973,131.61626953125,65.03111662760837,0.011780598958333333,0.05859700520833333,0.12331321022727272,9,1,5.951381262286418,1.1328029896662255,0,0.5903381697812272,5.3938969729495945,6.893229007720947
videos__rec_20251130_124123__f002920.jpg,rec_20251130_124123.avi,86.1,0,0,ambiguous_row,10933.409970376924,130.71998697916666,54.90242324693189,0.004417317708333333,0.01541015625,0.22651811079545456,9,1,4.572694586809405,1.011811111105025,0,20.2238101821743,2.8004023965720037,42.2275390625
videos__rec_20251130_030636__f002940.jpg,rec_20251130_030636.avi,81.4,0,0,,10113.32866753472,126.98096028645833,67.88627241121986,0.011067708333333334,0.08480794270833333,0.12093098958333333,9,1,3.5631683139087613,1.0534080793103016,0,3.75669985748269,4.872153734900113,7.677734375
videos__rec_20251130_124123__f002940.jpg,rec_20251130_124123.avi,91.8,0,0,,12316.303849701088,132.66497395833332,54.84309707350511,0.004749348958333333,0.01375,0.23054273200757575,9,1,2.685486664273469,1.096025493549711,0,18.304372985936283,0.7810335825386971,38.51985549926758
videos__rec_20251130_030636__f002960.jpg,rec_20251130_030636.avi,81.1,0,0,,9720.99553557943,122.741201171875,70.05595526125957,0.008955078125,0.10067057291666667,0.12143406723484848,9,1,2.9923953082911794,1.152755506453428,0,4.732921761030457,5.247363444042232,8.017903327941895
videos__rec_20251130_124123__f002960.jpg,rec_20251130_124123.avi,86.8,0,0,,10687.036973642944,134.22351888020833,52.92418913095944,0.0036848958333333334,0.008053385416666666,0.22972892992424243,9,1,2.39762066676127,1.0418204113395313,0,15.979308713466299,1.3355682480056252,38.11165237426758
videos__rec_20251130_030636__f002980.jpg,rec_20251130_030636.avi,80.1,0,0,,9413.346839182524,118.42650716145833,72.15108552941888,0.007288411458333333,0.13866536458333334,0.12424538352272728,9,1,2.9564478621234684,1.0894090745693354,0,4.818234112369729,5.079048276390896,8.159831047058105
videos__rec_20251130_124123__f002980.jpg,rec_20251130_124123.avi,83.0,0,0,,10662.372968091793,134.90523111979167,52.89251815277502,0.003603515625,0.008108723958333333,0.18035333806818182,9,1,7.716830794492125,1.1355608535181987,0,24.256979848646395,4.837066646251333,41.16015625
videos__rec_20251130_030636__f003000.jpg,rec_20251130_030636.avi,80.1,0,0,,9484.575542685094,117.60849283854166,72.42199979857514,0.006686197916666667,0.145361328125,0.12473366477272728,9,1,3.18747057359235,1.0749408729273358,0,0.20047236037483257,7.97365832365294,3.8473308086395264
videos__rec_20251130_124123__f003000.jpg,rec_20251130_124123.avi,86.0,0,0,,11219.51525915523,133.99368815104165,53.224646582014564,0.0032747395833333335,0.009231770833333333,0.1490145596590909,9,1,7.2142457619270886,1.4308361234714384,0,21.401430511690986,6.42134904788568,35.72526168823242
videos__rec_20251130_030636__f003020.jpg,rec_20251130_030636.avi,79.5,0,0,,9357.42870029906,116.52207356770833,73.73800940482985,0.00671875,0.15507161458333332,0.12494081439393939,9,1,3.406583421992366,1.0629948103812399,0,3.4042091574889715,7.5063674333642885,5.99609375
videos__rec_20251130_124123__f003020.jpg,rec_20251130_124123.avi,84.0,0,0,,10702.223926430766,133.214111328125,52.954252435480825,0.0034993489583333335,0.009378255208333333,0.12235144412878787,9,1,2.674332597268858,1.0803603937326256,0,-0.33853605277077886,-6.3680652530557325,33.9716796875
videos__rec_20251130_030636__f003040.jpg,rec_20251130_030636.avi,79.0,0,0,,9408.086486968314,120.645078125,73.89892943303077,0.010100911458333334,0.13463541666666667,0.12085700757575757,9,1,4.089801762173352,1.1623973123949696,0,5.999009500496106,5.734700316312473,18.1982421875
videos__rec_20251130_124123__f003040.jpg,rec_20251130_124123.avi,81.6,0,0,,10987.155619722324,131.99932291666667,53.575552482081875,0.0035677083333333333,0.010657552083333334,0.10956735321969698,9,1,6.115101228003823,1.2240902360916297,0,-10.789406800892216,-4.427203411367806,39.1298828125
videos__rec_20251130_030636__f003060.jpg,rec_20251130_030636.avi,79.3,0,0,,9704.152254612723,119.79546549479167,74.01265814728453,0.009518229166666666,0.13933919270833334,0.12275094696969698,9,1,4.550039817374341,1.045400907203575,0,1.8882588924022896,5.191428934832576,14.9501953125
videos__rec_20251130_124123__f003060.jpg,rec_20251130_124123.avi,83.3,0,0,,11285.546818349956,132.18785481770834,53.801957871939216,0.0034895833333333333,0.011451822916666667,0.10973011363636363,9,1,4.905533840396629,1.1965834502971642,0,18.072159991106624,3.1270273219839955,37.044921875
videos__rec_20251130_030636__f003080.jpg,rec_20251130_030636.avi,76.9,0,0,,8313.28650371026,119.744638671875,73.71758333006034,0.008479817708333334,0.1411328125,0.1230764678030303,9,1,2.861804943781749,1.1330032505984946,0,5.469807194493989,5.142775215420556,5.327474117279053
videos__rec_20251130_124123__f003080.jpg,rec_20251130_124123.avi,81.4,0,0,,10771.06312787166,134.94591796875,53.289017196601854,0.0032552083333333335,0.009326171875,0.12856593276515152,9,1,7.2925291689383585,1.0590565481962138,0,-0.5950736756968303,4.076414436132687,45.041015625
videos__rec_20251130_030636__f003100.jpg,rec_20251130_030636.avi,72.6,0,0,,7459.365525022337,119.3337890625,73.47517657782802,0.007545572916666667,0.14335286458333332,0.11915542140151515,9,1,4.615234858022006,1.0916511301502696,0,3.45857213979808,7.719800663897089,6.789713382720947
videos__rec_20251130_124123__f003100.jpg,rec_20251130_124123.avi,84.3,0,0,,10921.880981547789,135.30387044270833,52.758685569187776,0.0033430989583333333,0.008802083333333334,0.14513790246212122,9,1,6.801222809635533,1.2328355959584787,0,-2.604193041104358,-0.9503991171501802,39.443359375
videos__rec_20251130_030636__f003120.jpg,rec_20251130_030636.avi,79.8,0,0,,9183.346764691669,119.37533203125,74.09537226420072,0.008460286458333334,0.146748046875,0.13259055397727273,9,1,3.7088819381519897,1.1716181802002767,0,6.071674623579093,5.432423754528557,33.25358200073242
videos__rec_20251130_124123__f003120.jpg,rec_20251130_124123.avi,85.0,0,0,,11194.118436282304,135.04292317708334,53.08292052884527,0.0032161458333333334,0.008902994791666667,0.13751775568181818,9,1,5.18094141865231,1.0521893215695586,0,-10.935766332162144,-4.676839323406359,38.24055862426758
videos__rec_20251130_030636__f003140.jpg,rec_20251130_030636.avi,79.9,0,0,,9278.733140501565,118.91043619791667,74.31392817657864,0.008561197916666667,0.1515625,0.13020833333333334,9,1,3.274667344430668,1.100045669665691,0,6.76291529617488,4.736590031857766,6.2109375
videos__rec_20251130_124123__f003140.jpg,rec_20251130_124123.avi,82.6,0,0,,10901.699236686029,135.11909830729167,53.52589252325372,0.0036458333333333334,0.010133463541666667,0.11280776515151515,9,1,5.1873584629336165,1.317682450767823,0,-9.888197837354369,-9.994537438292479,37.826171875
videos__rec_20251130_030636__f003160.jpg,rec_20251130_030636.avi,77.3,0,0,,8453.256622384984,118.05728515625,74.28538074634622,0.008173828125,0.15576171875,0.12831439393939395,9,1,3.1320593474866882,1.0542353030315414,0,5.5091909388656,3.728617999378621,26.751953125
videos__rec_20251130_124123__f003160.jpg,rec_20251130_124123.avi,84.9,0,0,,11069.727066075602,135.08935872395833,53.666083172870096,0.00375,0.01083984375,0.11118016098484848,9,1,2.224932372532294,1.239709224417374,0,-0.45642046475198345,-9.360300788218847,31.86946678161621
videos__rec_20251130_030636__f003180.jpg,rec_20251130_030636.avi,75.4,0,0,,8265.921309124376,117.707216796875,74.43888898963762,0.0074609375,0.159365234375,0.12541429924242425,9,1,4.860289979186177,1.1217957068945643,0,1.8289536054747684,7.443952120545597,25.935546875
videos__rec_20251130_124123__f003180.jpg,rec_20251130_124123.avi,90.0,0,0,,11331.37317447424,135.796201171875,53.534973350480094,0.0036197916666666666,0.011324869791666666,0.11962890625,9,1,1.8023607000134803,2.184524609904337,0,9.51698895828556,1.6538043901251953,34.943359375
videos__rec_20251130_030636__f003200.jpg,rec_20251130_030636.avi,78.3,0,0,,8475.442145932502,116.96043619791666,74.4979084914563,0.007483723958333333,0.16197265625,0.12890625,9,1,2.5181512328832696,1.2056785928437705,0,8.252035294426607,3.8744827885456705,25.80013084411621
videos__rec_20251130_124123__f003200.jpg,rec_20251130_124123.avi,84.8,0,0,,10779.372241575626,136.132998046875,52.54588226645502,0.003391927083333333,0.010055338541666667,0.12778172348484848,9,1,2.4019948677164393,1.043895305759955,0,-3.792365243536311,-8.031582436474558,35.64713668823242
videos__rec_20251130_030636__f003220.jpg,rec_20251130_030636.avi,81.3,0,0,,9703.83325576442,116.481083984375,75.14574108092235,0.0075065104166666665,0.168173828125,0.12755977746212122,9,1,2.511892559287844,1.0675221739428205,0,6.1070888186562415,4.817531813753977,6.6904296875
videos__rec_20251130_124123__f003220.jpg,rec_20251130_124123.avi,82.2,0,0,ambiguous_row,10488.424959971071,134.07224283854165,51.73392456497143,0.002890625,0.00978515625,0.13843513257575757,9,1,5.79474768212242,1.0218951724168006,0,-2.261627217378689,-0.5697338230588578,36.36262893676758
videos__rec_20251130_030636__f003240.jpg,rec_20251130_030636.avi,76.2,0,0,,8512.581526975464,116.76001953125,74.80811055940639,0.00751953125,0.16663736979166666,0.12874348958333334,9,1,5.397455585304783,1.1815988300240834,0,1.9838813893814855,3.516990504479463,14.754231452941895
videos__rec_20251130_124123__f003240.jpg,rec_20251130_124123.avi,83.7,0,0,,10738.90905339634,134.32171223958332,51.72293805989179,0.002639973958333333,0.008636067708333334,0.1376953125,9,1,5.159661144642314,1.1156810392923933,0,-3.087312720481054,-2.3209602201135304,33.171875
videos__rec_20251130_030636__f003260.jpg,rec_20251130_030636.avi,78.5,0,0,,8743.902596906493,116.73989908854166,74.53669106093142,0.007311197916666666,0.16378255208333334,0.13398141571969696,9,1,3.370540389192456,1.0643407683550816,0,3.281967424770001,2.787810922623226,28.90234375
videos__rec_20251130_124123__f003260.jpg,rec_20251130_124123.avi,79.6,0,0,,10276.149942751048,134.15169270833334,51.195722373282706,0.0025390625,0.007698567708333334,0.1239938446969697,9,1,8.148727258787801,1.3940823897092562,0,-5.891704141570965,-4.1563337193643335,38.26530075073242
videos__rec_20251130_030636__f003280.jpg,rec_20251130_030636.avi,76.5,0,0,,8352.061092404512,116.80107096354166,74.58238567792216,0.0074283854166666665,0.16541666666666666,0.13164358428030304,9,1,4.243030759609837,1.0827043507339627,0,2.561163312291452,4.1842077150525725,20.99967384338379
videos__rec_20251130_124123__f003280.jpg,rec_20251130_124123.avi,81.8,0,0,,10461.864298733937,134.19855794270833,51.665331223117384,0.002639973958333333,0.008450520833333334,0.09330610795454546,9,1,0.5467915397815659,1.101140883608399,0,16.592297686084912,3.4708729525805637,40.61555862426758
videos__rec_20251130_030636__f003300.jpg,rec_20251130_030636.avi,77.2,0,0,,8540.829608443692,116.18093424479167,74.59964895445009,0.007067057291666666,0.16404947916666668,0.12963127367424243,9,1,3.9203585313463236,1.1028507300537103,0,6.942730811557199,4.220218072815349,23.21484375
videos__rec_20251130_124123__f003300.jpg,rec_20251130_124123.avi,81.7,0,0,,11061.808114303207,133.05377604166668,52.34649120993221,0.0025911458333333333,0.010826822916666666,0.08617424242424243,9,1,2.467100559895698,1.1455371781935222,0,14.10364884123064,2.175085349132786,38.138671875
videos__rec_20251130_030636__f003320.jpg,rec_20251130_030636.avi,79.8,0,0,,8403.208786453404,119.18228190104166,71.56196551293276,0.011022135416666667,0.12410807291666667,0.1582919034090909,9,1,3.4362332487206118,1.243718508566271,0,6.691941052096329,3.699040285126607,42.75130081176758
videos__rec_20251130_124123__f003320.jpg,rec_20251130_124123.avi,81.5,0,0,,10460.501952817693,133.207392578125,52.260743631401574,0.00275390625,0.011549479166666666,0.09512606534090909,9,1,1.9365781790510255,1.2266765615994308,0,12.78057016268261,-0.05055524490067854,37.35091018676758
videos__rec_20251130_030636__f003340.jpg,rec_20251130_030636.avi,82.7,0,0,,8940.95167567485,120.08271809895834,69.41526747688853,0.006962890625,0.09797200520833334,0.15339429450757575,9,1,3.5987954692201356,1.5551957928997304,0,2.2833192651029917,2.9103926767221644,29.80826759338379
videos__rec_20251130_124123__f003340.jpg,rec_20251130_124123.avi,76.0,0,0,ambiguous_row,10530.138083130518,134.66864908854166,51.66835965575242,0.0029720052083333334,0.009169921875,0.10080788352272728,9,1,9.144061086912643,1.0033577598648622,0,5.300832984268355,-0.4136242230702969,37.02506637573242
videos__rec_20251130_030636__f003360.jpg,rec_20251130_030636.avi,79.5,0,0,,9089.770501258841,121.35081380208334,68.48740871381042,0.0035188802083333335,0.08907877604166667,0.1426077178030303,9,1,6.185054165118515,1.1979148469241752,0,7.314048666543286,3.9389731851504095,32.48600387573242
videos__rec_20251130_124123__f003360.jpg,rec_20251130_124123.avi,87.6,0,0,,12198.886213103135,134.15945638020833,52.4066797720531,0.0032942708333333335,0.009973958333333333,0.09999408143939394,9,1,0.43283551674255705,1.0386279028693528,0,8.641273485417225,-3.1248266604155006,36.85774612426758
videos__rec_20251130_030636__f003380.jpg,rec_20251130_030636.avi,81.3,0,0,,8793.563747578897,122.62404947916667,68.9651177755801,0.0039713541666666664,0.09164388020833333,0.14207504734848486,9,1,3.0386491279784877,1.3362861373124375,0,1.9204441992403227,2.0656220796128544,15.811848640441895
videos__rec_20251130_124123__f003380.jpg,rec_20251130_124123.avi,81.3,0,0,,11065.855813260861,133.567666015625,51.84087492739115,0.0030045572916666667,0.009244791666666667,0.08475378787878787,9,1,2.5466230910433865,1.098268497831743,0,13.771665682052511,0.5003443004974173,34.49837112426758
videos__rec_20251130_030636__f003400.jpg,rec_20251130_030636.avi,81.9,0,0,,10002.47421740128,122.52809244791666,70.3848820854234,0.005032552083333333,0.10128255208333334,0.12431936553030302,9,1,3.5484676334405094,1.1163090470954877,0,-1.380986496912248,3.049940971288869,35.470703125
videos__rec_20251130_124123__f003400.jpg,rec_20251130_124123.avi,77.3,0,0,ambiguous_row,10783.006026534516,133.14390950520834,51.95321785407379,0.0028938802083333334,0.009202473958333334,0.06824100378787878,9,1,4.232579690837952,1.0184351626316315,0,12.215424310464542,0.28793505980281964,38.82161331176758
videos__rec_20251130_030636__f003420.jpg,rec_20251130_030636.avi,82.6,0,0,,9471.740303593097,123.624052734375,69.67996807377888,0.004544270833333333,0.0868359375,0.12949810606060605,9,1,1.7912478666424363,1.2145480534192044,0,1.1850946042398047,2.8769182050593756,21.6552734375
videos__rec_20251130_124123__f003420.jpg,rec_20251130_124123.avi,82.7,0,0,,11400.254430216377,132.90584635416667,52.591331170237964,0.0032063802083333332,0.010540364583333333,0.07367128314393939,9,1,1.1018270652814408,1.196670788825953,0,9.267632890203974,-2.347138404930611,33.22526168823242
videos__rec_20251130_030636__f003440.jpg,rec_20251130_030636.avi,78.5,0,0,,8891.680058258014,123.58603190104166,69.68656590981988,0.004762369791666667,0.08952473958333333,0.12544389204545456,9,1,3.9909709467597736,1.138133917500148,0,4.8286023494244725,3.8450516572684985,15.559895515441895
videos__rec_20251130_124123__f003440.jpg,rec_20251130_124123.avi,71.3,0,0,ambiguous_row,10754.394260042818,132.75927734375,52.50264931806078,0.0031022135416666667,0.010322265625,0.07793264678030302,9,1,13.576190594465459,1.0290137195091393,0,-22.656856904116836,-0.821939112563328,32.53548049926758
videos__rec_20251130_030636__f003460.jpg,rec_20251130_030636.avi,82.4,0,0,,9683.173437647121,122.5177734375,70.4301382336065,0.005182291666666667,0.09886393229166666,0.12718986742424243,9,1,1.990926394242365,1.1158126186950672,0,0.4626493995956667,2.3968508682293965,6.685546875
videos__rec_20251130_124123__f003460.jpg,rec_20251130_124123.avi,75.7,0,0,,11042.018821141466,132.22650065104168,52.85950425697936,0.0032942708333333335,0.011178385416666667,0.08965139678030302,9,1,10.716570534105244,1.083215862463705,0,-24.351931773788067,-0.7911024273434996,35.265625
videos__rec_20251130_030636__f003480.jpg,rec_20251130_030636.avi,83.7,0,0,,10635.503656120034,121.97104817708333,70.93205436381436,0.005244140625,0.09841796875,0.12494081439393939,9,1,4.046799751176081,1.2024400019722552,0,2.849233716956177,3.3171810086492926,4.710611820220947
videos__rec_20251130_124123__f003480.jpg,rec_20251130_124123.avi,82.8,0,0,,11244.101300753267,132.65931966145834,53.581495757005264,0.00294921875,0.01197265625,0.09854403409090909,9,1,3.3064518062064963,1.0608830931119617,0,6.807012081709419,-1.084857729401314,38.31705856323242
videos__rec_20251130_030636__f003500.jpg,rec_20251130_030636.avi,82.1,0,0,,10102.60798372379,120.03656575520833,71.19381813345528,0.005013020833333334,0.11139322916666666,0.12582859848484848,9,1,3.7563793020433422,1.1374425095996474,0,3.171720951710723,3.156815451120458,10.187174797058105
videos__rec_20251130_124123__f003500.jpg,rec_20251130_124123.avi,81.3,0,0,,10647.57320461591,133.39882161458334,53.16763690908996,0.0031217447916666668,0.010107421875,0.10623816287878787,9,1,3.786379112197153,1.0403253399148618,0,-2.813917186942625,-0.5607390504449583,38.16633987426758
videos__rec_20251130_030636__f003520.jpg,rec_20251130_030636.avi,79.2,0,0,,8831.84764325832,119.66892578125,70.65272726746242,0.00427734375,0.11049479166666666,0.1259765625,9,1,3.7329200095200576,1.349711025908593,0,3.771924752663714,3.489968841978168,17.59733009338379
videos__rec_20251130_124123__f003520.jpg,rec_20251130_124123.avi,74.4,0,0,,10559.670474167628,133.93623697916667,53.169848869527776,0.0031412760416666668,0.009993489583333333,0.10589784564393939,9,1,12.67826873248157,1.0687486838555271,0,-32.755087637891954,-2.7032367385488953,36.11979293823242
videos__rec_20251130_030636__f003540.jpg,rec_20251130_030636.avi,84.0,0,0,,10766.306046208318,120.29810221354167,71.37743888340809,0.005071614583333333,0.10987630208333334,0.12491122159090909,9,1,3.7873794366607854,1.1295977474833205,0,4.082326223102241,4.211184137189612,7.757486820220947
videos__rec_20251130_124123__f003540.jpg,rec_20251130_124123.avi,79.9,0,0,ambiguous_row,11417.566170347594,134.61679361979168,53.619586385445096,0.003203125,0.009475911458333333,0.10589784564393939,9,1,8.704030375568664,1.0292314601029764,0,-6.03031634035807,-0.40417033798462404,36.7099609375
videos__rec_20251130_030636__f003560.jpg,rec_20251130_030636.avi,84.5,0,0,,10725.77864612578,120.009853515625,71.36175677027943,0.005107421875,0.10692708333333334,0.12528113162878787,9,1,3.856457781171457,1.3366866311124077,0,2.4184022877390854,3.327900262234244,5.333333492279053
videos__rec_20251130_124123__f003560.jpg,rec_20251130_124123.avi,54.5,0,0,,10556.65642751465,134.44635091145832,53.1752602265444,0.002978515625,0.008040364583333333,0.09787819602272728,9,1,39.439928673233055,1.3498484089755705,0,-11.587569461368545,-0.22019493666730838,34.84049606323242
videos__rec_20251130_030636__f003580.jpg,rec_20251130_030636.avi,77.9,0,0,,8715.123077981472,119.32682291666667,70.75608734530591,0.003932291666666666,0.104462890625,0.12168560606060606,9,1,3.516270063228376,1.1339871641207022,0,5.293909678439218,4.160296100708756,29.9189453125
videos__rec_20251130_124123__f003580.jpg,rec_20251130_124123.avi,62.7,0,0,,10971.82163923305,134.9414453125,53.23256269901742,0.003291015625,0.008492838541666667,0.08914831912878787,9,1,27.738765281277097,1.0569975193570336,0,-20.179882685201253,-10.405178845169534,41.5771484375
videos__rec_20251130_030636__f003600.jpg,rec_20251130_030636.avi,80.4,0,0,,10111.455844004726,118.82966471354166,70.78280912248677,0.004443359375,0.11043619791666667,0.13464725378787878,9,1,7.039749661260544,1.0560604190165432,0,6.822718147108123,4.727252608459835,35.5546875
videos__rec_20251130_124123__f003600.jpg,rec_20251130_124123.avi,83.5,0,0,,11686.481332673771,134.82208658854168,53.61855922198937,0.0031510416666666666,0.009918619791666666,0.09161931818181818,9,1,3.5517387524081983,1.1269682593925519,0,-7.346207530577506,-18.285941868128717,38.6259765625
videos__rec_20251130_030636__f003620.jpg,rec_20251130_030636.avi,81.6,0,0,,10161.018038093469,118.66986979166667,70.74532811602093,0.004449869791666667,0.10478190104166667,0.13779888731060605,9,1,6.7104284601729205,1.2191391513970231,0,5.72135726252083,4.863109402967751,11.985026359558105
videos__rec_20251130_124123__f003620.jpg,rec_20251130_124123.avi,60.2,0,0,,11113.255206022039,135.80207356770833,53.210687589008934,0.003046875,0.008479817708333334,0.09340968276515152,9,1,32.41152945389655,1.1273759197035615,0,24.99478416978645,-5.866930762979425,37.85905075073242
videos__rec_20251130_030636__f003640.jpg,rec_20251130_030636.avi,86.3,0,0,,10794.390275682224,118.8644921875,70.93301608168971,0.004798177083333333,0.10367513020833333,0.1377840909090909,9,1,2.3826620831423497,1.0968656332733582,0,3.2333989848575797,2.8333492239485736,7.502278804779053
videos__rec_20251130_124123__f003640.jpg,rec_20251130_124123.avi,87.2,0,0,ambiguous_row,12791.020566134983,136.03827799479166,54.16800978570353,0.004189453125,0.0104296875,0.10068951231060606,9,1,2.4198470557907967,1.0129179566265198,0,-1.944879082528208,-11.828704149959783,33.15397262573242
videos__rec_20251130_030636__f003660.jpg,rec_20251130_030636.avi,82.0,0,0,,9800.618588533358,119.38718424479167,70.5469582674013,0.004407552083333334,0.1051171875,0.13768051609848486,9,1,4.274149277253912,1.1010918572737856,0,1.3301076876358129,2.5585021237445282,8.576497077941895
videos__rec_20251130_124123__f003660.jpg,rec_20251130_124123.avi,84.7,0,0,,12600.364529472816,136.32393229166667,53.82088751083309,0.00390625,0.009407552083333333,0.09741950757575757,9,1,5.430783335263698,1.0510318703262005,0,-1.9648579089788536,-11.936578623287275,30.39974021911621
videos__rec_20251130_030636__f003680.jpg,rec_20251130_030636.avi,78.4,0,0,,9296.111134830053,119.93261067708333,70.35061589350747,0.0044596354166666664,0.105830078125,0.13794685132575757,9,1,6.869607818569534,1.0377996620409955,0,7.243361569297978,4.153704951090766,16.57259178161621
videos__rec_20251130_124123__f003680.jpg,rec_20251130_124123.avi,81.1,0,0,,11289.864358536519,136.232548828125,52.94708375542506,0.0032975260416666665,0.00794921875,0.0697946259469697,9,1,2.2299082475112186,1.1566222937641963,0,-7.263532663432557,-15.130323693659697,36.869140625
videos__rec_20251130_030636__f003700.jpg,rec_20251130_030636.avi,83.7,0,0,,9599.41020823055,120.31317708333333,70.4154434803271,0.004798177083333333,0.10592122395833334,0.13987038352272727,9,1,1.404223691543848,1.082120338105915,0,5.014737700041691,2.653846144782044,5.83203125
videos__rec_20251130_124123__f003700.jpg,rec_20251130_124123.avi,77.1,0,0,ambiguous_row,11320.96582193111,135.38132486979165,52.91237651144079,0.0030794270833333333,0.008525390625,0.055900804924242424,9,1,5.25747805810272,1.0265859599442946,0,-9.20561065528761,-11.932510881312588,36.56510543823242
videos__rec_20251130_030636__f003720.jpg,rec_20251130_030636.avi,81.8,0,0,,9705.457574862066,120.70242513020834,70.30804662270167,0.004544270833333333,0.10421549479166667,0.13950047348484848,9,1,5.194820630446031,1.275494226978445,0,0.8763111385962136,2.1563564865018847,13.0009765625
videos__rec_20251130_124123__f003720.jpg,rec_20251130_124123.avi,79.5,0,0,,13287.40369248437,135.09185546875,54.24340805831796,0.0040494791666666665,0.010647786458333334,0.058978456439393936,9,1,7.843981419951376,1.1471732038523434,0,-15.958217235177479,-14.484215790320185,36.58170700073242
videos__rec_20251130_030636__f003740.jpg,rec_20251130_030636.avi,82.3,0,0,,9532.566276097232,120.78648763020833,70.47425852708139,0.004713541666666667,0.10712565104166667,0.1381244081439394,9,1,2.596800737445051,1.0361987362951839,0,2.1915877005051723,2.019711462039062,11.056315422058105
videos__rec_20251130_124123__f003740.jpg,rec_20251130_124123.avi,71.3,0,0,,11144.546581312014,135.39699869791667,52.865071000402544,0.00330078125,0.008385416666666666,0.06068004261363636,9,1,15.007590154337834,1.5193624934303325,0,20.99700581961472,22.852960757732657,36.65299606323242
videos__rec_20251130_030636__f003760.jpg,rec_20251130_030636.avi,80.9,0,0,,10333.360681335067,120.48436197916666,70.83335777132577,0.005081380208333333,0.10853515625,0.13887902462121213,9,1,7.6247756730668925,1.0483497209692116,0,7.300827224645387,3.913672770586274,4.107096195220947
videos__rec_20251130_124123__f003760.jpg,rec_20251130_124123.avi,72.3,0,0,,10675.479786592441,133.18768880208333,52.09859724996032,0.002454427083333333,0.008557942708333334,0.06748638731060606,9,1,14.840782279996063,2.0238829123708966,0,12.534774463704343,10.188178688772922,37.03580856323242
videos__rec_20251130_030636__f003780.jpg,rec_20251130_030636.avi,83.1,0,0,ambiguous_row,10883.535981345238,120.280263671875,71.02249632458202,0.005042317708333333,0.10959635416666667,0.1386126893939394,9,1,6.732020915689304,1.0284655992867604,0,6.801264664952217,3.7851156257798375,2.5973308086395264
videos__rec_20251130_124123__f003780.jpg,rec_20251130_124123.avi,67.7,0,0,,11054.009813541668,133.7210546875,52.300150393467334,0.00244140625,0.007903645833333334,0.09059836647727272,9,1,21.934953059308498,1.1776491974978502,0,15.044881473152746,6.35120458724316,38.421875
videos__rec_20251130_030636__f003800.jpg,rec_20251130_030636.avi,83.3,0,0,ambiguous_row,9889.02489276885,120.74662434895833,70.43422160829151,0.004794921875,0.10610677083333334,0.1449899384469697,9,1,3.4543277644778527,1.0198463127563218,0,2.0475856165283854,2.4788912680959285,27.3134765625
videos__rec_20251130_124123__f003800.jpg,rec_20251130_124123.avi,76.0,0,0,,10570.218226216539,133.55486653645832,52.097802882501774,0.0029622395833333332,0.007242838541666667,0.10026041666666667,9,1,11.002056071214213,1.385286744382705,0,0.4101823384123039,5.935527860978027,35.8359375
videos__rec_20251130_030636__f003820.jpg,rec_20251130_030636.avi,82.1,0,0,,9589.414615677728,120.896416015625,70.10432383404016,0.004765625,0.10630208333333334,0.14633641098484848,9,1,4.637085183633019,1.1356135949030064,0,2.100356538771109,3.6198843094606485,21.9638671875
videos__rec_20251130_124123__f003820.jpg,rec_20251130_124123.avi,74.0,0,0,,10372.372295933661,133.00972330729167,52.233604259335166,0.0024934895833333332,0.007939453125,0.11246744791666667,9,1,15.479020824704435,1.5794934106634437,0,-4.833488036955269,7.092166528271271,38.1591796875
videos__rec_20251130_030636__f003840.jpg,rec_20251130_030636.avi,82.2,0,0,,9541.628429985798,120.86454752604166,70.27921014452822,0.004365234375,0.10478515625,0.13808001893939395,9,1,2.8481580129339363,1.0470941890371142,0,1.2780956781105757,3.702523848670012,32.68815231323242
videos__rec_20251130_124123__f003840.jpg,rec_20251130_124123.avi,84.7,0,0,,10977.394640214665,132.66701171875,52.67282835266333,0.0025846354166666665,0.009013671875,0.11627012310606061,9,1,2.9943529352269707,1.2972404667736217,0,-0.11943033647062842,-3.8343828952414687,30.826171875
videos__rec_20251130_030636__f003860.jpg,rec_20251130_030636.avi,82.1,0,0,,10294.47975527441,121.14044921875,70.76678025796745,0.005107421875,0.10671223958333333,0.12733783143939395,9,1,4.877318367030853,1.1657395441831169,0,3.0033021302201375,3.699181703587158,29.08072853088379
videos__rec_20251130_124123__f003860.jpg,rec_20251130_124123.avi,82.5,0,0,,9833.800180160002,132.52453776041668,52.20417663419819,0.00240234375,0.008717447916666666,0.13938210227272727,9,1,4.2656728754205915,1.2598487536619962,0,0.10695055843793402,0.8679073965706685,39.24348831176758
videos__rec_20251130_030636__f003880.jpg,rec_20251130_030636.avi,84.1,0,0,,10318.260360526774,120.58329752604166,70.86186754848941,0.005055338541666667,0.11110677083333333,0.12926136363636365,9,1,2.295218193348319,1.086610497412102,0,2.007057095766067,2.237368920054621,2.6572265625
videos__rec_20251130_124123__f003880.jpg,rec_20251130_124123.avi,84.4,0,0,,10120.319076866901,133.47472005208334,51.98393768839467,0.00271484375,0.007740885416666667,0.16222774621212122,9,1,3.2222427997463114,1.0396527684250574,0,0.47399290195847965,-1.8681680510842469,39.15234375
videos__rec_20251130_030636__f003900.jpg,rec_20251130_030636.avi,85.1,0,0,,10327.396324588257,122.45853515625,69.66065205501044,0.004814453125,0.10853841145833333,0.14911813446969696,9,1,3.9400446039164194,1.1582118385146365,0,2.8535669977252485,3.892412900773401,38.5
videos__rec_20251130_124123__f003900.jpg,rec_20251130_124123.avi,89.6,0,0,,10978.830803361005,133.50139973958332,51.7461942981589,0.0028287760416666665,0.006520182291666667,0.14954723011363635,9,1,1.0701430006686223,1.4086918571466673,0,0.6725532570304941,-5.159779754300775,41.0615234375
videos__rec_20251130_030636__f003920.jpg,rec_20251130_030636.avi,84.6,0,0,,10272.485492479791,121.66504557291667,70.71560108293896,0.005498046875,0.11644856770833334,0.14814157196969696,9,1,4.32557342180047,1.2027900216523524,0,1.5923364584340258,3.1592870879591928,14.156575202941895
videos__rec_20251130_124123__f003920.jpg,rec_20251130_124123.avi,84.1,0,0,,10792.239050296776,133.52977864583335,51.73385691956399,0.0030305989583333335,0.006142578125,0.11547111742424243,9,1,2.6762959526585632,1.303086530808166,0,0.6417789123266207,-5.802480647808466,34.841796875
videos__rec_20251130_030636__f003940.jpg,rec_20251130_030636.avi,87.1,0,0,,10854.204762817211,121.85122395833334,72.12812376656736,0.006227213541666667,0.12058919270833333,0.14679509943181818,9,1,2.284619673390239,1.0353138892369498,0,5.712055443339577,4.209852920864954,10.4609375
videos__rec_20251130_124123__f003940.jpg,rec_20251130_124123.avi,81.6,0,0,,10621.322242020504,133.47702799479165,51.80940349005487,0.002923177083333333,0.005930989583333333,0.0986624053030303,9,1,1.9202309318906714,1.0410271674551677,0,2.349639199566427,-2.4295339755120438,36.61946487426758
videos__rec_20251130_030636__f003960.jpg,rec_20251130_030636.avi,84.0,0,0,ambiguous_row,9842.93413046467,120.68500651041667,72.30397622759254,0.005465494791666667,0.12955403645833333,0.14698745265151514,9,1,2.304160934178185,1.0057353900568833,0,-2.8199524643724323,1.923036658542543,12.762370109558105
videos__rec_20251130_124123__f003960.jpg,rec_20251130_124123.avi,87.1,0,0,,12146.114443259672,133.04171223958335,53.094922965614,0.003583984375,0.007438151041666666,0.09074633049242424,9,1,1.844261200813662,1.5013060157706035,0,4.067495652721468,-1.6698942912501025,37.75260543823242
videos__rec_20251130_030636__f003980.jpg,rec_20251130_030636.avi,81.6,0,0,ambiguous_row,9844.702145074201,120.556748046875,72.26487034991779,0.005670572916666667,0.1305078125,0.15216619318181818,9,1,5.963709411034529,1.027186991731352,0,3.871640812926303,2.936120488602345,23.18424415588379
videos__rec_20251130_124123__f003980.jpg,rec_20251130_124123.avi,80.6,0,0,ambiguous_row,10432.80902866744,133.18912760416666,52.34428058456824,0.002994791666666667,0.006643880208333334,0.11115056818181818,9,1,4.245747021129375,1.022674659409509,0,1.2454062673086463,-1.9503653724762058,41.37272262573242
videos__rec_20251130_030636__f004000.jpg,rec_20251130_030636.avi,85.8,0,0,,10329.300623399848,118.567978515625,72.8372176930528,0.005693359375,0.14174153645833334,0.15232895359848486,9,1,2.8008500815213893,1.1794781750251506,0,2.9260926250085637,2.5298345956522716,10.812825202941895
videos__rec_20251130_124123__f004000.jpg,rec_20251130_124123.avi,83.5,0,0,,10424.27458410373,132.92349934895833,52.70124842735163,0.00328125,0.007076822916666667,0.12671638257575757,9,1,3.5772215208392026,1.2633772848148626,0,-8.818674985301223,-3.7171877979904977,37.12955856323242
videos__rec_20251130_030636__f004020.jpg,rec_20251130_030636.avi,85.2,0,0,ambiguous_row,10149.81866764449,117.65050455729167,73.0537700048389,0.005299479166666667,0.145322265625,0.15027225378787878,9,1,2.1718164852328528,1.0120827487877846,0,3.801059035634172,3.8095991947433556,11.393879890441895
videos__rec_20251130_124123__f004020.jpg,rec_20251130_124123.avi,83.7,0,0,,10726.444964160653,132.88654622395833,53.08125143486864,0.003056640625,0.0069921875,0.13898259943181818,9,1,5.637990277677545,1.1142297436311346,0,-8.69795032965763,-0.5058891341303706,37.38801956176758
videos__rec_20251130_030636__f004040.jpg,rec_20251130_030636.avi,82.0,0,0,,9985.621942837866,121.23275716145834,72.00041336878327,0.005576171875,0.12312174479166667,0.14865944602272727,9,1,6.284638317175791,1.0998534951876506,0,1.2662930411614106,3.4988959578016217,11.454426765441895
videos__rec_20251130_124123__f004040.jpg,rec_20251130_124123.avi,79.8,0,0,,9957.348054644097,133.10329752604167,52.750975290265856,0.0030826822916666667,0.006357421875,0.14038825757575757,9,1,7.726241379769817,1.0737455845379875,0,-6.989946737771826,-0.9931401055189504,34.44596481323242
videos__rec_20251130_030636__f004060.jpg,rec_20251130_030636.avi,82.8,0,0,,10232.08359535513,119.18102213541667,72.94257599265893,0.005686848958333333,0.13508138020833332,0.1332120028409091,9,1,3.733609101645243,1.062833051065445,0,3.3809265652561744,2.485538254895925,34.99544143676758
videos__rec_20251130_124123__f004060.jpg,rec_20251130_124123.avi,83.6,0,0,,9896.041946003174,132.6401953125,53.26890375249994,0.0030924479166666665,0.006998697916666667,0.14589251893939395,9,1,4.299329297879808,1.2882937124515095,0,-10.544522041931732,-0.13342777449661725,34.48828125
videos__rec_20251130_030636__f004080.jpg,rec_20251130_030636.avi,87.5,0,0,,11205.986232599853,119.41684244791666,73.20842756180147,0.0064485677083333335,0.133525390625,0.13432173295454544,9,1,2.55555665904501,1.324329065995799,0,3.554089972546947,2.345568049855551,3.4095051288604736
videos__rec_20251130_124123__f004080.jpg,rec_20251130_124123.avi,82.5,0,0,,10150.966775231891,132.75805013020835,53.88133801151888,0.0030436197916666667,0.007434895833333333,0.1825875946969697,9,1,6.7250943710308775,1.123058226349142,0,-13.609092756057859,-2.8969556051877277,35.60123825073242
videos__rec_20251130_030636__f004100.jpg,rec_20251130_030636.avi,80.4,0,0,,8913.781937076556,118.94978515625,72.60074316532145,0.004775390625,0.135849609375,0.13325639204545456,9,1,1.9304111751835649,1.0661826073748264,0,3.2465769949138963,2.8404573104268316,8.28125
videos__rec_20251130_124123__f004100.jpg,rec_20251130_124123.avi,87.2,0,0,,10187.458899468316,132.77065755208332,54.020871253135425,0.0035319010416666667,0.007854817708333333,0.19165778882575757,9,1,0.3800902688459473,1.0824972297596545,0,-11.045595117464964,-2.6606044276718066,34.3955078125
videos__rec_20251130_030636__f004120.jpg,rec_20251130_030636.avi,81.4,0,0,,9248.189847173015,119.25581380208334,72.92713938073395,0.005139973958333334,0.135068359375,0.12270655776515152,9,1,1.6681668668594511,1.3485363425486518,0,8.469496375886946,5.039826240776932,32.17024612426758
videos__rec_20251130_124123__f004120.jpg,rec_20251130_124123.avi,84.1,0,0,,9848.253101850878,132.97678059895833,53.850657728690194,0.003681640625,0.007623697916666667,0.20463423295454544,9,1,3.81834960370378,1.2299155812160842,0,-7.584265332558295,-2.7742167036359966,34.50130081176758
videos__rec_20251130_030636__f004140.jpg,rec_20251130_030636.avi,81.7,0,0,,9689.408082236978,118.975751953125,73.16239718531655,0.005143229166666667,0.13780924479166667,0.12263257575757576,9,1,2.40828719649312,1.233078200372362,0,5.2861589223410155,3.3018263738174625,6.9814453125
videos__rec_20251130_124123__f004140.jpg,rec_20251130_124123.avi,85.4,0,0,,11084.255819945909,132.94033203125,54.59413095787867,0.003987630208333333,0.009527994791666666,0.23570667613636365,9,1,6.212310463832409,1.032684433321154,0,-5.875973548108156,-0.37071379894753065,38.61067581176758
videos__rec_20251130_030636__f004160.jpg,rec_20251130_030636.avi,81.7,0,0,,9215.587947905815,119.26695963541667,72.93804771288879,0.005130208333333333,0.1343359375,0.12270655776515152,9,1,1.9008321366566179,1.5096159365318569,0,6.316361399642835,5.537967823138015,14.680012702941895
videos__rec_20251130_124123__f004160.jpg,rec_20251130_124123.avi,82.4,0,0,,9445.60678053613,132.991708984375,53.650089855894166,0.0035807291666666665,0.007887369791666666,0.24930456912878787,9,1,3.593529933117452,1.0486531322955248,0,-1.0682256462957744,0.9545989170353764,38.15071487426758
videos__rec_20251130_030636__f004180.jpg,rec_20251130_030636.avi,80.1,0,0,,10005.726737240593,119.336220703125,73.01312243313298,0.0057552083333333335,0.13392252604166666,0.13244258996212122,9,1,6.688617177811011,1.1372206818029063,0,6.778531479163804,3.9498541544455,31.61849021911621
videos__rec_20251130_124123__f004180.jpg,rec_20251130_124123.avi,83.7,0,0,ambiguous_row,9521.919585830594,133.26113606770832,53.734836233224286,0.0032975260416666665,0.007796223958333333,0.2579900568181818,9,1,2.0846281497942982,1.0229913371881352,0,1.2618350012988209,1.4393682054947377,33.83366012573242
videos__rec_20251130_030636__f004200.jpg,rec_20251130_030636.avi,87.9,0,0,,11057.47316349071,119.09269856770834,73.34935954490277,0.006129557291666666,0.13581705729166665,0.13396661931818182,9,1,1.423029669229436,1.3142672927406658,0,1.8777869347554783,3.354666821053272,8.899088859558105
videos__rec_20251130_124123__f004200.jpg,rec_20251130_124123.avi,80.9,0,0,,10140.659752130761,132.89904622395832,54.834578059042535,0.003430989583333333,0.009046223958333334,0.2581824100378788,9,1,8.793743131406075,1.0932286370730797,0,-9.564615866564921,-3.9494280959629613,43.38997268676758
videos__rec_20251130_030636__f004220.jpg,rec_20251130_030636.avi,84.1,0,0,,10718.110416432655,118.55868489583334,73.40992305866308,0.006015625,0.14130859375,0.13225023674242425,9,1,4.883239836389237,1.3260323839004897,0,5.0258167669322775,4.80190768830921,2.7203776836395264
videos__rec_20251130_124123__f004220.jpg,rec_20251130_124123.avi,85.2,0,0,,9700.095942382546,133.882978515625,54.34467563768232,0.0034895833333333333,0.008551432291666666,0.30226089015151514,9,1,0.9457022091412455,1.0320034166072318,0,-9.311799628062454,-2.235226898309328,43.3291015625
videos__rec_20251130_030636__f004240.jpg,rec_20251130_030636.avi,88.3,0,0,,11284.06814340511,117.7712890625,73.85292091912301,0.00626953125,0.14915690104166668,0.1347360321969697,9,1,1.6413561496549391,1.3127248258766104,0,1.5320007753643958,3.5523758113173898,2.9147136211395264
videos__rec_20251130_124123__f004240.jpg,rec_20251130_124123.avi,84.6,0,0,,9640.064769878376,134.17000325520834,53.91049115502019,0.003408203125,0.00796875,0.3363370028409091,9,1,1.5352254629945037,1.0505370076956717,0,2.700209655065538,2.866706557382752,36.28125
videos__rec_20251130_030636__f004260.jpg,rec_20251130_030636.avi,88.1,0,0,,11341.965474031194,117.961123046875,73.92712854078427,0.0062434895833333335,0.14814778645833335,0.13411458333333334,9,1,1.9021930153230642,1.2490542602534167,0,2.5007551529697922,3.522849893682771,2.0634765625
videos__rec_20251130_124123__f004260.jpg,rec_20251130_124123.avi,90.4,0,0,ambiguous_row,11652.58564259507,134.043505859375,55.07840427069238,0.0044140625,0.009632161458333333,0.3380385890151515,9,1,1.677199661520035,1.0082291490676782,0,4.809177067461286,6.105873039758585,28.556640625
videos__rec_20251130_030636__f004280.jpg,rec_20251130_030636.avi,88.1,0,1,,11374.744049411354,118.59830078125,73.89474402844442,0.0064485677083333335,0.14480143229166667,0.13288648200757575,9,1,0.9967335788550145,1.070697954857503,0,2.037318417387118,3.3774104844771986,1.9820963144302368
videos__rec_20251130_124123__f004280.jpg,rec_20251130_124123.avi,84.2,0,0,ambiguous_row,9898.490333831693,134.5140625,54.11164033694069,0.0037858072916666665,0.007571614583333333,0.3396661931818182,9,1,3.044035538274784,1.0264078062443098,0,-2.9076885393681473,-3.1554864172769648,35.11262893676758
videos__rec_20251130_030636__f004300.jpg,rec_20251130_030636.avi,86.3,0,0,,11373.09961492283,119.12685546875,73.79960439943405,0.006676432291666667,0.14253580729166668,0.13330078125,9,1,3.863595206662012,1.1539405526036681,0,3.857882246990386,3.607219329307761,2.1809895038604736
videos__rec_20251130_124123__f004300.jpg,rec_20251130_124123.avi,86.8,0,0,,10060.853633462013,135.20048828125,53.879224080548866,0.0037760416666666667,0.006015625,0.3463689630681818,9,1,0.7881441177384545,1.1689839402230875,0,-4.270522122595942,6.580291341655382,44.1669921875
videos__rec_20251130_030636__f004320.jpg,rec_20251130_030636.avi,86.3,0,1,,11406.66213017696,119.363857421875,73.76920133401768,0.00650390625,0.14068033854166667,0.13233901515151514,9,1,4.082972283112554,1.1879684069198653,0,3.6081885772387627,4.161511671386471,1.8837890625
videos__rec_20251130_124123__f004320.jpg,rec_20251130_124123.avi,86.1,0,0,,10482.065177781578,133.64314127604166,54.36700035888508,0.0037434895833333335,0.007327473958333333,0.35826526988636365,9,1,3.5218865066500484,1.1804948119821193,0,-0.7042592617453567,-0.9012522849422843,36.78157424926758
videos__rec_20251130_030636__f004340.jpg,rec_20251130_030636.avi,87.3,0,0,,11413.164823272662,120.4241796875,72.58530716601247,0.006673177083333333,0.12397135416666667,0.13310842803030304,9,1,3.437527168328984,1.2910475221314008,0,0.9284309663734398,2.0872766763893758,3.6207683086395264
videos__rec_20251130_124123__f004340.jpg,rec_20251130_124123.avi,83.9,0,0,,9869.10623566046,133.44374674479167,54.40496348419978,0.0038053385416666665,0.0073046875,0.3735943418560606,9,1,3.5819957467950303,1.0722807793099913,0,-6.845477329179251,3.8981290601045693,40.49869918823242
videos__rec_20251130_030636__f004360.jpg,rec_20251130_030636.avi,89.7,0,0,,11771.534973082129,125.66364583333333,70.93124502518255,0.0069401041666666665,0.09266276041666667,0.13165838068181818,9,1,1.8225495289213995,1.305649287234974,0,1.754735836678246,2.858609630458737,9.065104484558105
videos__rec_20251130_124123__f004360.jpg,rec_20251130_124123.avi,83.1,0,0,ambiguous_row,9639.252847549342,133.60609375,54.29856313899992,0.00357421875,0.007584635416666667,0.3807114109848485,9,1,3.481223217976776,1.0264159746240633,0,-2.061090591530252,-0.4153647358052126,39.23014450073242
videos__rec_20251130_030636__f004380.jpg,rec_20251130_030636.avi,88.7,0,0,,12223.522456160481,129.80124348958333,68.89774627055712,0.007516276041666666,0.063955078125,0.12855113636363635,9,1,3.9973723375939016,1.1324050764542657,0,3.61994134071237,2.1543809179368267,7.7109375
videos__rec_20251130_124123__f004380.jpg,rec_20251130_124123.avi,87.1,0,0,,11190.009199207898,134.05657552083332,55.07862043859464,0.004036458333333334,0.007395833333333333,0.3799863873106061,9,1,4.554707484263076,1.0597678314756795,0,8.8273295861977,1.4237232048206572,42.45475387573242
videos__rec_20251130_030636__f004400.jpg,rec_20251130_030636.avi,90.9,0,0,,12421.916942131797,133.96423502604168,65.4045130873609,0.006832682291666667,0.048597005208333335,0.1280184659090909,9,1,2.176218297359185,1.18222117584259,0,1.8337811817077014,2.8743946998511127,10.920247077941895
videos__rec_20251130_124123__f004400.jpg,rec_20251130_124123.avi,84.5,0,0,,9742.701711376605,134.45339192708335,54.272493796543685,0.004078776041666667,0.0060416666666666665,0.3583392518939394,9,1,2.4654294965494046,1.1328437319755154,0,12.836982829680931,6.329545457230701,42.14908981323242
videos__rec_20251130_030636__f004420.jpg,rec_20251130_030636.avi,89.1,0,0,,11624.242085494952,129.93357747395834,64.22718835598944,0.00517578125,0.06615234375,0.13670395359848486,9,1,2.2039159934618056,1.104236197725315,0,1.5138727787533057,3.050800134945728,18.42806053161621
videos__rec_20251130_124123__f004420.jpg,rec_20251130_124123.avi,84.1,0,0,,9748.54085069779,134.90603841145833,54.30124040601041,0.00396484375,0.00544921875,0.33784623579545453,9,1,3.2059797465278166,1.1654494862645588,0,16.02703546003191,4.097427174747583,36.91731643676758
videos__rec_20251130_030636__f004440.jpg,rec_20251130_030636.avi,87.7,0,0,,11500.42060225487,127.92881510416667,63.60442732151674,0.004381510416666666,0.069619140625,0.1426077178030303,9,1,4.151756140977682,1.0543907857856296,0,1.625347682144077,3.228352920951512,11.9208984375
videos__rec_20251130_124123__f004440.jpg,rec_20251130_124123.avi,86.7,0,0,ambiguous_row,10385.072658026364,135.05767903645832,54.435084170262336,0.0037434895833333335,0.00572265625,0.3384972774621212,9,1,1.64746135073608,1.011633600716222,0,16.88060055607214,7.526430257733097,36.27799606323242
videos__rec_20251130_030636__f004460.jpg,rec_20251130_030636.avi,89.0,0,0,,11423.949242073051,128.52465169270835,63.24673094814767,0.00443359375,0.06446614583333334,0.14012192234848486,9,1,2.303419139541802,1.1749907423174286,0,-1.456845292431199,2.592756570602699,2.9742839336395264
videos__rec_20251130_124123__f004460.jpg,rec_20251130_124123.avi,81.5,0,0,,9938.10591877237,134.37406901041666,54.84831261391908,0.0038444010416666665,0.006256510416666666,0.29390092329545453,9,1,8.606179619358613,1.4087594143764062,0,-0.033343381248821385,-2.490165825630193,43.4736328125
videos__rec_20251130_030636__f004480.jpg,rec_20251130_030636.avi,87.5,0,0,,11441.574335557052,128.42386393229165,63.61600402117466,0.004365234375,0.067744140625,0.14140920928030304,9,1,4.482860030284087,1.1604247612702274,0,-3.711876801694787,2.6366517784487975,2.4557292461395264
videos__rec_20251130_124123__f004480.jpg,rec_20251130_124123.avi,82.7,0,0,,9941.691286539039,133.87380859375,56.22413896442958,0.004163411458333334,0.0078515625,0.22481652462121213,9,1,5.72037954439719,1.0413492454447995,0,18.95889387078442,2.0647647158488702,47.04719924926758
videos__rec_20251130_030636__f004500.jpg,rec_20251130_030636.avi,88.9,0,0,,11482.771459285483,128.34361653645834,64.08074682166827,0.00443359375,0.06847005208333333,0.14021070075757575,9,1,2.7572961413933967,1.1896839674068793,0,-0.6757201732235943,2.6809666358797557,5.072265625
videos__rec_20251130_124123__f004500.jpg,rec_20251130_124123.avi,90.0,0,0,,10877.065055936082,134.24968424479167,56.84708843130354,0.004420572916666666,0.009085286458333333,0.21513967803030304,9,1,0.5813869960786064,1.1934816273513948,0,9.769973586905772,-9.20560818788612,37.86458206176758
videos__rec_20251130_030636__f004520.jpg,rec_20251130_030636.avi,88.7,0,0,,11488.900867891269,128.42601888020835,64.07961622541131,0.0042545572916666665,0.06783203125,0.13914535984848486,9,1,2.3493816167464274,1.052050054092671,0,-2.345205019614519,2.4675039423255463,2.7692058086395264
videos__rec_20251130_124123__f004520.jpg,rec_20251130_124123.avi,83.6,0,0,,10273.872700751243,133.263642578125,54.97589665748186,0.0035188802083333335,0.008447265625,0.2333688446969697,9,1,5.64118721456822,1.0514136644756584,0,8.752008413014906,-9.438171440149024,40.64225387573242
videos__rec_20251130_030636__f004540.jpg,rec_20251130_030636.avi,88.9,0,0,,11513.50537937621,128.31417317708335,64.01349334609893,0.004427083333333333,0.06762044270833334,0.13979640151515152,9,1,2.3130059957615003,1.0670727317836066,0,-1.460615371393393,2.5886926851239522,2.2067058086395264
videos__rec_20251130_124123__f004540.jpg,rec_20251130_124123.avi,87.2,0,0,,10596.480293874009,133.48535807291665,54.41419798052684,0.00326171875,0.0077734375,0.2528705018939394,9,1,2.813583818165455,1.249308714677813,0,10.222011765174381,-0.9575821490629721,41.2255859375
videos__rec_20251130_030636__f004560.jpg,rec_20251130_030636.avi,89.4,0,0,,11495.028787432182,128.95075520833333,63.14752040074886,0.0042936197916666665,0.06575846354166667,0.13988517992424243,9,1,2.635984627398841,1.301494505668312,0,-0.9012358810173104,3.3348176875006352,4.490560054779053
videos__rec_20251130_124123__f004560.jpg,rec_20251130_124123.avi,87.6,0,0,,11041.001486255855,132.37968424479166,54.61869537801257,0.003167317708333333,0.008707682291666666,0.24153645833333334,9,1,4.190446251352228,1.2693697376409276,0,7.037112367321323,-2.857622555813286,42.77311325073242
videos__rec_20251130_030636__f004580.jpg,rec_20251130_030636.avi,89.3,0,0,,11441.482490600065,129.5477734375,62.94458099226984,0.004228515625,0.061123046875,0.13884943181818182,9,1,2.080496039835168,1.2130645605445687,0,-0.1775610155523288,2.973578306481457,2.6608073711395264
videos__rec_20251130_124123__f004580.jpg,rec_20251130_124123.avi,80.8,0,0,,10943.338704088836,132.12311848958333,54.93065418253142,0.0034765625,0.009505208333333333,0.19960345643939395,9,1,12.811486410241798,1.25778370467694,0,16.96574118891115,2.5600985121221598,41.90983200073242
videos__rec_20251130_030636__f004600.jpg,rec_20251130_030636.avi,88.4,0,0,,11531.125187154092,129.97825846354166,62.941061162808374,0.004300130208333333,0.060846354166666665,0.1386422821969697,9,1,3.7039818476626465,1.2364961743819476,0,0.3427894262509532,2.1335065310940315,2.6790363788604736
videos__rec_20251130_124123__f004600.jpg,rec_20251130_124123.avi,87.4,0,0,,10701.178013267929,131.82923502604166,54.802318896018996,0.0034993489583333335,0.010322265625,0.18275035511363635,9,1,2.3079181164333136,1.0683332904830642,0,4.678463666380858,-0.3938094351141253,38.3603515625
videos__rec_20251130_030636__f004620.jpg,rec_20251130_030636.avi,89.3,0,0,,11588.134717471268,129.71651041666667,62.8232406721587,0.004322916666666667,0.059853515625,0.1395596590909091,9,1,1.9353693717174565,1.0324561561642074,0,2.2934392978896527,3.0716825871223286,2.5481770038604736
videos__rec_20251130_124123__f004620.jpg,rec_20251130_124123.avi,89.0,0,0,,11460.110798770811,130.95377604166666,55.58122597652925,0.0037434895833333335,0.012893880208333333,0.1557025331439394,9,1,3.711025356086054,1.1791381472018179,0,0.7259385158824272,-5.599466041050363,37.1640625
videos__rec_20251130_030636__f004640.jpg,rec_20251130_030636.avi,88.9,0,0,,11583.347292065257,129.716650390625,62.84097226874485,0.004306640625,0.060286458333333334,0.13881983901515152,9,1,2.366442309373099,1.0447304106980244,0,-1.9771251505895882,2.80845381177361,2.1067707538604736
videos__rec_20251130_124123__f004640.jpg,rec_20251130_124123.avi,90.1,0,0,,11083.556268970706,131.1583984375,55.08807993168755,0.0037532552083333333,0.011481119791666666,0.15385298295454544,9,1,0.3937691085661754,1.1138418248021376,0,1.1174327265091453,-6.196415962335706,37.69498825073242
videos__rec_20251130_030636__f004660.jpg,rec_20251130_030636.avi,90.1,0,0,,11578.034611613368,129.6797265625,62.82727471697886,0.0042578125,0.060322265625,0.13880504261363635,9,1,0.8898617295493523,1.0791062700410063,0,-0.546662077177209,2.3223042610425892,2.0169270038604736
videos__rec_20251130_124123__f004660.jpg,rec_20251130_124123.avi,89.8,0,0,,11190.893850665792,131.71288736979167,54.8477175493569,0.0032747395833333335,0.010745442708333334,0.15336470170454544,9,1,2.3620477712388492,1.383645598284127,0,1.5544016687332045,-2.279992626262448,41.18522262573242
videos__rec_20251130_030636__f004680.jpg,rec_20251130_030636.avi,89.2,0,1,,11485.785242859642,129.638359375,62.79618152383963,0.004166666666666667,0.060182291666666665,0.14029947916666666,9,1,2.209226124700365,1.1280296682394138,0,3.807583524740892,3.544473648986805,1.9733072519302368
videos__rec_20251130_124123__f004680.jpg,rec_20251130_124123.avi,89.4,0,0,,11553.993170735293,132.07620768229165,54.56681280987283,0.003134765625,0.010065104166666667,0.13901219223484848,9,1,1.3673658557250974,1.0514944371783839,0,1.1079883665586843,-1.1373563530380615,41.51627731323242
videos__rec_20251130_030636__f004700.jpg,rec_20251130_030636.avi,89.7,0,0,,11554.114989535765,129.995966796875,62.737262776075234,0.004208984375,0.058440755208333334,0.13966323390151514,9,1,1.715811215031863,1.1327234147609306,0,0.5426306602514221,3.1542328616248483,2.0419921875
videos__rec_20251130_124123__f004700.jpg,rec_20251130_124123.avi,85.1,0,0,,10842.01916841935,132.877880859375,53.755648979451,0.00328125,0.007522786458333333,0.12331321022727272,9,1,1.9093082250760745,1.0472908485029404,0,-3.1072810586140016,-2.069240698092436,40.11458206176758
videos__rec_20251130_030636__f004720.jpg,rec_20251130_030636.avi,87.9,0,0,,11554.494479569234,130.04847005208333,62.61948043813164,0.004173177083333333,0.057102864583333336,0.13892341382575757,9,1,3.656278008456013,1.0336219337480617,0,-1.524355444869029,2.3414959681460346,2.1438801288604736
videos__rec_20251130_124123__f004720.jpg,rec_20251130_124123.avi,81.6,0,0,,10491.106071642553,132.25889973958334,53.81543275823483,0.003037109375,0.007734375,0.10245028409090909,9,1,3.2138791101948527,1.2142606436233063,0,-7.9241435672870395,-4.060908132177907,46.33333206176758
videos__rec_20251130_030636__f004740.jpg,rec_20251130_030636.avi,88.6,0,0,,11503.995241171,130.040703125,62.7061900168771,0.004208984375,0.058157552083333335,0.13933771306818182,9,1,3.101307374031819,1.1548532625532213,0,-1.4855442451837222,2.6629293195231796,2.2366535663604736
videos__rec_20251130_124123__f004740.jpg,rec_20251130_124123.avi,85.9,0,0,,11960.028393961422,131.06414388020832,54.6741820999364,0.00302734375,0.009690755208333334,0.08343690814393939,9,1,0.4217761369047821,1.0830771429820072,0,-3.107531468655207,-15.375369488924164,46.96549606323242
videos__rec_20251130_030636__f004760.jpg,rec_20251130_030636.avi,90.2,0,0,,11545.240677362557,129.89474934895833,62.7914227678583,0.004384765625,0.05943684895833334,0.13843513257575757,9,1,0.9188407945733275,1.1492255486727634,0,2.0760016292007717,2.834788443756686,2.2633464336395264
videos__rec_20251130_124123__f004760.jpg,rec_20251130_124123.avi,82.0,0,0,,11293.557479340356,132.15091796875,54.00478955964269,0.00326171875,0.007705078125,0.08140980113636363,9,1,2.8228594323579728,1.1542595965667084,0,-8.802289888114764,-13.415584557224456,41.69921875
videos__rec_20251130_030636__f004780.jpg,rec_20251130_030636.avi,86.6,0,0,,11535.498688117814,129.51138997395833,62.800117979070386,0.004095052083333333,0.060846354166666665,0.13954486268939395,9,1,5.470411810312157,1.0549243028550674,0,-0.7775333050887069,3.2319691970397635,2.2666015625
videos__rec_20251130_124123__f004780.jpg,rec_20251130_124123.avi,84.0,0,0,,11563.478915557595,132.350869140625,53.75502616604127,0.00349609375,0.008173828125,0.07902758049242424,9,1,0.7745411641306532,1.1556764792433714,0,7.056609272986074,-3.714953780736643,36.49869918823242
videos__rec_20251130_030636__f004800.jpg,rec_20251130_030636.avi,90.5,0,1,,11545.329486303714,129.76200520833333,62.90447566747516,0.004169921875,0.06056640625,0.14044744318181818,9,1,0.46848739460705247,1.0657061932633438,0,2.463168137367076,2.691555689160694,1.8688150644302368
videos__rec_20251130_124123__f004800.jpg,rec_20251130_124123.avi,79.2,0,0,,13137.898342376191,132.17724283854167,54.522632804835986,0.00365234375,0.009889322916666667,0.07265033143939394,9,1,10.147062194974467,1.1556145164731673,0,12.832448567284283,0.042194874535539384,39.8662109375
videos__rec_20251130_030636__f004820.jpg,rec_20251130_030636.avi,88.3,0,0,,11441.289367369547,128.66866536458335,62.760517118854594,0.003919270833333334,0.06611979166666666,0.13883463541666666,9,1,3.1664299476286146,1.1512382798543284,0,0.3608912276409819,2.7096460168217718,3.9212238788604736
videos__rec_20251130_124123__f004820.jpg,rec_20251130_124123.avi,77.5,0,0,,11318.075197455077,132.095107421875,53.468046588692545,0.003271484375,0.008092447916666667,0.054080847537878785,9,1,4.598271314238332,1.0481058256885991,0,-2.7540794756896987,-1.9453172906598581,38.47721481323242
videos__rec_20251130_030636__f004840.jpg,rec_20251130_030636.avi,90.0,0,0,,11617.516772274399,128.839453125,63.59004186128263,0.004563802083333333,0.06672526041666667,0.13834635416666666,9,1,1.2290150099611878,1.105426534526507,0,2.435336002691551,1.9213039525234878,11.976237297058105
videos__rec_20251130_124123__f004840.jpg,rec_20251130_124123.avi,78.7,0,0,,11702.092561467392,132.127041015625,53.41870487481163,0.0035188802083333335,0.008626302083333334,0.044611150568181816,9,1,4.7197325902224065,1.3805518330304132,0,-4.520785717081014,-6.909585980240411,46.08658981323242
videos__rec_20251130_030636__f004860.jpg,rec_20251130_030636.avi,91.5,0,0,,12563.414821722656,134.74240234375,62.6694210820556,0.005911458333333334,0.040374348958333334,0.13586055871212122,9,1,2.4062852360161173,1.1011344859449368,0,3.074690895450382,2.12109035445998,18.85416603088379
videos__rec_20251130_124123__f004860.jpg,rec_20251130_124123.avi,82.0,0,0,,12200.311576608434,131.681796875,53.565635513537565,0.00341796875,0.008802083333333334,0.04813269412878788,9,1,1.3715556234170094,1.0556674601175455,0,-1.6676018128722163,-10.61810957022459,40.234375
videos__rec_20251130_030636__f004880.jpg,rec_20251130_030636.avi,92.4,0,0,,12721.465078895399,134.37451497395833,63.17220812834014,0.006022135416666667,0.04097981770833333,0.13563861268939395,9,1,2.492842847745351,1.3895139886862011,0,2.3108159795713914,2.042086049292049,2.8258464336395264
videos__rec_20251130_124123__f004880.jpg,rec_20251130_124123.avi,82.5,0,0,,11915.51475618785,130.80598958333334,53.383915903066956,0.0035514322916666667,0.009287109375,0.05211292613636364,9,1,1.234033283340807,1.3329301330329353,0,0.8209805182315957,-10.063108883858316,41.18229293823242
videos__rec_20251130_030636__f004900.jpg,rec_20251130_030636.avi,91.9,0,0,,12672.80269781442,133.77068359375,63.444804987258344,0.006044921875,0.0431640625,0.13630445075757575,9,1,1.975284210050063,1.1237277839053652,0,2.0616112288294053,2.5318180744590713,2.5345051288604736
videos__rec_20251130_124123__f004900.jpg,rec_20251130_124123.avi,79.1,0,0,,12066.199419778937,131.38773763020833,53.75619648171884,0.003860677083333333,0.009563802083333333,0.061627012310606064,9,1,6.731311047246152,1.0879328498437946,0,-4.519532155194956,-11.506298759324984,39.66276168823242
videos__rec_20251130_030636__f004920.jpg,rec_20251130_030636.avi,92.7,0,0,,12647.05790530013,133.46001627604167,63.47527674671968,0.005953776041666667,0.043893229166666665,0.13805042613636365,9,1,0.9941577840002651,1.0628290281447694,0,0.18772484878000809,1.073118704943532,2.0657551288604736
videos__rec_20251130_124123__f004920.jpg,rec_20251130_124123.avi,84.4,0,0,,12446.663761391439,130.75771158854167,53.9558572237301,0.0035904947916666667,0.009137369791666667,0.07396721117424243,9,1,4.652778379584788,1.4897681596086005,0,-5.729184990787944,-11.407755004118147,38.5732421875
videos__rec_20251130_030636__f004940.jpg,rec_20251130_030636.avi,91.3,0,0,,12614.999506395803,133.18062174479167,63.635998426261715,0.005807291666666666,0.044798177083333335,0.13556463068181818,9,1,2.8730843245700726,1.152145399715336,0,2.3949638728352256,1.8611334104631183,2.1279296875
videos__rec_20251130_124123__f004940.jpg,rec_20251130_124123.avi,58.2,0,0,,11932.45314945776,130.855830078125,53.84511992412127,0.0038639322916666666,0.008382161458333334,0.06874408143939394,9,1,35.21898682203266,1.123677768883808,0,25.806994763398247,-7.195390336525627,40.0009765625
videos__rec_20251130_030636__f004960.jpg,rec_20251130_030636.avi,93.0,0,0,,12596.622446934,132.99700520833332,63.81877711650236,0.00587890625,0.045458984375,0.13591974431818182,9,1,0.2084454493760859,1.064119642841315,0,2.3495373099870416,4.9330064889750425,2.033203125
videos__rec_20251130_124123__f004960.jpg,rec_20251130_124123.avi,70.7,0,0,,11906.598145662267,130.32361328125,53.8903410192714,0.0040104166666666665,0.008697916666666666,0.06131628787878788,9,1,20.430982968540604,1.7944834914160959,0,-7.182988968447242,-8.943636628339426,40.919921875
videos__rec_20251130_030636__f004980.jpg,rec_20251130_030636.avi,91.7,0,0,,12489.893722710409,132.6751953125,63.79919642248296,0.005810546875,0.04589518229166667,0.13492838541666666,9,1,2.13190371403482,1.1234418723635997,0,2.737730410987269,3.248565069980369,2.2154948711395264
videos__rec_20251130_030636__f005000.jpg,rec_20251130_030636.avi,91.5,0,0,,12422.742802549747,132.94883463541666,63.701190255111925,0.0055110677083333335,0.041484375,0.13494318181818182,9,1,1.864397320176522,1.0535717205293416,0,1.7409792361063743,2.8599230740607418,2.4163410663604736
videos__rec_20251130_030636__f005020.jpg,rec_20251130_030636.avi,92.2,0,0,,12489.626087652832,132.99642578125,63.868085030021405,0.00587890625,0.04359049479166666,0.13560901988636365,9,1,1.546486734663688,1.1323093737426413,0,2.9017536725984585,2.8863559912966963,2.0084636211395264
videos__rec_20251130_030636__f005040.jpg,rec_20251130_030636.avi,91.4,0,0,,12544.213051552835,133.45737955729166,63.8626035745551,0.005895182291666667,0.047076822916666664,0.13365589488636365,9,1,2.2985106780080855,1.1300737314418055,0,2.417809185199088,2.90687039125455,2.7242839336395264
videos__rec_20251130_030636__f005060.jpg,rec_20251130_030636.avi,91.2,0,0,,12743.024991565608,135.33433919270834,63.14424957518772,0.006360677083333334,0.03981770833333333,0.13411458333333334,9,1,2.356691970202803,1.0507446073001845,0,2.8639774931204247,2.6682196662557978,4.590169429779053
videos__rec_20251130_030636__f005080.jpg,rec_20251130_030636.avi,91.5,0,0,,12824.343408151997,134.741083984375,63.341421317761295,0.0065299479166666665,0.04130533854166667,0.13452888257575757,9,1,2.3299357011366055,1.1255403204600902,0,2.4892375180417017,2.22289717875757,2.4479167461395264
videos__rec_20251130_030636__f005100.jpg,rec_20251130_030636.avi,90.7,0,0,,12713.776486554367,134.57154622395834,63.67382027921945,0.006591796875,0.043681640625,0.13279770359848486,9,1,2.9994322237601523,1.0921491416831368,0,1.372907178619687,1.694529929490578,3.1149089336395264
videos__rec_20251130_030636__f005120.jpg,rec_20251130_030636.avi,91.2,0,0,,12855.183837797793,134.51399088541666,63.62082628611516,0.00662109375,0.042874348958333336,0.1356830018939394,9,1,2.6423683992861697,1.0801466995752937,0,2.6894343537171443,2.0544330020557844,2.1087238788604736
videos__rec_20251130_030636__f005140.jpg,rec_20251130_030636.avi,92.4,0,1,,12896.950857730444,134.782666015625,63.57490104303699,0.006552734375,0.04197265625,0.13494318181818182,9,1,1.0362251142742593,1.1017976971737682,0,1.2968158979551219,4.075307054523165,1.9176431894302368
videos__rec_20251130_030636__f005160.jpg,rec_20251130_030636.avi,91.3,0,1,,12807.83951408857,134.84212565104167,63.56700907504799,0.006608072916666667,0.043157552083333335,0.13432173295454544,9,1,2.319892627607942,1.0822129940999825,0,1.7321595395022378,2.6716072417443293,1.8955078125
videos__rec_20251130_030636__f005180.jpg,rec_20251130_030636.avi,87.5,0,1,,12829.409852741148,135.13859700520834,63.57357347708393,0.006705729166666666,0.04278971354166667,0.1332711884469697,9,1,7.379950262642467,1.1186333457751085,0,1.053855666824511,3.704735008199282,1.8313802480697632
videos__rec_20251130_030636__f005200.jpg,rec_20251130_030636.avi,91.1,0,1,,12811.608909716117,135.36647135416666,63.539908940552145,0.006985677083333333,0.040852864583333336,0.1342181581439394,9,1,2.6001515889897178,1.077736930327814,0,2.9898290427464618,2.462082198754736,1.8990885019302368
videos__rec_20251130_030636__f005220.jpg,rec_20251130_030636.avi,90.7,0,1,,12763.394215382852,135.30607747395834,63.678567297925234,0.006819661458333333,0.042841796875,0.13297526041666666,9,1,3.0256077280459976,1.0890169684812292,0,3.4986793533533205,2.192449449696703,1.8610025644302368
videos__rec_20251130_030636__f005240.jpg,rec_20251130_030636.avi,91.5,0,1,,12814.810329076978,135.40972330729167,63.69787739394267,0.006832682291666667,0.042900390625,0.1314364346590909,9,1,1.809899493933358,1.1166286241902696,0,1.972165920554357,2.576692006759238,1.8115234375
videos__rec_20251130_030636__f005260.jpg,rec_20251130_030636.avi,89.9,0,1,,12869.491240183246,135.417568359375,63.714315957163095,0.0070703125,0.042630208333333336,0.13109611742424243,9,1,3.5800967566794952,1.042749995690731,0,3.7758959557319174,2.091009164550748,1.9264322519302368
videos__rec_20251130_030636__f005280.jpg,rec_20251130_030636.avi,87.8,0,0,,12890.578601957097,135.48265625,63.705070400771504,0.0069791666666666665,0.042278645833333336,0.1323834043560606,9,1,6.963816133578746,1.1226187851316112,0,1.3734405789832986,3.875421277433322,2.2395832538604736
videos__rec_20251130_030636__f005300.jpg,rec_20251130_030636.avi,88.1,0,0,,12968.464327412064,135.56307942708332,63.613944522035,0.007021484375,0.04000325520833333,0.1322650331439394,9,1,7.674819455704096,1.3801320603757548,0,0.3967864947799579,2.860132626737961,2.076171875
videos__rec_20251130_030636__f005320.jpg,rec_20251130_030636.avi,91.2,0,0,,12835.270971525308,134.90904296875,63.866298954793436,0.006956380208333333,0.04219075520833333,0.13232421875,9,1,2.203585079759762,1.0796389137453686,0,2.277912564699086,2.8491310537851433,2.6904296875
videos__rec_20251130_030636__f005340.jpg,rec_20251130_030636.avi,91.5,0,0,,12778.893522700999,135.20217447916667,63.913330224827824,0.006819661458333333,0.04236979166666666,0.13296046401515152,9,1,1.9042947714841603,1.081668461973148,0,2.416843446266556,2.60249103939028,2.2171223163604736
videos__rec_20251130_030636__f005360.jpg,rec_20251130_030636.avi,91.8,0,1,,12808.24576148474,135.30712239583335,64.03399827395258,0.007047526041666667,0.04282552083333333,0.1329012784090909,9,1,1.4946497354162602,1.1005690786981908,0,0.3934051648250166,1.7768597720948343,1.89453125
videos__rec_20251130_030636__f005380.jpg,rec_20251130_030636.avi,91.5,0,0,,12622.532136484779,134.15421875,64.33467673533187,0.00677734375,0.045494791666666666,0.13232421875,9,1,1.9153737372490696,1.1258043966041489,0,2.76360487581545,2.2932100861999416,3.6806640625
videos__rec_20251130_030636__f005400.jpg,rec_20251130_030636.avi,90.3,0,0,,12207.447415608345,129.79842447916667,66.8056707814494,0.006087239583333333,0.07290364583333334,0.1342181581439394,9,1,2.623972505650727,1.1535190231618515,0,4.587378476398031,2.5772322195293107,6.444986820220947
videos__rec_20251130_030636__f005420.jpg,rec_20251130_030636.avi,90.1,0,0,,12035.314129808174,127.00888346354166,68.59541438653254,0.005738932291666667,0.09330403645833334,0.13623046875,9,1,1.965066772799446,1.066764335800145,0,2.5879591288443207,3.0252215636596524,4.4462890625
videos__rec_20251130_030636__f005440.jpg,rec_20251130_030636.avi,88.5,0,0,,11857.425404046367,124.64370768229166,70.38659461123711,0.005712890625,0.11251627604166667,0.1367483428030303,9,1,3.6025806390188677,1.1328415156556915,0,4.268801144998241,3.517404180062975,4.784505367279053
videos__rec_20251130_030636__f005460.jpg,rec_20251130_030636.avi,90.1,0,0,,11863.918799138002,125.87500651041667,69.72480416200281,0.005768229166666666,0.10311197916666667,0.13833155776515152,9,1,1.5260769933431675,1.080049440316685,0,2.0163584700126265,2.71791695709652,3.1263020038604736
videos__rec_20251130_030636__f005480.jpg,rec_20251130_030636.avi,82.9,0,0,,10827.403336897523,122.24,71.92298690845183,0.010179036458333334,0.11269856770833334,0.13874585700757575,9,1,6.5559055444371666,1.0492555025425951,0,-0.9909027286904386,3.5488568310244344,8.253581047058105
videos__rec_20251130_030636__f005500.jpg,rec_20251130_030636.avi,84.8,0,0,,10511.439680499776,119.11725911458333,71.72397589194262,0.007151692708333333,0.11924153645833334,0.1416015625,9,1,3.7806332941037226,1.163128398260379,0,1.4602849002460987,2.3237404865914257,7.3974609375
videos__rec_20251130_030636__f005520.jpg,rec_20251130_030636.avi,87.8,0,0,,11450.678310413095,122.16154947916667,70.43590685639283,0.0053092447916666665,0.11646809895833334,0.13898259943181818,9,1,3.083997840158986,1.117144212100118,0,3.0024377971013765,1.9990036320204396,7.5498046875
videos__rec_20251130_030636__f005540.jpg,rec_20251130_030636.avi,89.0,0,0,,11411.012884976537,122.32091796875,70.26746275164038,0.005159505208333333,0.11369466145833333,0.1387310606060606,9,1,1.3656391344231338,1.1230652520189017,0,2.471583707965666,2.794612263483529,2.55859375
videos__rec_20251130_030636__f005560.jpg,rec_20251130_030636.avi,88.8,0,0,,11419.982226533664,122.67883463541666,70.178935158979,0.005387369791666667,0.11220703125,0.1392193418560606,9,1,1.7547784437794007,1.1304681663001857,0,2.8301109949594885,1.9107931491384456,2.7180988788604736
videos__rec_20251130_030636__f005580.jpg,rec_20251130_030636.avi,89.3,0,0,,11453.7359096143,123.27368489583333,69.91923511470725,0.005322265625,0.10743489583333334,0.13788766571969696,9,1,1.02011183036484,1.1100462100207398,0,2.806003139206403,2.827902589148792,3.017578125
videos__rec_20251130_030636__f005600.jpg,rec_20251130_030636.avi,88.5,0,0,,11483.733398394259,123.83407552083334,69.68193458011646,0.0055078125,0.10409505208333333,0.13719223484848486,9,1,2.1212769042988384,1.1144901737825066,0,1.450347005479502,1.5675193579491875,3.2822265625
videos__rec_20251130_030636__f005620.jpg,rec_20251130_030636.avi,88.6,0,0,,11518.669483119444,123.21046549479166,69.95370216874903,0.0054361979166666664,0.10765950520833334,0.13765092329545456,9,1,2.101240027134793,1.0972439482508372,0,1.9429550622164138,2.2186355839878935,2.302734375
videos__rec_20251130_030636__f005640.jpg,rec_20251130_030636.avi,89.3,0,0,,11427.714126431612,123.11153971354166,69.86517188941208,0.00521484375,0.10826171875,0.13954486268939395,9,1,1.3515873193275638,1.146736278786697,0,1.9835775996587366,2.7040702152154594,2.3424479961395264
videos__rec_20251130_030636__f005660.jpg,rec_20251130_030636.avi,89.4,0,0,,11386.403405151197,123.01046549479166,69.5424441680334,0.005211588541666667,0.10630208333333334,0.13883463541666666,9,1,1.128247475500757,1.1815142547257271,0,2.4196404686554165,2.6346164093389035,3.447265625
videos__rec_20251130_030636__f005680.jpg,rec_20251130_030636.avi,85.5,0,0,,11209.113191872906,121.55746744791666,69.50820370566531,0.004736328125,0.10744791666666667,0.13852391098484848,9,1,5.530867406999334,1.1647554389833477,0,1.0882817094569635,3.3907679680218723,4.11328125
videos__rec_20251130_030636__f005700.jpg,rec_20251130_030636.avi,80.4,0,0,,10046.591342323718,121.392109375,69.52433678350306,0.007666015625,0.10698567708333333,0.13796164772727273,9,1,7.061889090387183,1.077470049526834,0,1.1791992699814793,3.771107169785193,13.582682609558105
videos__rec_20251130_030636__f005720.jpg,rec_20251130_030636.avi,79.6,0,0,,9494.716215752493,119.06123372395834,70.16391511421672,0.007535807291666667,0.10953776041666667,0.14235617897727273,9,1,7.537024136305888,1.297156695049293,0,0.0222796494038713,4.092779821723784,17.51497459411621
videos__rec_20251130_030636__f005740.jpg,rec_20251130_030636.avi,83.4,0,0,,9902.071399983342,115.91248697916667,69.45980667850245,0.005445963541666667,0.11279296875,0.14232658617424243,9,1,3.1435519210915572,1.0725365357750778,0,3.3884324708224307,3.2471097857845703,18.43522071838379
videos__rec_20251130_030636__f005760.jpg,rec_20251130_030636.avi,82.4,0,0,,11072.210875268287,120.33796875,71.08022350103688,0.005589192708333334,0.11673177083333333,0.13636363636363635,9,1,8.249407026129177,1.05995000987548,0,-0.2078288487451834,2.981940752688601,10.3076171875
videos__rec_20251130_030636__f005780.jpg,rec_20251130_030636.avi,86.0,0,0,,10944.054798159183,118.64498372395833,71.52800948704026,0.005289713541666667,0.12380859375,0.1397076231060606,9,1,3.3812071499501144,1.0729901206335284,0,3.5010112963921873,3.3516990475057367,8.418620109558105
videos__rec_20251130_030636__f005800.jpg,rec_20251130_030636.avi,87.6,0,0,,10702.742092394978,117.51646809895833,70.30793959025335,0.005784505208333333,0.10944661458333334,0.14044744318181818,9,1,0.4678627660662755,1.0618890872957092,0,2.23100161717537,5.357495164139756,11.602213859558105
videos__rec_20251130_030636__f005820.jpg,rec_20251130_030636.avi,80.8,0,0,,9191.05436623636,120.91822265625,67.9455024799855,0.00974609375,0.069130859375,0.14568536931818182,9,1,5.729321379134717,1.3592061930097492,0,-2.122114980843113,2.3637315810319848,26.00716209411621
videos__rec_20251130_030636__f005840.jpg,rec_20251130_030636.avi,81.1,0,0,,9396.15999958368,120.34111653645833,68.5217400363382,0.011585286458333333,0.06293294270833333,0.13976680871212122,9,1,4.0139064739139485,1.0912041505264125,0,1.0418538526328123,1.7863496094308575,35.41862106323242
videos__rec_20251130_030636__f005860.jpg,rec_20251130_030636.avi,82.4,0,0,,10509.754387181336,119.39479817708333,67.30750402400194,0.007060546875,0.061754557291666665,0.13844992897727273,9,1,6.692642439318206,1.0703091251897645,0,-3.6597985488318563,2.165388720574235,20.7490234375
videos__rec_20251130_030636__f005880.jpg,rec_20251130_030636.avi,87.9,0,0,,11109.952492200968,121.743173828125,67.15517013308728,0.0074674479166666665,0.05916015625,0.13603811553030304,9,1,2.0179192078287542,1.1966410053779994,0,3.878141895868104,2.0850165422185185,12.112956047058105
videos__rec_20251130_030636__f005900.jpg,rec_20251130_030636.avi,87.6,0,0,,10965.739332478579,122.710869140625,67.55147637162924,0.0062076822916666665,0.059485677083333334,0.13754734848484848,9,1,2.2581055948264748,1.2362959540490233,0,4.102425528464958,2.254624037033288,5.6455078125
videos__rec_20251130_030636__f005920.jpg,rec_20251130_030636.avi,85.2,0,0,,10742.698904937066,120.5405859375,67.26541819012273,0.006575520833333333,0.05974609375,0.13670395359848486,9,1,3.7743224989268924,1.082726273728486,0,-0.29762591295809243,1.7658094160885085,10.611979484558105
videos__rec_20251130_030636__f005940.jpg,rec_20251130_030636.avi,88.8,0,0,,11620.364808670001,123.37136067708333,66.70316959062002,0.004925130208333333,0.06008138020833333,0.13503196022727273,9,1,2.476385452317004,1.1122015488800978,0,4.063363092180879,2.620981758653631,9.134440422058105
videos__rec_20251130_030636__f005960.jpg,rec_20251130_030636.avi,83.4,0,0,,10975.108648555657,117.394189453125,70.35929162100355,0.004557291666666667,0.10350260416666666,0.13609730113636365,9,1,7.135194667434348,1.1613310290477,0,0.582893528026126,3.56157356160244,10.055338859558105
videos__rec_20251130_030636__f005980.jpg,rec_20251130_030636.avi,80.7,0,0,,10724.21813833566,113.58935872395833,72.13633366626085,0.004361979166666667,0.12783528645833334,0.13800603693181818,9,1,9.322914151694533,1.0727404034812316,0,5.561159394091978,4.435307103319275,8.386067390441895
videos__rec_20251130_030636__f006000.jpg,rec_20251130_030636.avi,86.4,0,0,,10841.164475029744,117.12556640625,72.97676455810637,0.005638020833333333,0.11574544270833333,0.1343661221590909,9,1,1.8183543463193246,1.0980581534103877,0,1.5643031202225246,2.5385056255082716,4.517903804779053
videos__rec_20251130_030636__f006020.jpg,rec_20251130_030636.avi,88.1,0,0,,11481.048861134326,121.31218424479167,72.06488453688809,0.006848958333333334,0.09588541666666667,0.13063742897727273,9,1,1.6676351581021436,1.0962401819876801,0,3.5722365662140647,2.2341639628529286,7.222005367279053
videos__rec_20251130_124123__f006020.jpg,rec_20251130_124123.avi,70.8,0,0,,6468.959919649082,127.59506184895834,70.14096093399971,0.013450520833333333,0.06696940104166667,0.2578125,9,1,11.079148849141347,1.3945314192957117,0,-27.24030339779247,-4.303487786545581,62.3896484375
videos__rec_20251130_030636__f006040.jpg,rec_20251130_030636.avi,90.3,0,0,,12396.65410059991,130.18259440104165,68.31934784630253,0.008277994791666667,0.046787109375,0.12821081912878787,9,1,2.7331735118000893,1.156623484332317,0,-1.5134516359710144,2.05529959613461,10.45703125
videos__rec_20251130_124123__f006040.jpg,rec_20251130_124123.avi,74.3,0,0,,7591.188650659336,131.51099283854165,68.18065293869724,0.011800130208333334,0.051220703125,0.2643821022727273,9,1,7.7640200139721856,1.1469627541706142,0,-18.706699697047885,-6.873701327332711,28.32747459411621
videos__rec_20251130_030636__f006060.jpg,rec_20251130_030636.avi,89.6,0,0,,11894.271409122457,129.15677083333333,64.6691237464602,0.006328125,0.04339192708333333,0.13356711647727273,9,1,2.3202262488750307,1.1004698336697238,0,2.860930472601867,2.8828202600445607,10.726237297058105
videos__rec_20251130_124123__f006060.jpg,rec_20251130_124123.avi,74.7,0,0,,8083.7226272572425,133.25222981770833,63.08538425254248,0.008798828125,0.013955078125,0.26513671875,9,1,9.670713176902495,1.1340936070219219,0,-23.459096414998893,-9.015688614126933,22.52669334411621
videos__rec_20251130_030636__f006080.jpg,rec_20251130_030636.avi,90.9,0,0,,11983.531714884439,126.6466015625,65.37718143000563,0.00560546875,0.050738932291666664,0.13193951231060605,9,1,0.9621386465568094,1.1546936546514743,0,-1.3289613206731128,2.641963926372952,4.924153804779053
videos__rec_20251130_124123__f006080.jpg,rec_20251130_124123.avi,74.5,0,0,,6309.243127598222,128.338583984375,59.868877771335136,0.005426432291666667,0.011666666666666667,0.2677408854166667,9,1,6.862280826224833,1.2992848450236365,0,-14.004527552548797,-3.8414526771981627,36.6806640625
videos__rec_20251130_030636__f006100.jpg,rec_20251130_030636.avi,89.0,0,0,,12038.096272612845,127.20418294270833,65.14129618629887,0.005462239583333334,0.04777669270833333,0.12952769886363635,9,1,3.106591932417132,1.091500386081883,0,0.9898038776355531,2.771907189364402,2.4104816913604736
videos__rec_20251130_124123__f006100.jpg,rec_20251130_124123.avi,69.6,0,0,,6532.028805360908,132.2885546875,58.43928293175523,0.004410807291666667,0.011155598958333334,0.2461233428030303,9,1,12.41734315158675,1.0676044316179831,0,-21.69420710815396,-4.2732505908416485,33.85091018676758
videos__rec_20251130_030636__f006120.jpg,rec_20251130_030636.avi,87.6,0,0,,12128.27139040755,126.63342122395834,65.22150822370573,0.005638020833333333,0.048108723958333335,0.13154000946969696,9,1,6.288019484971642,1.249296680704656,0,-4.4003514641460155,2.450287888858309,2.4124348163604736
videos__rec_20251130_124123__f006120.jpg,rec_20251130_124123.avi,70.9,0,0,,7312.273607788044,131.66249348958334,58.25586384810339,0.002679036458333333,0.016331380208333333,0.21149976325757575,9,1,12.69410513696306,1.263861409046329,0,-13.928222078431522,-2.1420702258993707,38.76008987426758
videos__rec_20251130_030636__f006140.jpg,rec_20251130_030636.avi,89.7,0,0,,12152.981364533107,126.19894205729166,65.35804060854372,0.005520833333333333,0.05169270833333333,0.1328716856060606,9,1,3.0427237005687857,1.1157763200711794,0,4.105436204651521,3.1689396019756266,2.0817058086395264
videos__rec_20251130_124123__f006140.jpg,rec_20251130_124123.avi,70.5,0,0,,7060.445455471293,131.056611328125,58.654269148103396,0.0027278645833333334,0.015458984375,0.21735913825757575,9,1,12.536969204748459,1.346340087298256,0,-16.72696334930683,-2.8614341782982677,19.93684959411621
videos__rec_20251130_030636__f006160.jpg,rec_20251130_030636.avi,88.9,0,0,,11777.238066098944,126.18681315104166,65.62011688132286,0.005465494791666667,0.05262044270833333,0.13253136837121213,9,1,2.848878755808869,1.1656687099727379,0,1.8039932147677646,1.838829141117575,3.541015625
videos__rec_20251130_124123__f006160.jpg,rec_20251130_124123.avi,74.8,0,0,ambiguous_row,6793.184605620818,128.85014973958334,58.327292073510655,0.0026139322916666667,0.016090494791666667,0.2358102509469697,9,1,5.373805495924557,1.016078038276962,0,-15.713940085967897,-10.326828801110164,14.876301765441895
videos__rec_20251130_030636__f006180.jpg,rec_20251130_030636.avi,89.7,0,0,,11894.851812356046,125.89866861979166,65.97199489333782,0.00537109375,0.056549479166666666,0.13438091856060605,9,1,2.1717539997781614,1.1005233652968105,0,2.9126162277804104,2.3557725034014076,5.47265625
videos__rec_20251130_124123__f006180.jpg,rec_20251130_124123.avi,73.9,0,0,ambiguous_row,7255.065044567701,131.08196614583332,58.32009016597628,0.00244140625,0.015921223958333335,0.20785984848484848,9,1,7.458574012323254,1.0222139072399854,0,-14.894339450662235,-6.077326335326383,13.927734375
videos__rec_20251130_030636__f006200.jpg,rec_20251130_030636.avi,89.0,0,0,,11873.475196048728,126.235771484375,66.09006393157016,0.0055110677083333335,0.056168619791666666,0.13054865056818182,9,1,2.534533410996687,1.1010886535775803,0,2.3277021423745774,2.8884339182198815,5.138671875
videos__rec_20251130_124123__f006200.jpg,rec_20251130_124123.avi,70.5,0,0,,7094.661737155396,130.86886067708335,58.47424888740969,0.00265625,0.015634765625,0.20621744791666666,9,1,12.512491908969253,1.3079693456664379,0,-17.42097847574363,-2.712033304400805,14.0224609375
videos__rec_20251130_124123__f006220.jpg,rec_20251130_124123.avi,73.8,0,0,,7911.0338440461765,130.95059895833333,58.80301847194651,0.00279296875,0.016178385416666666,0.20825935132575757,9,1,11.20014126787845,1.2881096941649142,0,-21.400520665032122,-3.355717159913638,4.876953125
videos__rec_20251130_030636__f006240.jpg,rec_20251130_030636.avi,89.9,0,0,,11771.615713316343,123.58853515625,67.65248541347064,0.006419270833333333,0.060732421875,0.13188032670454544,9,1,1.2373059138940903,1.1462329881074549,0,2.180231898493216,2.9340119276116994,7.357421875
videos__rec_20251130_124123__f006240.jpg,rec_20251130_124123.avi,74.4,0,0,,7620.111197671845,130.611025390625,58.59010958849457,0.002568359375,0.01630208333333333,0.21348248106060605,9,1,9.38912099990398,1.3097937124526613,0,4.615702760909735,8.713325800595833,2.7890625
videos__rec_20251130_030636__f006260.jpg,rec_20251130_030636.avi,88.1,0,0,,11459.645735638935,128.08213216145833,67.24176395710677,0.00623046875,0.05036458333333333,0.12754498106060605,9,1,1.6915604259293104,1.0894681096662178,0,2.4450625079798205,2.249190521380555,22.546875
videos__rec_20251130_124123__f006260.jpg,rec_20251130_124123.avi,75.3,0,0,,6425.795962470147,130.74852864583335,58.09357711711511,0.00224609375,0.014899088541666666,0.21422230113636365,9,1,5.819869700541005,1.2739198304215018,0,-9.560507690301936,-6.1781091723172565,29.03157615661621
videos__rec_20251130_030636__f006280.jpg,rec_20251130_030636.avi,87.6,0,0,,11402.12552568477,125.68347981770833,67.64813077147988,0.0064127604166666664,0.062421875,0.12834398674242425,9,1,2.407397401425442,1.1605536722219632,0,2.9321734386592238,2.12205937610932,15.150065422058105
videos__rec_20251130_124123__f006280.jpg,rec_20251130_124123.avi,76.4,0,0,,6184.516758614053,129.804580078125,57.863081964353654,0.0020670572916666667,0.01560546875,0.23890269886363635,9,1,3.8298719866641022,1.1428603229471477,0,-0.8842282036742257,-0.8227764482590595,31.21354103088379
videos__rec_20251130_124123__f006300.jpg,rec_20251130_124123.avi,75.9,0,0,,7009.181594011425,131.44757486979168,58.73975807482574,0.003212890625,0.015283203125,0.2768850615530303,9,1,4.471838726529882,1.1683262648259196,0,-7.094480818176896,0.15460087375309683,42.04719924926758
videos__rec_20251130_030636__f006320.jpg,rec_20251130_030636.avi,91.0,0,0,,12613.220279240883,133.83933919270834,67.95456215871842,0.010120442708333333,0.04831705729166667,0.13393702651515152,9,1,3.1341216806359284,1.2321584686275988,0,1.0510364476692418,3.1959443645657797,26.81510353088379
videos__rec_20251130_124123__f006320.jpg,rec_20251130_124123.avi,77.5,0,0,,6373.22140184605,132.329111328125,58.028550883463744,0.0023079427083333333,0.014300130208333333,0.2772549715909091,9,1,2.512753628249243,1.1735020571414825,0,-11.023095763645669,-0.5105682648502174,39.224609375
videos__rec_20251130_030636__f006340.jpg,rec_20251130_030636.avi,90.7,0,0,,11984.956343261676,125.90443033854167,68.76508975427697,0.007958984375,0.0797265625,0.13947088068181818,9,1,2.0586662364314634,1.2146821326450243,0,-1.7572446791539522,2.9528382074182247,10.331706047058105
videos__rec_20251130_124123__f006340.jpg,rec_20251130_124123.avi,77.8,0,0,,6494.000953938124,133.229814453125,57.75377463114649,0.0027799479166666667,0.012054036458333334,0.26521070075757575,9,1,2.6830088757383237,1.3293303090089277,0,-10.492302656503641,-2.865148061646803,33.02376174926758
videos__rec_20251130_030636__f006360.jpg,rec_20251130_030636.avi,87.7,0,0,,11981.79766767561,124.23569986979167,70.02362888677237,0.00826171875,0.09186848958333334,0.1420602509469697,9,1,6.337412568187403,1.2473820940399942,0,-2.7083911171066797,3.668152111196843,6.541666507720947
videos__rec_20251130_124123__f006360.jpg,rec_20251130_124123.avi,78.4,0,0,,6966.309095178181,131.7177734375,57.75565919007348,0.0024967447916666666,0.014202473958333333,0.2344341856060606,9,1,1.2515361026707978,1.173816116676922,0,-11.034487343649568,-0.2909284490484687,41.1474609375
videos__rec_20251130_030636__f006380.jpg,rec_20251130_030636.avi,90.6,0,0,,11888.160140848753,123.15280598958333,70.51279164624114,0.00841796875,0.09801432291666666,0.14146839488636365,9,1,2.1532418067479284,1.2801582124670312,0,-0.6754095343057732,2.7153673320348837,2.9280598163604736
videos__rec_20251130_124123__f006380.jpg,rec_20251130_124123.avi,78.1,0,0,,6489.857235570175,131.4230078125,57.460077370935544,0.002294921875,0.014596354166666667,0.19331498579545456,9,1,2.453911261146004,1.36664464943904,0,-15.341549315096701,0.6443962461861297,32.20930862426758
videos__rec_20251130_030636__f006400.jpg,rec_20251130_030636.avi,89.4,0,0,,11989.134670976411,123.982841796875,70.32472441324737,0.008473307291666666,0.093095703125,0.14092092803030304,9,1,3.72673204016354,1.193492283776824,0,0.12945191929892588,3.874842459528231,3.3557941913604736
videos__rec_20251130_124123__f006400.jpg,rec_20251130_124123.avi,71.0,0,0,,6715.887078454323,132.08522786458335,57.88792300160946,0.0024576822916666666,0.012958984375,0.13654119318181818,9,1,11.129592694625615,1.579644525579306,0,-1.7877760744280995,1.8648075764657788,42.38151168823242
videos__rec_20251130_030636__f006420.jpg,rec_20251130_030636.avi,90.9,0,0,,12053.986988446539,124.55103190104167,70.45903189579738,0.008372395833333334,0.09324869791666666,0.14111328125,9,1,1.9387815895560152,1.1835715260754391,0,1.4532206852394816,3.960887617562392,2.6669921875
videos__rec_20251130_124123__f006420.jpg,rec_20251130_124123.avi,74.8,0,0,,7349.571054952145,131.46299153645833,58.270131123542846,0.00263671875,0.0123046875,0.13512073863636365,9,1,7.564594693171728,1.6845411679076678,0,-3.3962302308578285,15.60149089004451,32.34244918823242
videos__rec_20251130_030636__f006440.jpg,rec_20251130_030636.avi,89.5,0,0,,12103.89294482405,125.10157552083334,70.41523671280113,0.008818359375,0.090849609375,0.13917495265151514,9,1,3.207950301265896,1.072935356215754,0,0.4910881940476908,3.8291583416570947,2.2268879413604736
videos__rec_20251130_124123__f006440.jpg,rec_20251130_124123.avi,77.7,0,0,,6623.996075382221,131.69550455729166,57.9502667127828,0.002639973958333333,0.010520833333333333,0.14916252367424243,9,1,2.6625602807101245,1.3095040839540706,0,-11.830205556890707,-4.078287215546084,34.18326950073242
videos__rec_20251130_030636__f006460.jpg,rec_20251130_030636.avi,91.1,0,0,,12116.202390461562,125.086044921875,70.41121886073066,0.008984375,0.08986653645833333,0.1386126893939394,9,1,1.6309145531702143,1.2119919685033904,0,0.527124963772279,3.344364444498708,2.0569660663604736
videos__rec_20251130_124123__f006460.jpg,rec_20251130_124123.avi,77.3,0,0,ambiguous_row,6304.742098110453,132.306181640625,57.73033191924389,0.0026627604166666666,0.011145833333333334,0.17387251420454544,9,1,1.9845073257761214,1.025160950509083,0,-6.797188535600327,-3.811452686638343,35.1552734375
videos__rec_20251130_030636__f006480.jpg,rec_20251130_030636.avi,90.9,0,1,,12191.875958613035,125.01066080729167,70.54630317888078,0.008733723958333333,0.090986328125,0.13879024621212122,9,1,1.7445264488912926,1.093861756622919,0,1.9522474847092783,3.4688030595138564,1.9622396230697632
videos__rec_20251130_124123__f006480.jpg,rec_20251130_124123.avi,75.7,0,0,,7184.2632376739075,133.54904947916665,58.28161569708906,0.0031510416666666666,0.011165364583333334,0.18581321022727273,9,1,5.525895683394424,1.1986742772365284,0,-0.4596991198112417,-3.681249019031814,36.86393356323242
videos__rec_20251130_030636__f006500.jpg,rec_20251130_030636.avi,91.0,0,1,,12180.65312068913,124.88647135416667,70.61403423752716,0.009055989583333333,0.09263671875,0.14090613162878787,9,1,2.154776436751604,1.1665209529223346,0,-0.9096264086101579,3.6344158492069663,1.8365885019302368
videos__rec_20251130_124123__f006500.jpg,rec_20251130_124123.avi,77.5,0,0,,6419.411488450104,132.23985677083334,58.24626274429461,0.0030045572916666667,0.011396484375,0.17530776515151514,9,1,4.962275792754326,1.7289228770330205,0,2.974235470126227,0.38888184972879714,40.76887893676758
videos__rec_20251130_030636__f006520.jpg,rec_20251130_030636.avi,86.0,0,1,,12175.066852263342,124.906904296875,70.70102215003577,0.008893229166666667,0.09388020833333334,0.13756214488636365,9,1,8.120438747732976,1.1013797153986806,0,-0.2864110391962601,3.7118012906197246,1.7978515625
videos__rec_20251130_124123__f006520.jpg,rec_20251130_124123.avi,71.9,0,0,,6554.868787824843,130.86866861979166,57.75568493267594,0.002679036458333333,0.012835286458333333,0.1649798768939394,9,1,11.435720785340948,1.513812817686954,0,5.435821200275572,3.770294252299209,40.50846481323242
videos__rec_20251130_030636__f006540.jpg,rec_20251130_030636.avi,89.5,0,1,,12201.974151575683,124.915126953125,70.68775908314058,0.008938802083333334,0.09127604166666667,0.13609730113636365,9,1,2.9680854285057308,1.0333469513301152,0,0.6939594551339796,4.103877210952156,1.8004556894302368
videos__rec_20251130_124123__f006540.jpg,rec_20251130_124123.avi,79.9,0,0,,7290.661307508679,131.005009765625,57.83360463010778,0.002955729166666667,0.012464192708333334,0.15255089962121213,9,1,0.8150200866265322,1.3233660705007015,0,9.328997124378663,4.945101618168319,32.08854293823242
videos__rec_20251130_030636__f006560.jpg,rec_20251130_030636.avi,89.5,0,1,,12258.0887788133,125.05049479166667,70.7415589764733,0.009111328125,0.09241861979166667,0.1377840909090909,9,1,4.109919653240809,1.1861328707555139,0,4.977558732100162,3.7067079937136427,1.8274739980697632
videos__rec_20251130_124123__f006560.jpg,rec_20251130_124123.avi,54.9,0,0,extreme_heading,6606.5073372394145,131.53180338541668,57.39687733324154,0.0029069010416666666,0.009482421875,0.1587209990530303,9,1,33.26318451201928,1.3427464127234239,0,43.49354015770712,48.95816074071188,29.5283203125
videos__rec_20251130_030636__f006580.jpg,rec_20251130_030636.avi,91.5,0,1,,12258.389468234209,124.99146158854167,70.79979076988201,0.009274088541666666,0.09404947916666667,0.13818359375,9,1,1.4409538717691817,1.183123183834092,0,2.6411219824695067,3.065225914248071,1.8170572519302368
videos__rec_20251130_124123__f006580.jpg,rec_20251130_124123.avi,64.8,0,0,,6096.4864262288,131.11211263020834,57.17415218000998,0.0026302083333333334,0.012034505208333334,0.2142962831439394,9,1,18.637541842378255,1.0365237459322998,0,6.001286841796538,8.664094645410412,36.9677734375
videos__rec_20251130_030636__f006600.jpg,rec_20251130_030636.avi,91.7,0,1,,12251.766023862192,124.94707356770833,70.65128194767635,0.009150390625,0.09048502604166667,0.13836115056818182,9,1,1.3770851974111338,1.2047616595844381,0,2.8386688284615627,3.041126828287375,1.8518880605697632
videos__rec_20251130_124123__f006600.jpg,rec_20251130_124123.avi,67.1,0,0,,6846.613362096108,131.298857421875,57.6703788921063,0.0029622395833333332,0.012858072916666666,0.21864642518939395,9,1,16.956903649524634,1.3452076858901452,0,5.519762447360821,8.68115878720058,29.45149803161621
videos__rec_20251130_030636__f006620.jpg,rec_20251130_030636.avi,87.1,0,0,,10974.398178170255,124.44721354166667,70.37227315836283,0.00853515625,0.09504557291666667,0.1376361268939394,9,1,2.6016860772826362,1.259933123742855,0,4.045028412512194,2.8487484055193946,6.004557132720947
videos__rec_20251130_124123__f006620.jpg,rec_20251130_124123.avi,76.8,0,0,,6188.787564764913,130.87814778645833,57.23526937336087,0.0034733072916666666,0.009768880208333334,0.18971946022727273,9,1,3.061509034376172,1.1418864895076175,0,-7.967738037099688,5.988132023844415,42.76887893676758
videos__rec_20251130_030636__f006640.jpg,rec_20251130_030636.avi,90.9,0,0,,12220.239824115964,124.188486328125,70.79946443059663,0.009010416666666667,0.09684244791666667,0.14075816761363635,9,1,2.2289213477502585,1.1304515804853328,0,1.6757560528761664,2.280783568661775,2.7740886211395264
videos__rec_20251130_124123__f006640.jpg,rec_20251130_124123.avi,76.2,0,0,,6256.65734410197,131.54625,57.01553204865904,0.00341796875,0.008733723958333333,0.16292317708333334,9,1,4.149101099018253,1.2329716394657693,0,-12.858407121932984,8.287265050174355,31.24869728088379
videos__rec_20251130_030636__f006660.jpg,rec_20251130_030636.avi,87.9,0,0,,11493.559898789978,124.30415364583334,70.45275398410726,0.008473307291666666,0.09298177083333334,0.13978160511363635,9,1,3.1723822649011595,1.0903985452993268,0,3.9701465060546797,3.564879552234838,10.488606452941895
videos__rec_20251130_124123__f006660.jpg,rec_20251130_124123.avi,73.8,0,0,,6976.581292233774,131.6460546875,57.19284471888662,0.0038736979166666668,0.01044921875,0.14683948863636365,9,1,6.265847094435003,1.0636454992866313,0,-16.701388081670093,8.44931566842206,29.62532615661621
videos__rec_20251130_030636__f006680.jpg,rec_20251130_030636.avi,88.3,0,0,,11146.08003804101,124.72443033854167,70.50481695853465,0.008665364583333333,0.09385416666666667,0.13722182765151514,9,1,1.6758574409320204,1.2743311651679432,0,1.0733881591539574,3.379129682393689,10.553059577941895
videos__rec_20251130_124123__f006680.jpg,rec_20251130_124123.avi,74.8,0,0,,6408.291033021673,130.66649739583335,57.0474386838534,0.0035221354166666665,0.009459635416666667,0.1406545928030303,9,1,4.04697955850304,1.0586825939349904,0,-30.46906085594922,-83.88862862692001,35.2158203125
videos__rec_20251130_030636__f006700.jpg,rec_20251130_030636.avi,90.0,0,0,,12072.838269270787,124.96095052083334,70.83954106290328,0.009440104166666666,0.09434895833333333,0.13991477272727273,9,1,3.0313165659299557,1.1888758256035945,0,3.7601992720301,3.564045675372966,4.8203125
videos__rec_20251130_124123__f006700.jpg,rec_20251130_124123.avi,68.2,0,0,ambiguous_row,6221.825508656142,130.11597330729165,57.62971473897056,0.0036783854166666666,0.010162760416666666,0.16786517518939395,9,1,13.968994175734792,1.0120316467070916,0,19.69043085258347,30.77060094197936,35.44758987426758
videos__rec_20251130_030636__f006720.jpg,rec_20251130_030636.avi,88.3,0,0,,11487.390013275148,125.37323893229167,70.72652418504943,0.008837890625,0.09398111979166666,0.13671875,9,1,2.2270419258247216,1.1238078134567626,0,0.01365415654406857,2.4819284758250326,5.30859375
videos__rec_20251130_124123__f006720.jpg,rec_20251130_124123.avi,78.0,0,0,,6824.310546212727,129.21453776041668,58.42121427131391,0.00380859375,0.010826822916666666,0.18960108901515152,9,1,1.2259768238752144,1.046486508947456,0,0.1671355147302785,10.767283689416729,29.44108009338379
videos__rec_20251130_030636__f006740.jpg,rec_20251130_030636.avi,82.1,0,0,,10336.22826903072,125.56196940104167,70.50003242021714,0.00857421875,0.09282877604166667,0.13423295454545456,9,1,7.239703860756606,1.4752394485652107,0,6.106531694088985,4.529162126873008,12.863932609558105
videos__rec_20251130_124123__f006740.jpg,rec_20251130_124123.avi,74.3,0,0,,6026.102809239184,129.00665364583332,58.41441233985194,0.0038346354166666667,0.0095703125,0.19426195549242425,9,1,6.163319555516125,1.063567430541149,0,-4.995494715189055,9.024723612275078,29.7861328125
videos__rec_20251130_030636__f006760.jpg,rec_20251130_030636.avi,83.7,0,0,,10034.940842324566,125.61666015625,70.1226268522361,0.008492838541666667,0.09259114583333333,0.14044744318181818,9,1,3.8231610633604873,1.2426852552732526,0,2.1399251744051773,2.245728564974847,27.38443946838379
videos__rec_20251130_124123__f006760.jpg,rec_20251130_124123.avi,77.4,0,0,,6137.924279371377,128.970400390625,58.6390342746195,0.003974609375,0.010061848958333333,0.20009173768939395,9,1,2.4530824563723286,1.1386478688001633,0,2.725623653516963,12.71774208435458,34.626953125
videos__rec_20251130_030636__f006780.jpg,rec_20251130_030636.avi,90.1,0,0,,12190.770203391137,126.23433919270833,70.81505183407374,0.009860026041666666,0.08841471354166666,0.13985558712121213,9,1,3.536801932841911,1.2372750091475408,0,2.3403213817634763,2.369299112829033,3.5673828125
videos__rec_20251130_124123__f006780.jpg,rec_20251130_124123.avi,76.1,0,0,,6811.395211661612,128.8470703125,58.076069889074645,0.003893229166666667,0.010458984375,0.189453125,9,1,3.6734585221768157,1.0405891184855354,0,-6.767108854096759,4.261903542512346,31.953125
videos__rec_20251130_030636__f006800.jpg,rec_20251130_030636.avi,91.0,0,0,,12298.761694606146,126.54898111979166,70.83026570366646,0.009934895833333334,0.08757161458333333,0.13881983901515152,9,1,2.3936255650289695,1.1814557861241548,0,-1.0359229787190984,2.9903506292003,2.4733073711395264
videos__rec_20251130_124123__f006800.jpg,rec_20251130_124123.avi,75.6,0,0,,6870.4196215208285,131.97215494791666,57.34234568595584,0.004283854166666667,0.009954427083333333,0.15222537878787878,9,1,4.271376795364006,1.07391059590128,0,-10.69392297346024,-0.6403584927448591,39.07649612426758
videos__rec_20251130_030636__f006820.jpg,rec_20251130_030636.avi,86.3,0,0,,10479.728099059,126.594482421875,70.40752887689727,0.009290364583333334,0.08852213541666666,0.14132043087121213,9,1,1.6512500224170026,1.1250364330333857,0,3.2601166598826254,3.7670090035194193,3.4713542461395264
videos__rec_20251130_124123__f006820.jpg,rec_20251130_124123.avi,76.7,0,0,ambiguous_row,7010.682918093828,132.01061197916667,55.13434448756418,0.003238932291666667,0.011129557291666667,0.14259292140151514,9,1,1.0058689969455372,1.0167186541236801,0,0.1153703401651344,12.37560270776143,33.4140625
videos__rec_20251130_030636__f006840.jpg,rec_20251130_030636.avi,91.6,0,0,,12293.878887336563,126.65095377604166,70.96911175740178,0.010029296875,0.08766927083333333,0.1382723721590909,9,1,1.782386327008851,1.246820347704426,0,3.1630696094169513,3.3769828962456927,3.3727214336395264
videos__rec_20251130_124123__f006840.jpg,rec_20251130_124123.avi,67.8,0,0,,7787.315484601329,130.63928059895832,56.2614857660394,0.0035123697916666667,0.014853515625,0.14636600378787878,9,1,16.663704056309257,1.0311479985004237,0,6.3859539725236525,34.00931523326422,37.11100387573242
videos__rec_20251130_030636__f006860.jpg,rec_20251130_030636.avi,91.7,0,0,,12526.776453168986,128.744775390625,70.11670907135992,0.010374348958333333,0.07140950520833333,0.1377249053030303,9,1,1.8040105163113367,1.092728305716493,0,2.821948182586695,3.7411911319540714,3.994140625
videos__rec_20251130_124123__f006860.jpg,rec_20251130_124123.avi,75.0,0,0,ambiguous_row,6935.585190752496,130.732607421875,55.95550369523349,0.0031412760416666668,0.011634114583333334,0.17024739583333334,9,1,4.625945093783514,1.023382877497196,0,-1.3444929775292318,13.943579555408672,37.34407424926758
videos__rec_20251130_030636__f006880.jpg,rec_20251130_030636.avi,90.6,0,0,,12147.775253495112,128.734970703125,68.36660009698274,0.008733723958333333,0.08504231770833333,0.1406841856060606,9,1,2.728955378814476,1.1786590585721861,0,-1.0468669964689252,3.6816939843992995,7.3310546875
videos__rec_20251130_124123__f006880.jpg,rec_20251130_124123.avi,76.6,0,0,,6857.346321248203,130.650634765625,56.241740637150905,0.0033235677083333333,0.013567708333333333,0.18966027462121213,9,1,2.64922909593065,1.0751652760783714,0,3.339437251733905,11.86055584922574,33.81673049926758
videos__rec_20251130_030636__f006900.jpg,rec_20251130_030636.avi,91.5,0,0,,12307.380640317748,130.66430338541667,65.61949503078684,0.007789713541666667,0.05455729166666667,0.14145359848484848,9,1,2.626457440386048,1.1945931385224233,0,-1.5340869075610113,2.992998689520512,8.812174797058105
videos__rec_20251130_124123__f006900.jpg,rec_20251130_124123.avi,75.2,0,0,,7534.988283061714,130.03970703125,56.54866053220965,0.003483072916666667,0.014479166666666666,0.19443951231060605,9,1,6.420536747910774,1.057323570238666,0,8.43915070283566,15.504690652916137,40.96256637573242
videos__rec_20251130_030636__f006920.jpg,rec_20251130_030636.avi,93.5,0,0,,12459.2966229165,130.70574869791668,65.53603174236143,0.007594401041666666,0.051005859375,0.142578125,9,1,0.2988229330186414,1.0985599108510642,0,1.6796584379613944,5.117600749547755,3.0703125
videos__rec_20251130_124123__f006920.jpg,rec_20251130_124123.avi,71.3,0,0,ambiguous_row,7082.862729602296,130.69591796875,56.307708721471,0.003919270833333334,0.012239583333333333,0.17853338068181818,9,1,9.663571027970818,1.0257383003373957,0,14.358679822455834,10.747428052296364,42.05078125
videos__rec_20251130_030636__f006940.jpg,rec_20251130_030636.avi,91.2,0,0,,12636.401783784824,130.39712565104168,65.67453118047037,0.00755859375,0.053125,0.14194187973484848,9,1,3.608097139721167,1.1387812906810455,0,-1.9310038170234085,2.973037956621525,2.0960285663604736
videos__rec_20251130_124123__f006940.jpg,rec_20251130_124123.avi,76.1,0,0,,6946.50368120507,130.76712239583333,56.48260782551987,0.0035677083333333333,0.015094401041666667,0.17875532670454544,9,1,3.311674157350012,1.0560689500446496,0,19.7582268460761,22.90597743235761,33.56119918823242
videos__rec_20251130_030636__f006960.jpg,rec_20251130_030636.avi,92.3,0,0,,12488.210949629678,130.344248046875,65.72912091593179,0.007805989583333333,0.052405598958333334,0.14322916666666666,9,1,1.8593883452840032,1.0575176713782106,0,-0.6639508416390911,3.2980780079377143,4.123697757720947
videos__rec_20251130_124123__f006960.jpg,rec_20251130_124123.avi,77.4,0,0,,7812.16492156744,130.669736328125,57.07273609354921,0.003369140625,0.020224609375,0.17995383522727273,9,1,5.188180900590794,1.1635216879614891,0,2.3982007735305797,6.774370781847239,41.3583984375
videos__rec_20251130_030636__f006980.jpg,rec_20251130_030636.avi,90.5,0,0,,11959.8805127928,130.49213216145833,65.57650710773855,0.00775390625,0.05182942708333333,0.14142400568181818,9,1,2.401003838393649,1.148754986789373,0,2.8522228553727498,2.932243868698734,2.7600910663604736
videos__rec_20251130_124123__f006980.jpg,rec_20251130_124123.avi,69.4,0,0,ambiguous_row,7197.510758246859,131.42869140625,56.60983757844016,0.003352864583333333,0.015263671875,0.18022017045454544,9,1,12.797324582985198,1.028626625840991,0,20.081260618648734,14.464006566683912,37.20442581176758
videos__rec_20251130_030636__f007000.jpg,rec_20251130_030636.avi,92.5,0,0,,12539.828303404482,130.467685546875,65.79665123582684,0.007718098958333333,0.05245442708333333,0.14176432291666666,9,1,1.6666304165100883,1.0930766342065592,0,1.408296833322387,2.8250358492199723,2.9554035663604736
videos__rec_20251130_124123__f007000.jpg,rec_20251130_124123.avi,74.1,0,0,,7109.701970552986,131.77948567708333,56.56381420891337,0.0033170572916666665,0.01365234375,0.18251361268939395,9,1,6.321252639809188,1.0714164298341498,0,7.299235500387925,12.573514498290999,37.373046875
videos__rec_20251130_030636__f007020.jpg,rec_20251130_030636.avi,92.4,0,1,,12679.612717280916,130.571416015625,65.88626359478793,0.00806640625,0.05270182291666667,0.14232658617424243,9,1,2.0192030845033173,1.127766898274972,0,2.6875398253411644,2.873874812247106,1.919921875
videos__rec_20251130_124123__f007020.jpg,rec_20251130_124123.avi,76.3,0,0,,7787.496228623455,132.41092122395833,56.83732338256769,0.00353515625,0.0155859375,0.19546046401515152,9,1,6.08620236776278,1.0659082012633787,0,18.850251322598353,15.1670436953162,37.8623046875
videos__rec_20251130_030636__f007040.jpg,rec_20251130_030636.avi,93.4,0,1,,12641.685888093907,130.61812825520835,65.88020519352018,0.007841796875,0.052750651041666666,0.14229699337121213,9,1,0.8415718461607753,1.1658192301139372,0,0.5002520233925979,2.459369818689794,1.8675130605697632
videos__rec_20251130_124123__f007040.jpg,rec_20251130_124123.avi,77.1,0,0,,7108.895183155271,132.8461328125,56.42452107723078,0.003483072916666667,0.015045572916666666,0.18937914299242425,9,1,2.128424922505303,1.0469037214700523,0,15.284499774753279,8.256964711610806,34.69140625
videos__rec_20251130_030636__f007060.jpg,rec_20251130_030636.avi,92.0,0,1,,12709.110129098854,130.81072265625,65.96894748410088,0.008011067708333333,0.0523828125,0.14069898200757575,9,1,2.4461762672164014,1.1629056613316577,0,0.45397480826090436,3.325614418404701,1.8616536855697632
videos__rec_20251130_124123__f007060.jpg,rec_20251130_124123.avi,75.9,0,0,,7188.325407767391,131.8630078125,56.674724787643626,0.0037141927083333332,0.015869140625,0.19016335227272727,9,1,6.02303586885057,1.4763606656355874,0,12.64134344194573,14.240218476736253,40.7763671875
videos__rec_20251130_030636__f007080.jpg,rec_20251130_030636.avi,91.8,0,0,,12269.044069686846,129.08671549479166,65.35516880206892,0.007347005208333333,0.05359375,0.14284446022727273,9,1,1.9975211853757173,1.1209863665364461,0,2.260904009873861,3.0238351499481375,2.4892578125
videos__rec_20251130_124123__f007080.jpg,rec_20251130_124123.avi,80.5,0,0,,7680.819485666867,131.85062825520833,56.4814850510913,0.0036588541666666666,0.015999348958333333,0.18162582859848486,9,1,2.990278091908806,1.7557578382831938,0,15.669374485157354,15.63123327343817,36.26692581176758
videos__rec_20251130_030636__f007100.jpg,rec_20251130_030636.avi,90.2,0,1,,12416.260253279275,128.92149088541666,65.46806872450756,0.007200520833333333,0.05576497395833333,0.14228219696969696,9,1,4.654776027586479,1.1229861746339571,0,-2.6895260476392475,3.1565259390476537,1.8053385019302368
videos__rec_20251130_124123__f007100.jpg,rec_20251130_124123.avi,77.2,0,0,,7055.513976030816,133.81868815104167,55.503962359474556,0.003961588541666667,0.013850911458333334,0.17646188446969696,9,1,2.4446530566919478,1.2443230240901972,0,-2.7787851017468723,-1.242757350745869,38.07942581176758
videos__rec_20251130_030636__f007120.jpg,rec_20251130_030636.avi,91.7,0,1,,12410.358584160267,128.76310546875,65.51459095786905,0.00705078125,0.05670247395833333,0.14194187973484848,9,1,2.532997949102537,1.1249826853375284,0,-0.556328305701379,3.177288096040805,1.8629556894302368
videos__rec_20251130_124123__f007120.jpg,rec_20251130_124123.avi,78.5,0,0,,7199.4460648994345,133.95911783854166,55.395909202604926,0.0037923177083333333,0.013805338541666667,0.16330788352272727,9,1,2.464773057249147,1.4998641575490383,0,6.539262395279499,2.8053290037453493,33.6142578125
videos__rec_20251130_030636__f007140.jpg,rec_20251130_030636.avi,91.7,0,0,,12330.219353170512,128.12667643229167,65.66890196663391,0.006930338541666667,0.06005533854166667,0.14137961647727273,9,1,2.455638058515717,1.1900675781425334,0,-0.13933407448165114,3.1608127114140667,2.6595051288604736
videos__rec_20251130_124123__f007140.jpg,rec_20251130_124123.avi,78.5,0,0,,7816.513877774039,133.72258463541667,55.30637272170505,0.00408203125,0.013326822916666667,0.16307114109848486,9,1,4.5405284740434695,1.4363687695130558,0,-7.8886124189319,-7.676037396430431,32.43522262573242
videos__rec_20251130_030636__f007160.jpg,rec_20251130_030636.avi,89.6,0,0,,11638.222208099362,124.57032552083334,66.61210257354917,0.00640625,0.06993815104166666,0.14586292613636365,9,1,3.0629716624289927,1.1817796081654222,0,1.3223190147415422,2.9684089887451393,8.359375
videos__rec_20251130_124123__f007160.jpg,rec_20251130_124123.avi,70.5,0,0,ambiguous_row,7141.824267497921,132.89674479166666,55.60504981496242,0.005205078125,0.012275390625,0.1513671875,9,1,10.786229100613014,1.0261498563011606,0,2.215531975037355,-3.6074192443673603,38.65266799926758
videos__rec_20251130_030636__f007180.jpg,rec_20251130_030636.avi,89.1,0,0,,11483.71198905426,120.132021484375,68.88587417477154,0.00669921875,0.10224609375,0.14885179924242425,9,1,3.029332495260803,1.164007495932852,0,-2.3801357219573234,3.5152531594255616,10.203776359558105
videos__rec_20251130_124123__f007180.jpg,rec_20251130_124123.avi,75.0,0,0,ambiguous_row,7287.675620632552,132.71388346354166,56.24484075839259,0.006087239583333333,0.01298828125,0.14253373579545456,9,1,4.358341469027266,1.0203392599203471,0,5.370661497313798,1.7726926310657376,38.68131637573242
videos__rec_20251130_124123__f007200.jpg,rec_20251130_124123.avi,74.6,0,0,,7930.4567284171935,134.73063802083334,56.6102905504601,0.011337890625,0.012236328125,0.11915542140151515,9,1,4.530763093822202,1.128152428107632,0,14.340180516579665,2.86628772681091,41.50455856323242
videos__rec_20251130_124123__f007220.jpg,rec_20251130_124123.avi,65.2,0,0,,7353.998425769286,133.9370703125,56.76982552937504,0.01095703125,0.013541666666666667,0.09259588068181818,9,1,11.21506851393633,1.097655468613265,0,25.602023022593492,6.26865964687063,34.30598831176758
videos__rec_20251130_124123__f007240.jpg,rec_20251130_124123.avi,66.3,0,0,,7471.57763992496,133.750126953125,56.54882858762258,0.010904947916666666,0.013665364583333334,0.07742956912878787,9,1,7.971228493801846,1.0529288544304347,0,2.63054915937448,2.521760097455097,32.01594924926758
videos__rec_20251130_124123__f007260.jpg,rec_20251130_124123.avi,71.2,0,0,,8437.025934000641,133.89889973958333,56.50580578428285,0.011956380208333334,0.013121744791666667,0.06186375473484849,9,1,2.906621783024434,1.0433453815900897,0,0.4774345433697588,6.251971086993499,32.42805862426758
videos__rec_20251130_124123__f007280.jpg,rec_20251130_124123.avi,67.0,0,0,,7653.97924585978,133.944892578125,55.79562577613211,0.01171875,0.011412760416666667,0.0639944365530303,9,1,5.772672342190333,1.0816360340132947,0,5.961809944829175,17.697481506318944,36.18131637573242
videos__rec_20251130_124123__f007300.jpg,rec_20251130_124123.avi,71.8,0,0,,7902.658307256698,133.98787434895834,55.94718665639463,0.011712239583333334,0.012337239583333333,0.07080078125,9,1,1.128567809248409,1.0315371257429513,0,16.119113491667587,2.5735936951559957,25.92806053161621
videos__rec_20251130_124123__f007320.jpg,rec_20251130_124123.avi,71.4,0,0,,8261.695726121647,133.70764322916668,56.30675900413553,0.011373697916666667,0.0130078125,0.08243075284090909,9,1,4.856407840069551,1.053405663961079,0,-9.619408336645355,3.5129883896960123,36.30729293823242
videos__rec_20251130_124123__f007340.jpg,rec_20251130_124123.avi,71.1,0,0,ambiguous_row,7514.997879800151,134.13857747395832,56.533591243276206,0.011839192708333333,0.012275390625,0.08570075757575757,9,1,2.606425732438879,1.0192535042973665,0,3.941001775799417,-0.0008622348646447618,35.19205856323242
videos__rec_20251130_124123__f007360.jpg,rec_20251130_124123.avi,70.3,0,0,,7637.226499708292,134.50488932291665,56.04485272046939,0.011432291666666667,0.012184244791666667,0.08256392045454546,9,1,3.903062527394127,1.0915905503921817,0,-10.010863244443897,0.27325462706510706,33.24869918823242
videos__rec_20251130_124123__f007380.jpg,rec_20251130_124123.avi,75.3,0,0,,8723.960823957656,134.17279296875,56.47599778829676,0.0112109375,0.01341796875,0.08089192708333333,9,1,2.548536103659103,1.3585979351587638,0,-11.501518129965799,2.139852759271914,29.34342384338379
videos__rec_20251130_124123__f007400.jpg,rec_20251130_124123.avi,68.4,0,0,ambiguous_row,8105.73273701032,132.75858072916665,55.423723314647376,0.007275390625,0.012825520833333333,0.05536813446969697,9,1,4.496676258751961,1.0177544099429539,0,-11.908315215736065,-1.1546103286998743,35.58073043823242
videos__rec_20251130_124123__f007420.jpg,rec_20251130_124123.avi,69.6,0,0,,8233.058834529453,132.16957356770834,55.008573118650574,0.006139322916666667,0.012991536458333333,0.04478870738636364,9,1,4.186958161487439,1.5294615702656973,0,-5.893864172226064,-1.4929501035454074,31.5986328125
videos__rec_20251130_124123__f007440.jpg,rec_20251130_124123.avi,69.3,0,0,ambiguous_row,9024.747154724027,131.639404296875,55.865279029800156,0.006341145833333333,0.014000651041666666,0.047407670454545456,9,1,5.943306398370851,1.0278950074595012,0,8.661990506473796,5.642459057834408,38.18522262573242
videos__rec_20251130_124123__f007460.jpg,rec_20251130_124123.avi,68.1,0,0,,8150.602268008919,131.627412109375,55.72536004218785,0.006119791666666667,0.012233072916666667,0.05308948863636364,9,1,4.982428624834142,1.0444563029369474,0,14.025076200183982,11.346144909158298,38.7958984375
videos__rec_20251130_124123__f007480.jpg,rec_20251130_124123.avi,64.9,0,0,,8214.914347379516,131.251923828125,55.955843837038415,0.006057942708333333,0.013108723958333334,0.060724431818181816,9,1,11.391367268871932,1.2205624268390796,0,4.325353612628077,76.42704063805368,36.30045700073242
videos__rec_20251130_124123__f007500.jpg,rec_20251130_124123.avi,67.1,0,0,ambiguous_row,8954.938909845469,130.87705403645833,56.77676181164342,0.0066927083333333335,0.015540364583333334,0.06714607007575757,9,1,11.424723794740999,1.0162179608379545,0,-0.8525819355585714,-3.9748316807071937,37.01334762573242
videos__rec_20251130_124123__f007520.jpg,rec_20251130_124123.avi,71.1,0,0,ambiguous_row,8635.294761910745,130.664130859375,56.972174607878394,0.00654296875,0.015631510416666668,0.07640861742424243,9,1,6.125242970661986,1.0228816091616555,0,-9.759991562363885,-6.631819590508137,33.5087890625
videos__rec_20251130_124123__f007540.jpg,rec_20251130_124123.avi,70.1,0,0,,7864.38077403894,130.32686197916667,56.66302718288025,0.0059635416666666665,0.014993489583333333,0.07828776041666667,9,1,4.7583424504747995,1.0343572137714987,0,6.443307290591061,-4.392152447465865,24.37630271911621
videos__rec_20251130_124123__f007560.jpg,rec_20251130_124123.avi,71.6,0,0,,8637.991688540047,130.97807291666666,56.683993606503975,0.006331380208333333,0.014583333333333334,0.09364642518939394,9,1,8.165562567268239,1.1066812061194682,0,-11.483585459908547,-5.931590239001068,38.39973831176758
videos__rec_20251130_124123__f007580.jpg,rec_20251130_124123.avi,73.7,0,0,,7395.210689113998,130.4482421875,55.61762998491811,0.004840494791666667,0.013883463541666667,0.1103811553030303,9,1,2.313637365991042,1.0420786266397717,0,-8.746310511643406,-13.883644546554006,39.58528518676758
videos__rec_20251130_124123__f007600.jpg,rec_20251130_124123.avi,71.5,0,0,,7590.776685708111,130.321708984375,55.05119967822376,0.004306640625,0.014886067708333334,0.11153527462121213,9,1,5.919874783008538,1.0385524359283806,0,14.018838112459092,15.082939834593336,35.33430862426758
videos__rec_20251130_124123__f007620.jpg,rec_20251130_124123.avi,78.4,0,0,,8735.878933422502,130.38013346354165,55.78099726117253,0.004612630208333334,0.017083333333333332,0.1314068418560606,9,1,4.05349265661971,1.0510889392665386,0,5.395201820695022,10.557958596890842,33.2744140625
videos__rec_20251130_124123__f007640.jpg,rec_20251130_124123.avi,75.5,0,0,,7123.791358876503,129.60326497395835,55.19571841308726,0.004013671875,0.016243489583333333,0.14555220170454544,9,1,3.3786257789713545,1.0367288527019884,0,-0.6053451206826619,1.4541510796568957,36.71126174926758
videos__rec_20251130_124123__f007660.jpg,rec_20251130_124123.avi,76.7,0,0,,7165.706325806416,129.29458658854168,56.12822912590028,0.004606119791666667,0.017340494791666668,0.16697739109848486,9,1,2.8079638942655833,1.0543119231875078,0,2.1748151947449914,-0.6754029156259556,40.21875
videos__rec_20251130_124123__f007680.jpg,rec_20251130_124123.avi,80.0,0,0,,8671.565867256631,129.5053515625,56.76534780078522,0.005091145833333333,0.018811848958333332,0.1704693418560606,9,1,4.609592705345449,1.1007995131117316,0,-3.0408888011050705,-0.9273989685485161,32.083984375
videos__rec_20251130_124123__f007700.jpg,rec_20251130_124123.avi,78.4,0,0,,7861.8862506334,130.50719401041667,55.649951511157056,0.004684244791666667,0.016393229166666665,0.16277521306818182,9,1,4.4850916334657995,1.3506548622117465,0,-3.4365325304131744,-2.873526876393555,35.55729293823242
videos__rec_20251130_124123__f007720.jpg,rec_20251130_124123.avi,76.7,0,0,,7890.395269904922,131.10473958333333,55.13777546769486,0.0042122395833333335,0.01630859375,0.14308120265151514,9,1,4.636177943856069,1.0935770822166726,0,-3.836997867991317,-1.0865458842907216,35.30533981323242
videos__rec_20251130_124123__f007740.jpg,rec_20251130_124123.avi,74.4,0,0,,9164.807096486822,130.47427734375,56.7054578300886,0.004895833333333334,0.019755859375,0.09989050662878787,9,1,8.039911965266015,1.2491075193021821,0,-3.8902565068073165,-1.0082399447379586,39.89973831176758
videos__rec_20251130_124123__f007760.jpg,rec_20251130_124123.avi,72.4,0,0,ambiguous_row,7905.69388671807,130.55356119791668,55.93340711004167,0.004560546875,0.017141927083333335,0.08775745738636363,9,1,2.8790478612491484,1.0105472519153749,0,2.9984336198266353,-1.7868667448992959,32.61686325073242
videos__rec_20251130_124123__f007780.jpg,rec_20251130_124123.avi,71.4,0,0,,7932.674139473969,130.548896484375,55.70225690434798,0.0044986979166666665,0.017431640625,0.09286221590909091,9,1,6.8610369222951135,1.4319760613008936,0,3.9264542972469596,-3.1316203687014266,35.47981643676758
videos__rec_20251130_124123__f007800.jpg,rec_20251130_124123.avi,79.2,0,0,ambiguous_row,9345.883317929067,130.905888671875,56.21881624473216,0.005149739583333333,0.018518880208333335,0.10909386837121213,9,1,2.481308444695401,1.02746940128879,0,6.275835897107608,-6.452201831662645,31.76399803161621
videos__rec_20251130_124123__f007820.jpg,rec_20251130_124123.avi,78.8,0,0,,7807.089038842771,130.859541015625,55.05303865268021,0.004417317708333333,0.015494791666666667,0.11977687026515152,9,1,3.5559902116754074,2.247206257146718,0,7.324922705958052,-3.942967768363807,34.01627731323242
videos__rec_20251130_124123__f007840.jpg,rec_20251130_124123.avi,75.1,0,0,,7607.125821714783,129.69115885416667,55.82043565234397,0.004580078125,0.017981770833333334,0.12943892045454544,9,1,3.9297112691115217,1.0625058265742173,0,5.306845706163234,0.45665554678631537,39.67122268676758
videos__rec_20251130_124123__f007860.jpg,rec_20251130_124123.avi,74.9,0,0,,8930.586940558367,130.86610026041666,55.605143640180955,0.005081380208333333,0.016188151041666668,0.15752249053030304,9,1,12.014492423055799,1.0673068564981547,0,17.657386232259903,0.3533259495103458,39.67838668823242
videos__rec_20251130_124123__f007880.jpg,rec_20251130_124123.avi,67.4,0,0,,7612.007713378389,131.08503580729166,55.18168321818108,0.004934895833333334,0.015107421875,0.1601266571969697,9,1,16.98418073792817,1.1059820549791548,0,18.09004818067028,0.826878717692452,41.34244918823242
videos__rec_20251130_124123__f007900.jpg,rec_20251130_124123.avi,76.5,0,0,,7505.7818980914635,131.564775390625,55.294360226869166,0.005498046875,0.013974609375,0.1625680634469697,9,1,5.352471968027089,1.3216875991961414,0,-4.3105623329228555,-9.9192488335526,40.8642578125
videos__rec_20251130_124123__f007920.jpg,rec_20251130_124123.avi,78.6,0,0,ambiguous_row,8246.20360749053,130.04033854166667,56.85763190984836,0.0062109375,0.01898763020833333,0.21658972537878787,9,1,4.387438854049719,1.0262624608727116,0,13.210738164594959,0.7953426156743326,44.53580856323242
videos__rec_20251130_124123__f007940.jpg,rec_20251130_124123.avi,74.8,0,0,,6752.282599910101,130.41417317708334,55.98354369818392,0.005699869791666667,0.017099609375,0.2132901278409091,9,1,5.105956454981936,1.1294684354009006,0,3.6740916624666387,-0.3744242171095813,36.375
videos__rec_20251130_124123__f007960.jpg,rec_20251130_124123.avi,77.5,0,0,,7061.031328039169,130.341982421875,56.31547599403371,0.00611328125,0.018688151041666667,0.20460464015151514,9,1,1.1985597458887014,1.0311565943701708,0,2.543243682384016,0.9457198215526753,33.52962112426758
videos__rec_20251130_124123__f007980.jpg,rec_20251130_124123.avi,79.7,0,0,,8797.811889215842,132.38741536458335,56.20438700822829,0.007252604166666667,0.018662109375,0.16585286458333334,9,1,5.145055864919755,1.070973263674267,0,-4.272474590460959,-2.9571192340308627,38.05143356323242
videos__rec_20251130_124123__f008000.jpg,rec_20251130_124123.avi,74.5,0,0,,7761.813275998263,133.20057942708334,54.825255864919114,0.006959635416666667,0.015374348958333334,0.13124408143939395,9,1,5.112447910074081,1.0654951211432102,0,-0.7842517783235895,-6.515490295118553,32.80338668823242
videos__rec_20251130_124123__f008020.jpg,rec_20251130_124123.avi,73.4,0,0,,8124.3568661040845,133.84234375,54.46763357028116,0.007200520833333333,0.014078776041666666,0.10737748579545454,9,1,5.05685705453061,1.1327149690100229,0,3.200547489720269,-9.359001041169073,32.7255859375
videos__rec_20251130_124123__f008040.jpg,rec_20251130_124123.avi,81.4,0,0,,9269.675178353613,134.28074869791666,54.50101473598404,0.0076302083333333335,0.013658854166666666,0.11739464962121213,9,1,1.3613847312474263,1.401393117601035,0,0.4432998071145218,-8.963824089392425,31.92740821838379
videos__rec_20251130_124123__f008060.jpg,rec_20251130_124123.avi,75.7,0,0,,7759.89667984988,133.71005533854168,53.97730725378336,0.007096354166666667,0.012473958333333333,0.13019353693181818,9,1,3.0416495154006498,1.0378332103441748,0,0.030002128975741105,0.7723910483729313,34.47591018676758
videos__rec_20251130_124123__f008080.jpg,rec_20251130_124123.avi,76.9,0,0,,7565.142763447912,132.94427083333332,54.44553889399846,0.006953125,0.01376953125,0.14963600852272727,9,1,3.6883829186147636,1.106429682270044,0,-3.282251376932506,-6.744128307397154,39.61198043823242
videos__rec_20251130_124123__f008100.jpg,rec_20251130_124123.avi,78.5,0,0,,8598.704181240337,133.53017903645832,55.18119874281917,0.008118489583333333,0.013782552083333333,0.18243963068181818,9,1,5.908007610969776,1.140004913690312,0,-6.087174595889896,-10.13364642629691,38.66373825073242
videos__rec_20251130_124123__f008120.jpg,rec_20251130_124123.avi,78.4,0,0,,7365.406964721298,132.43291341145834,55.65563825617435,0.007955729166666667,0.014723307291666666,0.1616802793560606,9,1,1.072852028174566,1.0815933374604865,0,2.1526490681292296,-1.6365871849118105,40.0751953125
videos__rec_20251130_124123__f008140.jpg,rec_20251130_124123.avi,78.4,0,0,,7562.117279586696,133.11130208333333,55.803033338833785,0.008548177083333334,0.015260416666666667,0.13655598958333334,9,1,1.1108990398396372,1.3009066848282818,0,1.9881725735275222,-3.50299578531688,33.810546875
videos__rec_20251130_124123__f008160.jpg,rec_20251130_124123.avi,77.9,0,0,,8991.206164145906,133.23271158854166,57.062762032794645,0.009684244791666666,0.018655598958333332,0.09345407196969698,9,1,0.7113644768499512,1.0461829922613377,0,2.4040158064837907,-3.2587567672137925,38.8193359375
videos__rec_20251130_124123__f008180.jpg,rec_20251130_124123.avi,72.6,0,0,,8463.29042586813,133.67796875,57.650311745137365,0.00998046875,0.019928385416666666,0.06642104640151515,9,1,2.2825205572844425,1.0591355790627077,0,-3.0997165859744853,-7.0168292409535304,38.53938674926758
videos__rec_20251130_124123__f008200.jpg,rec_20251130_124123.avi,67.8,0,0,,8122.03013944346,134.02743815104168,56.44542094781464,0.009192708333333334,0.017347005208333332,0.05721768465909091,9,1,6.237360409671339,1.1435611132494308,0,10.825961292065186,-1.3181586421768543,39.7314453125
videos__rec_20251130_124123__f008220.jpg,rec_20251130_124123.avi,69.4,0,0,,9250.873852947987,131.823310546875,56.47455630062781,0.007880859375,0.018701171875,0.062041311553030304,9,1,8.855860515019117,1.0435395350771113,0,8.49977271445499,-3.1185287337114076,33.56217575073242
videos__rec_20251130_124123__f008240.jpg,rec_20251130_124123.avi,72.9,0,0,,8618.98745859574,131.42226236979167,56.63101638463399,0.007639973958333333,0.019563802083333335,0.06122750946969697,9,1,1.5618604426267098,1.0428537121064503,0,5.07755965008512,6.835722133562143,36.37174606323242
videos__rec_20251130_124123__f008260.jpg,rec_20251130_124123.avi,70.1,0,0,ambiguous_row,7936.658991268151,130.08278971354167,56.43223072627503,0.006565755208333334,0.020201822916666667,0.06426077178030302,9,1,3.0436276128801865,1.024650203656575,0,1.3759392774822667,5.5666558067445315,37.9765625
videos__rec_20251130_124123__f008280.jpg,rec_20251130_124123.avi,74.7,0,0,ambiguous_row,9028.201891986588,129.679990234375,56.45513601224749,0.00615234375,0.021845703125,0.06538529829545454,9,1,1.2427161869360361,1.0139604871522532,0,2.23554662351341,2.095151587313051,38.74934768676758
videos__rec_20251130_124123__f008300.jpg,rec_20251130_124123.avi,71.1,0,0,,7476.438534368295,129.69701497395835,55.47364010318732,0.0052669270833333335,0.019664713541666667,0.07550603693181818,9,1,1.598994306315376,1.129321499564309,0,4.140994093831461,1.4175181064556241,33.01399612426758
videos__rec_20251130_124123__f008320.jpg,rec_20251130_124123.avi,69.2,0,0,,7676.54779497744,128.426953125,56.52587651896595,0.004977213541666667,0.022470703125,0.060709635416666664,9,1,3.0820805402742053,1.0830798038199665,0,-4.696193863096309,0.7445490993793058,39.55305862426758
videos__rec_20251130_124123__f008340.jpg,rec_20251130_124123.avi,52.9,0,0,extreme_heading,8765.541884395978,126.99130533854166,57.312598366888935,0.004928385416666667,0.024527994791666667,0.04435961174242424,9,1,27.34735038495853,1.1507096317692875,0,-43.989749620255985,9.131410214406817,37.21223831176758
videos__rec_20251130_124123__f008360.jpg,rec_20251130_124123.avi,62.7,0,0,,6411.2449779433255,122.00297200520833,56.14510277875513,0.0035872395833333333,0.02087890625,0.03224135890151515,9,1,5.383362728429233,1.0739776529917513,0,-10.15740209203523,-2.1159602165311675,39.36491012573242
videos__rec_20251130_030636__f008380.jpg,rec_20251130_030636.avi,84.4,0,0,,11546.90979946556,129.14645833333333,75.0825963710711,0.018893229166666668,0.06309244791666667,0.13945608428030304,9,1,8.074652328283491,1.2011226983318355,0,1.5470115888745588,3.171274010560108,40.94401168823242
videos__rec_20251130_124123__f008380.jpg,rec_20251130_124123.avi,64.9,0,0,,6974.262978369778,124.81472330729167,58.40595805411478,0.004860026041666667,0.019749348958333333,0.04946437026515151,9,1,5.195737624940875,1.0649978475184985,0,-2.556658050742413,15.219882786516461,35.9814453125
videos__rec_20251130_030636__f008400.jpg,rec_20251130_030636.avi,91.3,0,0,,12074.809452870677,131.02183919270834,71.36040661160514,0.01392578125,0.050032552083333334,0.13842033617424243,9,1,1.8284121451352462,1.3277951730127613,0,1.9181311592583723,2.8761532156956626,13.180989265441895
videos__rec_20251130_124123__f008400.jpg,rec_20251130_124123.avi,71.9,0,0,,9040.066139044824,128.950625,58.79672341640484,0.0059602864583333335,0.020589192708333332,0.04123757102272727,9,1,2.5742950721871694,1.0790733631513472,0,-5.677888510592069,-7.663359594435412,43.77864456176758
videos__rec_20251130_030636__f008420.jpg,rec_20251130_030636.avi,90.5,0,0,,11732.407034080494,129.91706380208333,66.229329788178,0.009176432291666667,0.054361979166666664,0.1431551846590909,9,1,1.8024317181834704,1.1772341347263144,0,-0.6243438223591116,2.839061636531426,28.587890625
videos__rec_20251130_124123__f008420.jpg,rec_20251130_124123.avi,71.2,0,0,,7458.050085705185,128.272392578125,55.03690521592693,0.004182942708333333,0.017630208333333335,0.06813742897727272,9,1,1.222631672278908,1.2977996936601368,0,-9.21697887268703,77.82472051480134,46.5625
videos__rec_20251130_030636__f008440.jpg,rec_20251130_030636.avi,90.9,0,0,,11913.881826221676,131.78928385416665,65.32041568664974,0.0071842447916666665,0.054905598958333336,0.13969282670454544,9,1,1.6524252194908513,1.1763079158430316,0,1.6681784614677928,2.413856805403416,21.7724609375
videos__rec_20251130_124123__f008440.jpg,rec_20251130_124123.avi,62.6,0,0,,7115.365202862538,127.066748046875,55.6025845616246,0.004313151041666667,0.020764973958333332,0.07763671875,9,1,12.230819589017301,1.1889787437107904,0,18.87211160659359,6.407244900627377,40.16373825073242
videos__rec_20251130_030636__f008460.jpg,rec_20251130_030636.avi,90.2,0,0,,12408.817639818817,134.60906575520832,68.09911701905999,0.008766276041666667,0.06747395833333333,0.13066702178030304,9,1,2.7374134959967478,1.1062588822725536,0,2.8211863164580433,1.4097503524726207,14.2529296875
videos__rec_20251130_124123__f008460.jpg,rec_20251130_124123.avi,74.8,0,0,,8253.84463373714,126.18930338541666,58.22568579109097,0.004684244791666667,0.026243489583333335,0.10518761837121213,9,1,4.101274290867309,1.0636985493254305,0,18.39770823743198,29.201616592629716,45.4423828125
videos__rec_20251130_030636__f008480.jpg,rec_20251130_030636.avi,90.0,0,0,,12043.227493717406,132.398369140625,68.67719565998969,0.008199869791666667,0.0866015625,0.13486919981060605,9,1,2.351871863103952,1.1950560429640031,0,3.014330870135198,1.2047647945366613,9.232096672058105
videos__rec_20251130_124123__f008480.jpg,rec_20251130_124123.avi,74.0,0,0,ambiguous_row,7013.316835996459,127.05500651041666,57.00715936683285,0.004453125,0.020602213541666668,0.11381392045454546,9,1,1.138833011762813,1.008645449737062,0,-0.06157300189681983,95.75262689590325,40.21061325073242
videos__rec_20251130_124123__f008500.jpg,rec_20251130_124123.avi,71.0,0,0,,6821.236807758545,125.68048502604167,57.47311676267255,0.004244791666666667,0.021858723958333333,0.11408025568181818,9,1,5.472326678453328,1.0604789769354788,0,-5.7237378588049745,94.9726394700883,26.818359375
videos__rec_20251130_124123__f008520.jpg,rec_20251130_124123.avi,67.5,0,0,,7840.595617795133,125.45034830729166,60.219621616863066,0.004899088541666667,0.027021484375,0.15625,9,1,17.988364999253577,1.0398254790997374,0,13.408419337340275,1.227115858211505,44.1064453125
videos__rec_20251130_030636__f008540.jpg,rec_20251130_030636.avi,72.8,0,0,,7682.568004878361,98.02146484375,80.91806624920348,0.010738932291666666,0.12794596354166668,0.12926136363636365,9,1,6.518914424183265,1.121827977372356,0,7.612509401109189,3.614386421033977,58.98698043823242
videos__rec_20251130_124123__f008540.jpg,rec_20251130_124123.avi,78.6,0,0,,7226.2380660475,127.819814453125,60.56695726603386,0.004482421875,0.024768880208333333,0.16407729640151514,9,1,1.2047707761184938,1.1145871902793254,0,5.764017471954099,1.2295035290518896,35.07551956176758
videos__rec_20251130_030636__f008560.jpg,rec_20251130_030636.avi,79.0,0,0,,8564.196902507148,98.94328776041667,81.38248925388915,0.014033203125,0.12237630208333333,0.12501479640151514,9,1,1.0359468801639196,1.1150279103337783,0,4.103889262413392,2.091657045389006,10.390299797058105
videos__rec_20251130_124123__f008560.jpg,rec_20251130_124123.avi,64.9,0,0,ambiguous_row,6751.721147596984,126.3394140625,60.17730545949204,0.00400390625,0.027789713541666667,0.1518850615530303,9,1,18.406551737629172,1.0263143058814213,0,17.25062289574766,7.173228224458583,40.43359375
videos__rec_20251130_030636__f008580.jpg,rec_20251130_030636.avi,77.1,0,0,,8378.597783140563,102.189326171875,83.45047003594668,0.018264973958333333,0.14439778645833334,0.12318004261363637,9,1,2.082411492945596,1.1245936367792901,0,3.879447909317784,2.178211030695678,9.5517578125
videos__rec_20251130_124123__f008580.jpg,rec_20251130_124123.avi,63.5,0,0,ambiguous_row,8150.730453155135,124.98890299479167,61.57500685061554,0.004326171875,0.03243489583333333,0.11841560132575757,9,1,20.28292365186371,1.0233796936909123,0,16.47135688042876,8.355985143959845,43.96809768676758
videos__rec_20251130_030636__f008600.jpg,rec_20251130_030636.avi,77.1,0,0,,7911.818677094767,104.92152994791667,83.29027476900745,0.01951171875,0.10989908854166666,0.12608013731060605,9,1,1.4617466027974046,1.2577207030023332,0,6.0719225917264374,2.4469513763845185,25.79068946838379
videos__rec_20251130_124123__f008600.jpg,rec_20251130_124123.avi,52.8,0,0,ambiguous_row,6987.98923809098,124.13541015625,61.25528243612274,0.003942057291666667,0.03236979166666667,0.09617660984848485,9,1,27.234633371809764,1.0173593845341524,0,20.97604980566977,10.15314301853639,36.078125
videos__rec_20251130_030636__f008620.jpg,rec_20251130_030636.avi,75.3,0,0,,7946.985378767637,103.99100911458333,83.76847299313435,0.019908854166666667,0.11529947916666666,0.11220111268939394,9,1,1.3181829454433682,1.079626256088783,0,4.5652749116546785,2.107880559062991,26.0830078125
videos__rec_20251130_124123__f008620.jpg,rec_20251130_124123.avi,65.4,0,0,ambiguous_row,6583.2421208887645,123.194560546875,61.51645349408949,0.003990885416666667,0.03288736979166667,0.08988813920454546,9,1,9.549595768840561,1.0182255857295204,0,1.125503577653582,17.139901712582173,35.44694137573242
videos__rec_20251130_030636__f008640.jpg,rec_20251130_030636.avi,75.9,0,0,ambiguous_row,8450.169534505116,104.54320638020833,84.17272761776798,0.021031901041666665,0.109501953125,0.11581143465909091,9,1,2.7853060585368894,1.0294390556843334,0,5.037667772765903,2.021510140274536,20.38411521911621
videos__rec_20251130_124123__f008640.jpg,rec_20251130_124123.avi,61.1,0,0,ambiguous_row,7885.7829162389025,122.57384440104167,62.0601283755005,0.004417317708333333,0.035670572916666664,0.10542436079545454,9,1,20.73576701430602,1.0232365958078407,0,6.156155980467881,51.593702380640195,33.00227737426758
videos__rec_20251130_030636__f008660.jpg,rec_20251130_030636.avi,74.1,0,0,,7955.406861082447,104.46034505208333,84.08406331479691,0.019837239583333333,0.108154296875,0.10719992897727272,9,1,2.418388237956492,1.0906999078478508,0,7.461081763347016,3.7034240747563985,18.61263084411621
videos__rec_20251130_124123__f008660.jpg,rec_20251130_124123.avi,66.4,0,0,ambiguous_row,6322.257929629421,122.65853190104167,61.213218902599806,0.00380859375,0.03326497395833333,0.12605054450757575,9,1,13.112568772429768,1.020620825390492,0,7.21801282774636,76.04052853500725,39.333984375
videos__rec_20251130_030636__f008680.jpg,rec_20251130_030636.avi,77.3,0,0,,9012.52662092014,104.499208984375,84.51147230522736,0.022210286458333332,0.11369140625,0.11268939393939394,9,1,2.725806808905702,1.073842091823666,0,3.4147907520896403,2.2630344187871287,18.8505859375
videos__rec_20251130_124123__f008680.jpg,rec_20251130_124123.avi,77.3,0,0,ambiguous_row,6142.138350293465,121.7246875,61.21803037824664,0.003987630208333333,0.035302734375,0.14715021306818182,9,1,1.3517053957041867,1.0203361270197282,0,-4.221194499881828,-0.6473309232638691,33.08463668823242
videos__rec_20251130_030636__f008700.jpg,rec_20251130_030636.avi,78.4,0,0,,9544.508639121488,104.68814453125,84.72307888897232,0.022825520833333335,0.10998697916666667,0.11147608901515152,9,1,3.2917546529519655,1.0856435349136344,0,4.480913641203786,2.7179273010985483,11.631510734558105
videos__rec_20251130_124123__f008700.jpg,rec_20251130_124123.avi,76.7,0,0,,7452.510881226592,123.84555989583333,62.91109288424135,0.0059602864583333335,0.034153645833333336,0.15215139678030304,9,1,4.214702054306997,1.050894568816379,0,15.195946412416609,0.36540814848365244,37.02116012573242
videos__rec_20251130_030636__f008720.jpg,rec_20251130_030636.avi,76.3,0,0,,8692.49821728448,104.75506184895833,84.52936832911905,0.022275390625,0.111552734375,0.11203835227272728,9,1,3.0060461117633963,1.1203636247244568,0,2.3458413727496574,2.1727510285594676,7.022786617279053
videos__rec_20251130_124123__f008720.jpg,rec_20251130_124123.avi,72.6,0,0,,6653.5039967545845,124.26016276041666,62.846716770469996,0.006708984375,0.03380859375,0.1469430634469697,9,1,7.963564283490882,1.126080101652277,0,14.205721501801065,2.0470344959078624,38.015625
videos__rec_20251130_030636__f008740.jpg,rec_20251130_030636.avi,74.4,0,0,,8136.592602454247,105.26726236979167,84.11928979269103,0.021666666666666667,0.09579752604166666,0.11140210700757576,9,1,3.5467838773254243,1.1525823103042254,0,4.4756816782113695,2.5234986425801686,7.7451171875
videos__rec_20251130_124123__f008740.jpg,rec_20251130_124123.avi,71.1,0,0,,6393.333182698185,124.65613606770833,62.38627948212741,0.007405598958333333,0.027132161458333335,0.11513080018939394,9,1,7.341453117177593,1.5041385778612775,0,15.999918702580821,3.5473589031473907,38.78743362426758
videos__rec_20251130_030636__f008760.jpg,rec_20251130_030636.avi,78.8,0,0,,9862.07293783735,105.45848958333333,84.47872194689704,0.023958333333333335,0.08611653645833334,0.11140210700757576,9,1,4.4545305459678275,1.177108528795424,0,5.153995743004074,3.1504393009442744,4.060221195220947
videos__rec_20251130_124123__f008760.jpg,rec_20251130_124123.avi,71.4,0,0,,7928.117090892273,125.88064127604167,61.64912894111432,0.007610677083333333,0.017591145833333332,0.08744673295454546,9,1,5.030149298596029,1.1042083644299518,0,18.750641241549836,2.577112515767599,41.7529296875
videos__rec_20251130_030636__f008780.jpg,rec_20251130_030636.avi,75.9,0,0,,8479.321800947304,105.36377604166667,84.08125947162817,0.022451171875,0.08530924479166667,0.10867956912878787,9,1,2.2730466964402467,1.0924964223517957,0,2.592715925973949,2.2267800581087727,11.570637702941895
videos__rec_20251130_124123__f008780.jpg,rec_20251130_124123.avi,69.0,0,0,,6416.868732003011,124.11974283854167,61.60757387202818,0.007063802083333333,0.020517578125,0.08821614583333333,9,1,4.654961892006099,1.0601042129044742,0,14.229446879535613,94.37744809073237,35.91438674926758
videos__rec_20251130_030636__f008800.jpg,rec_20251130_030636.avi,79.5,0,0,,9881.684463491436,104.79453776041667,84.07679296152529,0.023922526041666666,0.08535481770833334,0.10786576704545454,9,1,2.8705390758165095,1.1018437053208563,0,3.2280018137351756,2.0740931672784413,4.463541507720947
videos__rec_20251130_124123__f008800.jpg,rec_20251130_124123.avi,68.5,0,0,,6892.100869312277,124.62087239583333,62.755483652072925,0.0074609375,0.029059244791666668,0.10833925189393939,9,1,8.478033440953766,1.1813623084616116,0,22.28436174738908,6.265278130333236,40.26399612426758
videos__rec_20251130_030636__f008820.jpg,rec_20251130_030636.avi,79.0,0,0,,9675.935920613438,104.62504231770833,83.61181694849837,0.023603515625,0.07894205729166667,0.1094045928030303,9,1,3.1058754180529604,1.1156555426733141,0,3.0596963570861884,1.9287240367618708,3.1490886211395264
videos__rec_20251130_124123__f008820.jpg,rec_20251130_124123.avi,74.2,0,0,,7941.153422044871,127.39492838541666,63.25214589210241,0.008219401041666666,0.027652994791666666,0.12670158617424243,9,1,6.446337334690611,1.1134339410668965,0,19.0923504794357,3.1948125171915365,39.21614456176758
videos__rec_20251130_030636__f008840.jpg,rec_20251130_030636.avi,77.9,0,0,,9254.66869800134,103.45600260416667,83.22567437652323,0.022037760416666666,0.083759765625,0.10867956912878787,9,1,3.045513609011209,1.1503628971747255,0,3.6887468811453603,2.1805392298680815,4.025716304779053
videos__rec_20251130_124123__f008840.jpg,rec_20251130_124123.avi,75.4,0,0,,7192.331619188776,127.340966796875,63.10310404164206,0.007822265625,0.02916015625,0.12902462121212122,9,1,2.373418456284753,1.1225141308848028,0,2.89399589327988,-1.7661386822516612,46.56315231323242
videos__rec_20251130_030636__f008860.jpg,rec_20251130_030636.avi,77.6,0,0,,9445.682133547465,103.43686848958333,82.92679160388684,0.022099609375,0.0832421875,0.10700757575757576,9,1,3.855541204462668,1.1423822902184757,0,4.250253154490765,2.0883672347927096,3.3375651836395264
videos__rec_20251130_124123__f008860.jpg,rec_20251130_124123.avi,66.6,0,0,,7287.769956053628,133.31590169270834,62.59421628633712,0.01166015625,0.021282552083333333,0.10227272727272728,9,1,10.488327070466596,1.0684730242668785,0,9.893764558252997,-3.4664783718598007,51.72819137573242
videos__rec_20251130_030636__f008880.jpg,rec_20251130_030636.avi,77.4,0,0,,9114.991497171943,102.18625,82.44673820330665,0.019879557291666666,0.08457356770833334,0.10822088068181818,9,1,2.974097085425342,1.1019854895160737,0,3.8695111715744264,2.1941142052168416,4.78515625
videos__rec_20251130_124123__f008880.jpg,rec_20251130_124123.avi,70.0,0,0,,8149.587391026771,131.28500651041668,61.97640681547915,0.010794270833333333,0.018460286458333332,0.08941465435606061,9,1,7.500029615037818,1.044989379634953,0,-2.8945005760214726,-4.298578657080814,43.32096481323242
videos__rec_20251130_030636__f008900.jpg,rec_20251130_030636.avi,78.1,0,0,,9049.543943301042,101.46750325520833,81.97658181515617,0.019208984375,0.085751953125,0.10771780303030302,9,1,1.735362130223507,1.0831513346741282,0,3.963697715060885,2.3630556117278445,4.361653804779053
videos__rec_20251130_124123__f008900.jpg,rec_20251130_124123.avi,65.7,0,0,,6996.329899035127,126.89927408854167,61.30316119409928,0.009469401041666667,0.022571614583333333,0.10453657670454546,9,1,11.687782591073471,1.1970959125857648,0,7.189632680969317,-3.262203290053804,41.31901168823242
videos__rec_20251130_030636__f008920.jpg,rec_20251130_030636.avi,77.6,0,0,,9243.265159344894,102.53068033854167,82.01716956215729,0.020172526041666666,0.07344075520833333,0.10395951704545454,9,1,2.6490010334897534,1.081746782523953,0,3.3521103934223673,1.9558868867052226,2.9964191913604736
videos__rec_20251130_124123__f008920.jpg,rec_20251130_124123.avi,65.5,0,0,,6157.066604207186,122.239677734375,61.902288799527454,0.009814453125,0.028854166666666667,0.08719519412878787,9,1,11.002023646959742,1.5182024402118683,0,-2.4522279969435004,16.062508772631467,52.95280075073242
videos__rec_20251130_030636__f008940.jpg,rec_20251130_030636.avi,78.5,0,0,,9255.169915156894,101.666259765625,81.31670675694203,0.017444661458333333,0.08087565104166666,0.11106178977272728,9,1,2.3972691072700627,1.0405981678037703,0,3.2038781751069214,1.813688473949,3.6412761211395264
videos__rec_20251130_124123__f008940.jpg,rec_20251130_124123.avi,73.5,0,0,,7643.8509005258775,122.239404296875,61.40277693769854,0.01021484375,0.023427734375,0.10060073390151515,9,1,3.9450152802147613,1.3912549752902261,0,-7.524106740652182,85.20213796070865,42.99283981323242
videos__rec_20251130_030636__f008960.jpg,rec_20251130_030636.avi,77.6,0,0,,8509.274149474926,101.826103515625,80.48264866369757,0.015026041666666667,0.037470703125,0.11544152462121213,9,1,2.110076982663827,1.114089781746054,0,3.3476075810715327,2.3053373997334603,15.063151359558105
videos__rec_20251130_124123__f008960.jpg,rec_20251130_124123.avi,74.6,0,0,,7446.527257918295,123.43147135416666,61.74581836104128,0.012610677083333334,0.023424479166666668,0.09249230587121213,9,1,0.18361371134483306,1.3253669042488914,0,-4.651375211683531,86.68985882335161,42.568359375
videos__rec_20251130_124123__f008980.jpg,rec_20251130_124123.avi,66.1,0,0,,6628.323468578933,121.419189453125,60.76946516745764,0.009560546875,0.023287760416666668,0.10307173295454546,9,1,11.135251877229905,1.2495428489092235,0,0.11172368958167468,7.901136462640554,45.40755081176758
videos__rec_20251130_030636__f009000.jpg,rec_20251130_030636.avi,89.6,0,0,,12512.667089737784,130.20111002604168,76.62128525995655,0.01935546875,0.074560546875,0.12812204071969696,9,1,2.660995436855387,1.0831646597115447,0,5.320387440463109,2.9883510957997217,46.38737106323242
videos__rec_20251130_124123__f009000.jpg,rec_20251130_124123.avi,75.7,0,0,,7773.661632079398,119.70975260416667,60.053433032169046,0.007809244791666667,0.025517578125,0.12492601799242424,9,1,4.119383580854219,1.2070142601985914,0,-11.924146991986262,16.651760579292727,37.67122268676758
videos__rec_20251130_030636__f009020.jpg,rec_20251130_030636.avi,86.8,0,0,,12550.186988869465,127.47206380208333,74.79626177529482,0.01357421875,0.094443359375,0.12943892045454544,9,1,7.079367349300583,1.1585570095857565,0,4.150666973783988,4.146366843934217,8.892578125
videos__rec_20251130_124123__f009020.jpg,rec_20251130_124123.avi,62.7,0,0,,7202.063996492343,122.4180859375,59.53987412145633,0.007701822916666667,0.021087239583333334,0.14420572916666666,9,1,21.533432486432787,1.1427668507632067,0,-10.034202051295125,7.9646394538544385,39.5
videos__rec_20251130_030636__f009040.jpg,rec_20251130_030636.avi,90.2,0,0,,12331.176844029704,124.24137044270833,73.77123801773129,0.010589192708333334,0.10145833333333333,0.13356711647727273,9,1,2.44909508042349,1.10965208641111,0,3.719446090550851,2.5939394134187665,4.5400390625
videos__rec_20251130_124123__f009040.jpg,rec_20251130_124123.avi,65.4,0,0,ambiguous_row,7202.4787272274325,123.782626953125,58.14348466943968,0.006682942708333334,0.014879557291666666,0.1517962831439394,9,1,18.239604756010863,1.0106453419356851,0,-10.574263471343505,6.415230878205821,45.56705856323242
videos__rec_20251130_030636__f009060.jpg,rec_20251130_030636.avi,90.7,0,0,,12440.77770099216,124.95291341145834,73.42447730040409,0.010494791666666666,0.09914388020833333,0.13411458333333334,9,1,2.0289600701179324,1.0475606611084298,0,0.5047563544709686,2.4455135881985868,3.2408854961395264
videos__rec_20251130_124123__f009060.jpg,rec_20251130_124123.avi,73.1,0,0,,8635.933734795086,127.41759114583333,59.479654361802616,0.008583984375,0.0162109375,0.08359966856060606,9,1,4.794968892536929,1.0709660287962257,0,5.341922744132266,4.753199985284997,44.29264450073242
videos__rec_20251130_030636__f009080.jpg,rec_20251130_030636.avi,88.8,0,0,,11970.367563736963,125.50368815104167,72.04258551039477,0.008883463541666666,0.0958984375,0.13510594223484848,9,1,3.0455663016477956,1.0640972385491252,0,1.0628455135572705,2.3734496479929845,6.9189453125
videos__rec_20251130_124123__f009080.jpg,rec_20251130_124123.avi,67.2,0,0,,7594.815127561091,128.22693359375,60.54349610333764,0.009856770833333334,0.019778645833333334,0.053755326704545456,9,1,5.389688557175418,1.2675947333057487,0,21.164001524972313,36.01434186816269,50.31477737426758
videos__rec_20251130_030636__f009100.jpg,rec_20251130_030636.avi,87.7,0,0,,11703.851782055493,124.40152018229166,72.9772273512892,0.008707682291666666,0.09660481770833333,0.12489642518939394,9,1,2.0204647387230352,1.0484747764005309,0,3.9788868092866196,2.450869413598813,12.970051765441895
videos__rec_20251130_124123__f009100.jpg,rec_20251130_124123.avi,64.6,0,0,,7422.910349399558,129.49840494791667,62.00284648882039,0.014052734375,0.021253255208333332,0.058756510416666664,9,1,7.787588400312245,1.082214731666167,0,22.360758087960473,37.350017624171805,42.345703125
videos__rec_20251130_030636__f009120.jpg,rec_20251130_030636.avi,86.8,0,0,,12079.26622697829,125.8061328125,73.67439464244194,0.010374348958333333,0.096708984375,0.12420099431818182,9,1,4.550936758413343,1.0669642632543557,0,3.476526122490325,3.11514194995139,11.683918952941895
videos__rec_20251130_124123__f009120.jpg,rec_20251130_124123.avi,69.7,0,0,,8672.019095868418,129.34903971354166,61.51140570093006,0.01201171875,0.021064453125,0.06167140151515151,9,1,6.2013561130609105,1.0548540097498704,0,19.933384765180996,33.27424296291236,42.96907424926758
videos__rec_20251130_030636__f009140.jpg,rec_20251130_030636.avi,89.4,0,0,,12333.736848413082,123.56071614583334,74.46747051640827,0.0105078125,0.10492513020833333,0.12705669981060605,9,1,2.4743432283585207,1.0841671710463388,0,3.8919514463390237,2.5409988812631212,5.871419429779053
videos__rec_20251130_124123__f009140.jpg,rec_20251130_124123.avi,54.7,0,0,,6894.6886549732535,127.67840169270833,61.109306435209106,0.011263020833333333,0.021552734375,0.06782670454545454,9,1,20.755346716710847,1.070464700139127,0,-28.630873811324843,28.059918609091916,46.09309768676758
videos__rec_20251130_030636__f009160.jpg,rec_20251130_030636.avi,89.6,0,0,,12614.76126525878,125.0976171875,74.80962993693639,0.01126953125,0.103515625,0.1259173768939394,9,1,2.508762836965502,1.047626555549736,0,1.1747623699414236,1.6926870821888151,4.3388671875
videos__rec_20251130_124123__f009160.jpg,rec_20251130_124123.avi,70.6,0,0,,6449.957350298552,127.46521484375,62.972741919728556,0.015022786458333333,0.024703776041666667,0.07876124526515152,9,1,4.163734722727554,1.83316748371272,0,11.120724043712691,30.764707536382087,42.60579299926758
videos__rec_20251130_030636__f009180.jpg,rec_20251130_030636.avi,89.5,0,1,,12743.298751353357,125.17531901041667,74.86485170663924,0.01142578125,0.10398111979166667,0.12582859848484848,9,1,2.905761055828748,1.1164143421364512,0,4.079403167029511,2.532308760163673,1.9329427480697632
videos__rec_20251130_124123__f009180.jpg,rec_20251130_124123.avi,71.6,0,0,,7753.743167317443,126.52639322916667,62.513660278104055,0.013046875,0.024733072916666668,0.06606593276515152,9,1,3.360389916307213,1.676562578853862,0,3.128894250248907,28.281058352330778,38.798828125
videos__rec_20251130_030636__f009200.jpg,rec_20251130_030636.avi,89.2,0,1,,12758.805223872618,125.20225260416667,74.8670797329392,0.01111328125,0.10446614583333333,0.12625769412878787,9,1,3.198798030578473,1.0969641486255606,0,3.4562080466670104,2.7680134351792773,1.8333333730697632
videos__rec_20251130_124123__f009200.jpg,rec_20251130_124123.avi,70.1,0,0,extreme_heading,6450.385351021278,126.42305989583333,62.20484456206931,0.013046875,0.023131510416666667,0.06791548295454546,9,1,2.9109557317285635,1.6951598516437794,0,-48.33113718898562,26.47193971081954,21.10318946838379
videos__rec_20251130_030636__f009220.jpg,rec_20251130_030636.avi,90.0,0,1,,12682.43648096694,125.067431640625,74.75410715778912,0.011315104166666666,0.10358072916666666,0.12585819128787878,9,1,2.2176357705125724,1.1140286778073052,0,3.127249276257387,2.7810690735873145,1.8694661855697632
videos__rec_20251130_124123__f009220.jpg,rec_20251130_124123.avi,57.3,0,0,extreme_heading,6712.2994148742255,126.45762044270833,63.302099966929404,0.015983072916666667,0.025462239583333334,0.06368371212121213,9,1,16.410051535624916,1.0690112036037203,0,-51.47825418849319,24.55481963448129,42.0048828125
videos__rec_20251130_030636__f009240.jpg,rec_20251130_030636.avi,88.8,0,0,,12483.602299380831,124.97176432291667,74.60252542912197,0.010989583333333334,0.10443359375,0.12683475378787878,9,1,4.146384492803918,1.1610333039320007,0,3.65248081583273,3.388015822569272,2.9446613788604736
videos__rec_20251130_124123__f009240.jpg,rec_20251130_124123.avi,69.5,0,0,,7805.097143579599,125.88005859375,63.595382161665114,0.018541666666666668,0.022379557291666668,0.07198449337121213,9,1,4.075917033048995,1.051986334950861,0,8.847032623416403,37.67564737588797,43.34765625
videos__rec_20251130_030636__f009260.jpg,rec_20251130_030636.avi,84.0,0,0,,10317.095215300451,124.86651041666667,73.79442455833453,0.009254557291666667,0.10136393229166667,0.12926136363636365,9,1,2.1651304412149557,1.0914750859014377,0,2.624248533558,2.85844582165371,9.2529296875
videos__rec_20251130_124123__f009260.jpg,rec_20251130_124123.avi,68.9,0,0,,7373.58646933984,127.01150716145834,63.67240038950375,0.017731119791666666,0.024514973958333332,0.06917317708333333,9,1,4.1129538030190815,1.3545578281095212,0,10.367846938884242,16.600081268849785,44.38834762573242
videos__rec_20251130_030636__f009280.jpg,rec_20251130_030636.avi,90.0,0,0,,12280.577701727028,124.82916666666667,74.3625458030854,0.01076171875,0.10272135416666667,0.12954249526515152,9,1,1.6981844418222636,1.0627205256529266,0,5.3033181572724555,2.720468396986533,4.09765625
videos__rec_20251130_124123__f009280.jpg,rec_20251130_124123.avi,69.2,0,0,,7091.796177665033,127.005849609375,63.41559388007242,0.018069661458333334,0.024856770833333333,0.07605350378787878,9,1,2.8198111472204346,1.2045679240161387,0,11.32433182474385,27.98017420547538,38.91536331176758
videos__rec_20251130_030636__f009300.jpg,rec_20251130_030636.avi,90.9,0,0,,12590.802418258627,124.99671223958333,74.25834046431113,0.010787760416666667,0.10027669270833334,0.13020833333333334,9,1,2.0816681116032782,1.2268548512371766,0,2.886270910400512,2.4100266889773003,2.0465495586395264
videos__rec_20251130_124123__f009300.jpg,rec_20251130_124123.avi,70.5,0,0,,7929.715692774413,127.47974283854167,62.96714457061377,0.018707682291666666,0.020797526041666667,0.08984375,9,1,5.914797510767585,1.136305461818849,0,13.006003624211685,31.454222756226642,41.49153518676758
videos__rec_20251130_030636__f009320.jpg,rec_20251130_030636.avi,90.4,0,0,,12542.829950622388,124.68320963541667,74.35629624315833,0.010826822916666666,0.10171223958333334,0.1288174715909091,9,1,2.4722327983715218,1.204939344115449,0,2.7959372463693555,2.213368092669974,2.0895183086395264
videos__rec_20251130_124123__f009320.jpg,rec_20251130_124123.avi,67.5,0,0,,7018.1419017942635,128.86016927083332,62.85230179234765,0.017672526041666668,0.024013671875,0.08817175662878787,9,1,5.859598771411413,1.0521549051999122,0,15.002980927591695,28.0398100698935,45.84505081176758
videos__rec_20251130_030636__f009340.jpg,rec_20251130_030636.avi,86.8,0,1,,12358.91511833571,124.38722005208334,74.2823609996569,0.010592447916666666,0.103447265625,0.12866950757575757,9,1,6.617309061601361,1.1710795084733177,0,7.228077921899553,4.09201485654604,1.9915364980697632
videos__rec_20251130_124123__f009340.jpg,rec_20251130_124123.avi,70.9,0,0,,7117.617083555593,128.30339192708334,61.805902581902174,0.017210286458333335,0.023688151041666668,0.08738754734848485,9,1,2.014943128444145,1.147790370380016,0,10.615205360091222,29.679107732188616,35.58821487426758
videos__rec_20251130_030636__f009360.jpg,rec_20251130_030636.avi,89.1,0,0,,12304.220106620112,124.46896158854166,74.04983981211807,0.010286458333333333,0.10057291666666666,0.12858072916666666,9,1,2.8374327420996224,1.0543627805221574,0,2.475966038974346,2.192137783554795,2.4934895038604736
videos__rec_20251130_124123__f009360.jpg,rec_20251130_124123.avi,68.8,0,0,,8519.759594965575,128.256357421875,62.68308034446941,0.019654947916666665,0.020592447916666666,0.09777462121212122,9,1,11.838073224700395,1.2109641178062935,0,15.004174908117257,30.119680886963245,41.47623825073242
videos__rec_20251130_030636__f009380.jpg,rec_20251130_030636.avi,89.9,0,1,,12426.322202370156,124.44059244791667,74.0953713492157,0.0101953125,0.10139973958333333,0.1289358428030303,9,1,2.9477566959802743,1.1896622322929593,0,3.9413053065210364,2.70400971977665,1.908203125
videos__rec_20251130_124123__f009380.jpg,rec_20251130_124123.avi,70.2,0,0,,6458.86580940039,124.07027669270833,62.39225248306411,0.01806640625,0.024967447916666666,0.10759943181818182,9,1,5.101221783125595,1.1015195528057085,0,11.057387004425351,34.25229924168818,42.88997268676758
videos__rec_20251130_030636__f009400.jpg,rec_20251130_030636.avi,90.1,0,1,,12366.951832000688,123.98222005208333,74.07311801713023,0.01001953125,0.103876953125,0.13162878787878787,9,1,2.2070159982828272,1.0709505114953966,0,4.397712163774583,3.1639666098341657,1.9485677480697632
videos__rec_20251130_124123__f009400.jpg,rec_20251130_124123.avi,72.0,0,0,,5996.592327454365,120.59745768229166,60.89810607576187,0.019013671875,0.020068359375,0.12661280776515152,9,1,5.30792356211299,1.127721291327591,0,11.563049228372568,33.582932372144704,45.17219924926758
videos__rec_20251130_030636__f009420.jpg,rec_20251130_030636.avi,90.0,0,1,,12408.285365859943,124.1223046875,73.94449791588394,0.009899088541666667,0.100537109375,0.1299715909090909,9,1,2.4236345206312535,1.0876700508507975,0,2.73326287268169,2.261825947409495,1.9361978769302368
videos__rec_20251130_124123__f009420.jpg,rec_20251130_124123.avi,62.0,0,0,,7043.606397153684,124.173095703125,62.09034455925442,0.021458333333333333,0.022347005208333333,0.1358309659090909,9,1,19.641559444120617,1.1276186265275014,0,6.5425536935557975,72.81218916175817,37.38118362426758
videos__rec_20251130_030636__f009440.jpg,rec_20251130_030636.avi,90.3,0,0,,12366.72437734679,124.730166015625,73.74039895245855,0.009833984375,0.09706380208333333,0.12915778882575757,9,1,1.794432055509219,1.099877354581538,0,2.3758006916664174,2.885410870051981,2.2698566913604736
videos__rec_20251130_124123__f009440.jpg,rec_20251130_124123.avi,74.8,0,0,,6376.94579777017,124.8000390625,61.64919014741238,0.021966145833333332,0.012233072916666667,0.1537790009469697,9,1,4.9539852152832395,1.1995470989150667,0,2.029201826996017,28.431088400544624,39.095703125
videos__rec_20251130_030636__f009460.jpg,rec_20251130_030636.avi,90.6,0,1,,12479.625142482124,124.5998046875,73.90186958451628,0.010335286458333334,0.099287109375,0.1308297821969697,9,1,2.2200820994412425,1.132122831370784,0,2.897685885882804,2.2275690480833354,1.8248697519302368
videos__rec_20251130_124123__f009460.jpg,rec_20251130_124123.avi,76.0,0,0,,6644.7863102238025,124.97767252604167,62.27516648077197,0.019449869791666668,0.023860677083333334,0.16276041666666666,9,1,4.4229711314281985,1.447334404858957,0,22.902527603033732,34.81818617745097,37.9013671875
videos__rec_20251130_030636__f009480.jpg,rec_20251130_030636.avi,91.6,0,0,,12418.442315254626,124.38214518229167,73.97680016806977,0.010081380208333334,0.10099609375,0.1304302793560606,9,1,0.7164483439137257,1.1485645982494508,0,3.9074509391930747,3.218485254947989,2.1236979961395264
videos__rec_20251130_124123__f009480.jpg,rec_20251130_124123.avi,79.8,0,0,,7491.581679487851,127.0841015625,63.24046456120297,0.023349609375,0.0164453125,0.18690814393939395,9,1,1.1177739339811978,1.478456019298546,0,7.169090536122005,19.40542288956994,47.32161331176758
videos__rec_20251130_030636__f009500.jpg,rec_20251130_030636.avi,81.7,0,0,,9687.95129547115,124.23648763020833,73.45496087655891,0.00765625,0.10356119791666667,0.12420099431818182,9,1,2.2067220303244994,1.0789753985621489,0,3.6077060173159894,2.535484219430888,30.015625
videos__rec_20251130_124123__f009500.jpg,rec_20251130_124123.avi,73.8,0,0,,6875.071194444774,128.63993489583333,62.763548205380296,0.022776692708333334,0.013857421875,0.16771721117424243,9,1,6.746340074726504,1.3383708364835214,0,12.060126215744436,25.074462149410763,38.04166793823242
videos__rec_20251130_030636__f009520.jpg,rec_20251130_030636.avi,84.0,0,0,,10186.360497272395,123.432607421875,73.86318302915699,0.00849609375,0.10765625,0.12269176136363637,9,1,2.013383928688995,1.3664420491474965,0,7.703482201984798,3.521338530431635,22.78515625
videos__rec_20251130_124123__f009520.jpg,rec_20251130_124123.avi,75.1,0,0,,6708.188068794716,128.56136067708334,63.461167776810356,0.023583984375,0.014606119791666667,0.17348780776515152,9,1,4.05118523132785,1.11563454876685,0,9.842275296047228,19.13916732762095,39.57356643676758
videos__rec_20251130_030636__f009540.jpg,rec_20251130_030636.avi,88.0,0,0,,12171.18904851658,123.15590494791667,74.39879742462608,0.00958984375,0.10839192708333334,0.1235055634469697,9,1,3.442721223683634,1.1166205739449426,0,3.652218897490283,1.8676109517472026,3.2679035663604736
videos__rec_20251130_124123__f009540.jpg,rec_20251130_124123.avi,76.8,0,0,,7841.550951555369,130.05523763020832,64.02607927289799,0.026748046875,0.014267578125,0.1752633759469697,9,1,4.939199455241123,1.174062159435221,0,21.48339257356055,19.568043640171382,39.00423049926758
videos__rec_20251130_030636__f009560.jpg,rec_20251130_030636.avi,80.5,0,0,,9474.76700821956,123.33278645833333,73.28779902716458,0.007347005208333333,0.10415364583333334,0.12130089962121213,9,1,2.644465724691429,1.1076239896696765,0,6.8246565467073035,3.1387134028113906,15.809245109558105
videos__rec_20251130_124123__f009560.jpg,rec_20251130_124123.avi,74.1,0,0,,6652.5500512363005,127.70013346354166,64.07883058099625,0.02126953125,0.022154947916666667,0.16961115056818182,9,1,5.290205777926587,1.0743008842121475,0,17.916774404838428,9.482987842958046,42.06966018676758
videos__rec_20251130_030636__f009580.jpg,rec_20251130_030636.avi,86.7,0,0,,11344.80354806684,122.77953776041667,74.1860405767352,0.009186197916666666,0.11009114583333333,0.12226266571969698,9,1,2.3740991650166734,1.2629972132597742,0,7.7979936336230375,3.2135910239281174,6.013671875
videos__rec_20251130_124123__f009580.jpg,rec_20251130_124123.avi,74.0,0,0,,7387.6326790195035,128.383798828125,65.19710429724611,0.022428385416666665,0.026246744791666665,0.1898822206439394,9,1,6.647302529267904,1.0885817810346474,0,12.463202753669451,6.07660962862127,35.857421875
videos__rec_20251130_030636__f009600.jpg,rec_20251130_030636.avi,88.9,0,0,,12165.918564448455,122.79591471354166,73.99947432318226,0.009485677083333333,0.10272786458333333,0.12340198863636363,9,1,2.674070224208606,1.2128267163057067,0,3.491541968852747,1.8224126347069713,3.5152995586395264
videos__rec_20251130_124123__f009600.jpg,rec_20251130_124123.avi,79.4,0,0,,8372.72466037571,129.37505208333334,66.00314736614362,0.02482421875,0.027571614583333334,0.2119140625,9,1,2.9397789617418653,1.0552598371202162,0,17.126142773214042,4.177466129103706,37.79264450073242
videos__rec_20251130_030636__f009620.jpg,rec_20251130_030636.avi,81.4,0,0,,9460.194243920898,123.05759440104167,72.23367084031699,0.006826171875,0.09638997395833333,0.12460049715909091,9,1,2.2432367167278358,1.1696522008474137,0,7.370349103578769,3.976300527331063,28.5849609375
videos__rec_20251130_124123__f009620.jpg,rec_20251130_124123.avi,76.1,0,0,ambiguous_row,7260.01335273535,128.2378125,65.32319729905367,0.020602213541666668,0.030611979166666668,0.21909031723484848,9,1,3.1315738775520003,1.0191603292480758,0,10.062469580892326,5.162472238730977,29.24576759338379
videos__rec_20251130_030636__f009640.jpg,rec_20251130_030636.avi,76.1,0,0,,9474.742207814523,123.1044140625,72.0805009863495,0.006949869791666666,0.096474609375,0.12489642518939394,9,1,10.231216486634594,1.346492390898975,0,4.181001002200453,3.97177748724161,9.944010734558105
videos__rec_20251130_124123__f009640.jpg,rec_20251130_124123.avi,76.7,0,0,,7181.978915828069,129.89498046875,64.84736947377966,0.021005859375,0.028642578125,0.21420750473484848,9,1,2.3648100403272565,1.0862670354692785,0,7.909342531457467,5.782599918952851,34.763671875
videos__rec_20251130_030636__f009660.jpg,rec_20251130_030636.avi,83.3,0,0,ambiguous_row,10153.159324203481,122.35295572916667,72.69150514985341,0.007102864583333333,0.09972981770833333,0.1245413115530303,9,1,1.7191823958295913,1.020261864585083,0,5.616795146389235,3.3737141768057555,28.15690040588379
videos__rec_20251130_124123__f009660.jpg,rec_20251130_124123.avi,81.9,0,0,,8544.427239712864,130.601025390625,64.92311465114614,0.022776692708333334,0.027125651041666667,0.21931226325757575,9,1,0.44595796177463853,1.0518624510260517,0,8.62546864114417,1.041581834058256,34.26692581176758
videos__rec_20251130_030636__f009680.jpg,rec_20251130_030636.avi,79.4,0,0,,9515.506767900933,122.98347330729166,72.13752980721019,0.007057291666666667,0.09437825520833333,0.12124171401515152,9,1,5.079001215881817,1.2632957812826282,0,5.763008737049475,4.352552970694852,17.31868553161621
videos__rec_20251130_124123__f009680.jpg,rec_20251130_124123.avi,74.2,0,0,,7976.450730834791,130.63178059895833,63.51230326815286,0.01869140625,0.025670572916666665,0.2119140625,9,1,8.69569916574926,1.0418924255529218,0,18.169773262795122,1.2821318084323963,39.40657424926758
videos__rec_20251130_030636__f009700.jpg,rec_20251130_030636.avi,80.3,0,0,,9973.769472109207,123.00065755208334,72.28250048158066,0.007565104166666667,0.09481770833333333,0.13452888257575757,9,1,6.565024855075194,1.0711040071125304,0,7.295735486702558,4.129606284701559,32.69173049926758
videos__rec_20251130_124123__f009700.jpg,rec_20251130_124123.avi,69.1,0,0,,7320.343015100258,130.29179361979166,63.802407964609046,0.01921875,0.02666666666666667,0.20433830492424243,9,1,12.994317053861778,1.0721274479707998,0,5.603179617776017,3.549048305304705,29.2373046875
videos__rec_20251130_030636__f009720.jpg,rec_20251130_030636.avi,84.3,0,0,,10028.964949325176,121.61178385416666,72.70540280349091,0.00705078125,0.10100260416666666,0.13842033617424243,9,1,1.8445872879951821,1.0362068006546716,0,6.691722902068188,2.1428656138906987,29.69693946838379
videos__rec_20251130_124123__f009720.jpg,rec_20251130_124123.avi,79.0,0,0,ambiguous_row,8663.690329824989,130.54807942708334,65.47277513150618,0.021201171875,0.0321484375,0.1820993134469697,9,1,4.71751877540936,1.0121577636027552,0,12.966448739817157,1.2924692002740557,40.03841018676758
videos__rec_20251130_030636__f009740.jpg,rec_20251130_030636.avi,80.5,0,0,,9009.540648070773,120.84878255208334,72.49558695586313,0.006624348958333333,0.10907877604166667,0.18383049242424243,9,1,4.779832128970725,1.1408961720095583,0,1.0478745696705984,6.179662310507368,40.091796875
videos__rec_20251130_124123__f009740.jpg,rec_20251130_124123.avi,58.8,0,0,ambiguous_row,7517.113737823476,129.06088541666668,65.01383499596608,0.016233723958333335,0.03421875,0.1898822206439394,9,1,27.485999570343665,1.0199681335060873,0,14.643550987507783,79.98908538993436,38.18587112426758
videos__rec_20251130_030636__f009760.jpg,rec_20251130_030636.avi,74.5,0,0,,8953.979311141109,121.52098958333333,71.90044822718927,0.0064908854166666665,0.103232421875,0.20861446496212122,9,1,12.62515125035344,1.1306203637460668,0,-9.520768302848248,-4.901752917760209,41.5087890625
videos__rec_20251130_124123__f009760.jpg,rec_20251130_124123.avi,76.3,0,0,,7744.376208475707,130.07204427083335,65.15816033161254,0.018203125,0.03505859375,0.21988932291666666,9,1,4.925667187589852,1.045644482405432,0,9.907818422623219,2.3597723951721505,38.31673049926758
videos__rec_20251130_030636__f009780.jpg,rec_20251130_030636.avi,79.3,0,0,,9655.053805341551,121.029921875,71.69716625468702,0.006705729166666666,0.11021158854166667,0.20834812973484848,9,1,8.5609010671933,1.058156762875713,0,-12.782310269624215,-4.308650031100036,36.84212112426758
videos__rec_20251130_124123__f009780.jpg,rec_20251130_124123.avi,84.4,0,0,,9767.17190011084,132.87400390625,64.30045196093253,0.018072916666666668,0.027037760416666667,0.20200047348484848,9,1,2.479142417191042,1.1085019468969195,0,2.402662768853298,-2.2833749782848756,42.91796875
videos__rec_20251130_030636__f009800.jpg,rec_20251130_030636.avi,81.3,0,0,,10493.208294979084,120.861298828125,72.23987063783667,0.007301432291666667,0.11978841145833333,0.20741595643939395,9,1,9.100199621427407,1.065161748307661,0,-10.974902492521485,-3.8386955425507097,19.23567771911621
videos__rec_20251130_030636__f009820.jpg,rec_20251130_030636.avi,83.0,0,0,,10760.740992829633,120.55540364583334,72.36599804206068,0.007347005208333333,0.119326171875,0.20722360321969696,9,1,8.059275724519352,1.1186958684786026,0,-13.070788623539489,-4.718231198126155,26.73372459411621
videos__rec_20251130_030636__f009840.jpg,rec_20251130_030636.avi,82.7,0,0,,9562.870422527694,121.41718098958333,72.46909216622579,0.006800130208333333,0.11652994791666667,0.20379083806818182,9,1,4.471243952714531,1.24286891522198,0,5.30016733459284,4.5653881694913245,36.48014450073242
videos__rec_20251130_030636__f009860.jpg,rec_20251130_030636.avi,80.2,0,0,,8958.086773003472,119.718779296875,73.0846621751423,0.006559244791666667,0.12611653645833334,0.18087121212121213,9,1,4.7863380157336906,1.1205966489424894,0,2.745965973827793,6.295356841896194,40.4326171875
videos__rec_20251130_030636__f009880.jpg,rec_20251130_030636.avi,76.2,0,0,,8478.56242929076,114.87024088541666,72.94737074253784,0.005826822916666667,0.1128515625,0.13859789299242425,9,1,6.583115013326676,1.0498550827586735,0,7.8704318634343355,2.6126321875020153,40.15559768676758
videos__rec_20251130_030636__f009900.jpg,rec_20251130_030636.avi,78.0,0,0,,9981.558350791931,123.45781575520833,69.3627027702472,0.0066796875,0.10051432291666666,0.11985085227272728,9,1,7.610263070753319,1.0372604968429049,0,-2.3349373713523263,5.048638554404903,50.11165237426758
videos__rec_20251130_030636__f009920.jpg,rec_20251130_030636.avi,80.0,0,0,,9701.143291527545,132.05383463541668,62.74232656857952,0.005377604166666667,0.05861653645833333,0.11749822443181818,9,1,4.492439920518109,1.1657519068927287,0,3.9979375284720717,6.387542454357202,45.056640625
videos__rec_20251130_030636__f009940.jpg,rec_20251130_030636.avi,80.8,0,0,,9500.83440393812,129.56127278645835,59.20864388981257,0.004075520833333333,0.049059244791666665,0.11594460227272728,9,1,2.4165647395273595,1.1005586042630666,0,-0.935782683316458,5.497438956223295,35.16764450073242
videos__rec_20251130_030636__f009960.jpg,rec_20251130_030636.avi,82.4,0,0,,11706.156157258945,129.32746419270833,59.48468090731598,0.004733072916666667,0.04112955729166667,0.11877071496212122,9,1,9.27262876891848,1.1018309489523561,0,-4.120683179201188,4.262066727844882,10.2177734375
videos__rec_20251130_030636__f009980.jpg,rec_20251130_030636.avi,82.5,0,0,,11874.105771075949,129.77127278645833,58.742677111281935,0.004365234375,0.037161458333333335,0.11863754734848485,9,1,9.611600410525568,1.0546614637150356,0,-4.532447326835638,4.078088822493164,4.34375
videos__rec_20251130_030636__f010000.jpg,rec_20251130_030636.avi,85.3,0,0,,11835.296610768635,129.14445638020834,58.59666482914372,0.0042122395833333335,0.036468098958333334,0.11822324810606061,9,1,5.9698245837794275,1.1127514945009762,0,-2.662738831546661,5.004567971008527,2.7591145038604736
videos__rec_20251130_030636__f010020.jpg,rec_20251130_030636.avi,75.7,0,0,,8718.5837258809,130.97456705729167,57.75503265105822,0.011751302083333333,0.023522135416666666,0.12437855113636363,9,1,7.345733933159636,1.198066671667653,0,-2.897977380418718,4.795093747018839,20.86556053161621
videos__rec_20251130_030636__f010080.jpg,rec_20251130_030636.avi,72.2,0,0,,7790.720863032869,131.6469921875,57.73586650703051,0.00830078125,0.01537109375,0.1304598721590909,9,1,9.788842546290198,1.270499260789031,0,1.0191568677070528,4.382365588897521,40.947265625
videos__rec_20251130_030636__f010100.jpg,rec_20251130_030636.avi,73.9,0,0,,7786.306669871426,129.47230794270834,56.32308910173929,0.004850260416666667,0.017164713541666668,0.13133285984848486,9,1,6.887687615086634,1.1508552518573076,0,10.079605469817395,5.345304318451198,11.381184577941895
videos__rec_20251130_030636__f010120.jpg,rec_20251130_030636.avi,74.5,0,0,,7825.392607421875,125.923779296875,51.36992099958275,0.0034700520833333332,0.0113671875,0.13297526041666666,9,1,6.762866111808535,1.4623493428114893,0,9.947520344626856,5.3303109933403015,18.60318946838379
videos__rec_20251130_030636__f010140.jpg,rec_20251130_030636.avi,74.5,0,0,,7924.887154052354,126.93070638020833,53.19643854662922,0.0054296875,0.011705729166666666,0.1294241240530303,9,1,6.456466354227302,1.3440044675360605,0,10.350175199301082,3.9230112789662286,16.80208396911621
videos__rec_20251130_030636__f010160.jpg,rec_20251130_030636.avi,70.7,0,0,,7321.103368670897,130.43604166666665,53.23224045307988,0.006546223958333333,0.008128255208333334,0.12977923768939395,9,1,9.657913958311383,1.4527766639127608,0,-3.297274100748964,4.038786092492899,25.20865821838379
videos__rec_20251130_030636__f010180.jpg,rec_20251130_030636.avi,74.6,0,0,,7145.781064333587,130.89931315104167,53.667195018398544,0.00625,0.008590494791666667,0.12915778882575757,9,1,3.3107759555036296,1.332978288220135,0,1.961620795448566,0.8945597236438729,38.43522262573242
videos__rec_20251130_030636__f010200.jpg,rec_20251130_030636.avi,77.4,0,0,,7970.405346869531,131.66131184895832,54.300862898855506,0.006829427083333333,0.008258463541666667,0.13750295928030304,9,1,3.881087207549342,1.2859281923653214,0,0.35713004935446924,-0.4370013037735987,35.4287109375
videos__rec_20251130_030636__f010220.jpg,rec_20251130_030636.avi,78.4,0,0,,7178.304827289327,132.39973307291666,53.616815298386086,0.006070963541666667,0.006354166666666667,0.1626272490530303,9,1,0.8797922297970899,1.2718843320911224,0,4.052749498242307,4.389834057256721,35.29426956176758
videos__rec_20251130_030636__f010240.jpg,rec_20251130_030636.avi,79.0,0,0,,7696.167965184487,130.708779296875,52.96868644054189,0.0057584635416666665,0.007646484375,0.17487866950757575,9,1,1.5917389478037194,1.1819370452048457,0,3.3450871049857316,1.2229076035856323,37.9091796875
videos__rec_20251130_030636__f010260.jpg,rec_20251130_030636.avi,83.1,0,0,,8850.497303084267,131.53098958333334,52.57315757797549,0.005393880208333333,0.008440755208333333,0.17613636363636365,9,1,0.6307202336408864,1.2023603620864072,0,2.8954990003964074,1.5959277062863109,8.710286140441895
videos__rec_20251130_030636__f010280.jpg,rec_20251130_030636.avi,81.0,0,0,,9081.912111784353,133.69752278645834,52.52980622504234,0.0057161458333333335,0.007864583333333333,0.17412405303030304,9,1,4.454247527523933,1.248217774655371,0,-6.003418032660273,-0.9604926244816171,6.775716304779053
videos__rec_20251130_030636__f010300.jpg,rec_20251130_030636.avi,84.4,0,0,,9278.362798411805,134.71909830729166,52.86857283233183,0.006142578125,0.008134765625,0.16965553977272727,9,1,0.7769842108295961,1.2338269852213546,0,2.724436696002084,0.9860743735566048,4.13671875
videos__rec_20251130_030636__f010320.jpg,rec_20251130_030636.avi,83.7,0,0,,9324.377550096257,135.60620442708333,53.34269175424519,0.006624348958333333,0.007418619791666667,0.17027698863636365,9,1,1.868465340295188,1.22810634932713,0,3.6640820604174884,1.0764279071791272,4.595703125
videos__rec_20251130_030636__f010340.jpg,rec_20251130_030636.avi,82.2,0,0,,8971.372979302203,133.78580403645833,53.18069398934317,0.005940755208333333,0.006998697916666667,0.169921875,9,1,2.8481750530662,1.2856846023170891,0,-3.0610108555848456,-0.3046023205129167,4.986653804779053
videos__rec_20251130_030636__f010360.jpg,rec_20251130_030636.avi,82.9,0,0,,8961.760210010742,134.901630859375,53.2935809406322,0.005836588541666667,0.006539713541666666,0.1679095643939394,9,1,1.8540218727965794,1.283603351329105,0,3.1634493117112634,0.8025253997813842,4.9873046875
videos__rec_20251130_030636__f010380.jpg,rec_20251130_030636.avi,81.5,0,0,,8846.242486171457,133.31351888020833,52.77961097021236,0.005670572916666667,0.006796875,0.16864938446969696,9,1,2.399711357512217,1.1243869042937071,0,-2.72320278802863,-0.8548950298716917,4.0224609375
videos__rec_20251130_030636__f010400.jpg,rec_20251130_030636.avi,76.4,0,0,ambiguous_row,7706.317276914426,133.98043619791667,53.29609539097883,0.010947265625,0.0060026041666666665,0.15410452178030304,9,1,4.080401709573721,1.024070165314929,0,4.497700462250376,0.7168733052283294,26.98274803161621
videos__rec_20251130_030636__f010420.jpg,rec_20251130_030636.avi,78.4,0,0,,7853.124350117141,129.30401041666667,52.36465465209548,0.002373046875,0.012861328125,0.16761363636363635,9,1,3.5270718928118185,1.2926247993217588,0,3.7018546116926445,-0.3577485233750899,39.93717575073242
videos__rec_20251130_030636__f010440.jpg,rec_20251130_030636.avi,75.6,0,0,,8401.100707116657,126.76603841145834,54.00341995459913,0.0024251302083333334,0.015524088541666667,0.13256096117424243,9,1,7.061054013210139,1.204217076225717,0,0.699442252001998,0.32794480885408817,36.35123825073242
videos__rec_20251130_030636__f010460.jpg,rec_20251130_030636.avi,77.5,0,0,,7320.167639172197,130.913310546875,55.47629750215935,0.002434895833333333,0.014339192708333334,0.12911339962121213,9,1,0.4394672804249353,1.2389002470448365,0,0.888828997011358,2.2973300716128264,41.99609375
videos__rec_20251130_030636__f010480.jpg,rec_20251130_030636.avi,77.4,0,0,,5171.990154291408,136.02121744791665,59.32587199174,0.02203125,0.007125651041666667,0.14925130208333334,9,1,1.368406107926262,1.1922993928214225,0,8.740706572015783,-3.550643088285384,54.58333206176758
videos__rec_20251130_030636__f010500.jpg,rec_20251130_030636.avi,74.4,0,0,,5771.419153798379,130.69411783854167,51.98039300608301,0.002698567708333333,0.008395182291666666,0.2055959990530303,9,1,4.510118935444439,1.05781708792146,0,1.2651292339037854,-6.001238294578126,52.1455078125
videos__rec_20251130_030636__f010520.jpg,rec_20251130_030636.avi,76.3,0,0,,5177.056135820167,130.374375,52.63941502270225,0.0057975260416666665,0.008372395833333334,0.24906782670454544,9,1,2.0198103530354956,1.0837717894987762,0,18.625280283214067,0.33459520986545144,44.6767578125
videos__rec_20251130_030636__f010540.jpg,rec_20251130_030636.avi,76.1,1,0,blurry,4720.6769233383075,132.54942708333334,50.533873859262464,0.005615234375,0.0072623697916666665,0.28052497632575757,9,1,1.614288198403699,1.0456756576351076,0,18.598536953856662,0.48542252623358095,41.935546875
videos__rec_20251130_030636__f010560.jpg,rec_20251130_030636.avi,73.8,0,0,,5091.711950114566,134.36595377604166,59.293285330260424,0.025602213541666665,0.017194010416666666,0.2917850378787879,9,1,5.2900656725816475,1.0434568750996323,0,23.802650477773813,3.8765247225818555,51.6650390625
videos__rec_20251130_030636__f010580.jpg,rec_20251130_030636.avi,74.6,0,0,,6856.133935949539,123.1633203125,57.56394117736691,0.007887369791666666,0.04171875,0.27827592329545453,9,1,5.007900011017796,1.0469979265093725,0,25.714594232968725,2.6030245241475924,46.68684768676758
videos__rec_20251130_030636__f010600.jpg,rec_20251130_030636.avi,76.4,0,0,ambiguous_row,8642.835263707384,122.99390299479167,55.431985045474754,0.0018326822916666667,0.04041015625,0.2821969696969697,9,1,8.526112960797263,1.0145819215597458,0,15.637935359102356,0.8735838844536303,31.15201759338379
videos__rec_20251130_030636__f010620.jpg,rec_20251130_030636.avi,80.3,0,0,,8669.649905215698,126.91166015625,56.504865509797824,0.0025944010416666667,0.03349609375,0.26902817234848486,9,1,4.151373471810928,1.0883563226933393,0,27.409646363479606,-1.1803137102252137,40.9111328125
videos__rec_20251130_030636__f010640.jpg,rec_20251130_030636.avi,77.3,0,0,ambiguous_row,7831.774166429141,126.06807291666667,56.540321401660044,0.0026302083333333334,0.03753255208333333,0.21592388731060605,9,1,4.533634669855132,1.0242453560291416,0,17.364889828025238,-3.924353738111304,45.43619918823242
videos__rec_20251130_030636__f010660.jpg,rec_20251130_030636.avi,74.1,0,0,,7571.464251604875,124.38709309895833,57.03752681851979,0.002431640625,0.04209635416666667,0.13463245738636365,9,1,5.879116783930357,1.0341782527924777,0,22.868984484841462,-9.103056410982546,44.6728515625
videos__rec_20251130_030636__f010680.jpg,rec_20251130_030636.avi,78.8,0,0,ambiguous_row,9261.617798394094,124.30615234375,58.04964852537438,0.0032845052083333333,0.04341796875,0.12821081912878787,9,1,5.5304712955929745,1.0234881428069034,0,23.511804802920633,-7.927907997965473,17.9931640625
videos__rec_20251130_124123__f010680.jpg,rec_20251130_124123.avi,61.9,0,0,,8845.362174517302,117.44924479166667,67.36921624604776,0.010384114583333333,0.07165364583333333,0.05230527935606061,9,1,16.992337782896698,1.3417332266056812,0,24.078106672661324,15.00587554614695,70.77603912353516
videos__rec_20251130_030636__f010700.jpg,rec_20251130_030636.avi,66.3,0,0,ambiguous_row,7625.101358516173,123.488125,57.442582254976934,0.0025911458333333333,0.04470052083333333,0.10037878787878787,9,1,11.90438882711993,1.014055948842754,0,17.69889423348301,-14.158327311536018,35.76985549926758
videos__rec_20251130_124123__f010700.jpg,rec_20251130_124123.avi,81.0,0,0,,11108.842101014361,124.94197591145833,66.66054102848518,0.008880208333333334,0.06725260416666666,0.06788589015151515,9,1,3.475800062542021,1.529026213560566,0,24.39761850871359,21.236051173398103,55.24576950073242
videos__rec_20251130_030636__f010720.jpg,rec_20251130_030636.avi,61.1,0,0,ambiguous_row,7781.016003595946,125.30197916666667,58.35087814641609,0.003128255208333333,0.0406640625,0.07124467329545454,9,1,15.731199709071802,1.0127614085181986,0,-4.266796237658756,-31.835675107049788,38.13151168823242
videos__rec_20251130_124123__f010720.jpg,rec_20251130_124123.avi,86.2,0,0,,12950.274202382363,126.2197265625,66.83519956749822,0.009918619791666666,0.06707682291666667,0.06961706912878787,9,1,1.3003860057797283,1.3469352455370716,0,23.065423154882588,18.43778361365171,38.57194137573242
videos__rec_20251130_030636__f010740.jpg,rec_20251130_030636.avi,71.1,0,0,,8800.445042503821,126.25054036458333,59.143414451782355,0.003899739583333333,0.039254557291666665,0.07423354640151515,9,1,6.865601158564857,1.0318956401649846,0,23.54414582147322,-21.17981653748843,13.713215827941895
videos__rec_20251130_124123__f010740.jpg,rec_20251130_124123.avi,86.3,0,0,,14506.381334014848,126.22348958333333,67.56921856287674,0.010784505208333333,0.071962890625,0.0688772490530303,9,1,0.6494618811931332,1.2849861708376946,0,22.71512018684237,18.320061153618994,6.842447757720947
videos__rec_20251130_030636__f010760.jpg,rec_20251130_030636.avi,63.6,0,0,,7988.617882044432,126.07498372395834,58.75616478487682,0.0034147135416666666,0.04065755208333333,0.0927734375,9,1,16.477029003594055,1.118041912365745,0,-2.2809042594122837,-27.728515048326173,41.7197265625
videos__rec_20251130_124123__f010760.jpg,rec_20251130_124123.avi,85.7,0,0,,14562.361714489363,125.96353841145833,67.92492443871899,0.010491536458333334,0.0777734375,0.07137784090909091,9,1,1.5456068094929378,1.253129358181529,0,22.752667515469273,18.6930752750545,4.087890625
videos__rec_20251130_030636__f010780.jpg,rec_20251130_030636.avi,70.0,0,0,ambiguous_row,8251.924605638122,126.89416015625,58.53058597470264,0.0035611979166666665,0.038590494791666666,0.10665246212121213,9,1,10.42478867140781,1.0077547261308977,0,15.957332675347537,-20.930697351013805,35.509765625
videos__rec_20251130_124123__f010780.jpg,rec_20251130_124123.avi,85.9,0,0,,14504.450157182813,124.21559895833333,68.59845367438137,0.011780598958333333,0.08017578125,0.07154060132575757,9,1,1.2488702750870289,1.2537953355857268,0,23.285878354450386,18.76893141580478,5.507161617279053
videos__rec_20251130_030636__f010800.jpg,rec_20251130_030636.avi,75.5,0,0,ambiguous_row,9761.004127618904,126.46628580729167,59.19309082463969,0.004033203125,0.039947916666666666,0.10384114583333333,9,1,8.549681472010832,1.0268873146022621,0,19.648316729674413,-19.52389432355842,15.6455078125
videos__rec_20251130_124123__f010800.jpg,rec_20251130_124123.avi,86.4,0,0,,14610.978971740551,126.52504557291667,67.53934788953975,0.012620442708333334,0.06290364583333333,0.0693063446969697,9,1,0.8030962353012683,1.3509341901686922,0,22.795056933054056,18.552030465337026,6.655599117279053
videos__rec_20251130_030636__f010820.jpg,rec_20251130_030636.avi,73.4,0,0,,8984.454217919243,126.64667643229167,58.87348018945338,0.003958333333333334,0.03876953125,0.10375236742424243,9,1,8.543881410937786,1.0635756126601175,0,19.04776827921548,-19.935091610218052,8.353515625
videos__rec_20251130_124123__f010820.jpg,rec_20251130_124123.avi,84.6,0,0,,15271.01078590389,132.67082682291667,63.58063576261111,0.012132161458333334,0.035859375,0.07303503787878787,9,1,3.7121644910923237,1.2888343351588736,0,4.380363340760734,4.964203163950067,10.298828125
videos__rec_20251130_030636__f010840.jpg,rec_20251130_030636.avi,75.7,0,0,,9756.223819567098,126.58628580729167,59.0309043802224,0.004153645833333333,0.038251953125,0.10438861268939394,9,1,8.596437815632328,1.0556624510961694,0,18.803628156332888,-20.247567332408583,14.945963859558105
videos__rec_20251130_124123__f010840.jpg,rec_20251130_124123.avi,82.6,0,0,,15606.927894932047,135.17335611979166,61.449754757566815,0.011468098958333334,0.0208203125,0.07213245738636363,9,1,5.633448917431792,1.1063451201635475,0,2.458338278059658,6.1258238243150664,9.639973640441895
videos__rec_20251130_030636__f010860.jpg,rec_20251130_030636.avi,68.0,0,0,ambiguous_row,8631.65026152276,126.469560546875,58.29172898869767,0.0034147135416666666,0.037021484375,0.10613458806818182,9,1,14.59380539464371,1.022077207271064,0,16.196499507143287,-13.44759790775285,21.46842384338379
videos__rec_20251130_124123__f010860.jpg,rec_20251130_124123.avi,87.4,0,0,,15909.704829270164,133.972470703125,59.417508582253674,0.009544270833333333,0.01654296875,0.07512133049242424,9,1,1.4979534112495116,1.4913291979185395,0,21.77837717003626,18.051032379387095,7.951497554779053
videos__rec_20251130_030636__f010880.jpg,rec_20251130_030636.avi,76.3,0,0,ambiguous_row,9277.257460337278,126.84885091145833,58.55501015711557,0.003974609375,0.038128255208333336,0.11399147727272728,9,1,6.96855028173843,1.0214805885108742,0,22.745213099149588,-9.649837232359744,33.72493362426758
videos__rec_20251130_124123__f010880.jpg,rec_20251130_124123.avi,85.5,0,0,,15950.345038178499,134.19348958333333,59.36377659766426,0.009928385416666666,0.01609375,0.07475142045454546,9,1,2.484171154241835,1.164902398907916,0,22.757013003169966,13.551723290789077,2.0960285663604736
videos__rec_20251130_030636__f010900.jpg,rec_20251130_030636.avi,77.8,0,0,,9702.648560597694,127.07741861979167,58.80725041199229,0.004186197916666667,0.03958658854166667,0.11310369318181818,9,1,6.556345717863678,1.0419296984252568,0,22.658713096183885,-10.270353682814264,3.3128254413604736
videos__rec_20251130_124123__f010900.jpg,rec_20251130_124123.avi,86.2,0,0,,15968.181858158525,134.52076171875,59.36811620133137,0.009921875,0.015930989583333333,0.07458866003787878,9,1,1.4497227227760163,1.1178933104557642,0,22.287234488681747,18.293943504329686,2.2779948711395264
videos__rec_20251130_030636__f010920.jpg,rec_20251130_030636.avi,66.5,0,0,ambiguous_row,8725.620823941537,125.95074544270834,58.73984181154966,0.0034700520833333332,0.04097005208333333,0.07383404356060606,9,1,12.543742697329094,1.0092687314956919,0,3.71344457717101,-29.350459159471974,39.65983200073242
videos__rec_20251130_124123__f010920.jpg,rec_20251130_124123.avi,86.3,0,0,,16025.53459767236,135.532802734375,58.28797088836341,0.009869791666666667,0.010791015625,0.07606830018939394,9,1,1.4692596622677456,1.1237999301511163,0,23.063637041349665,18.480480169117488,4.1162109375
videos__rec_20251130_030636__f010940.jpg,rec_20251130_030636.avi,64.5,0,0,,7754.486076844268,125.09130533854167,59.29868291536172,0.003525390625,0.046468098958333336,0.06094637784090909,9,1,9.842640013645791,1.0805737387881282,0,0.049771532654810526,-45.61195719179355,38.89323043823242
videos__rec_20251130_124123__f010940.jpg,rec_20251130_124123.avi,86.2,0,0,,16143.959606830344,135.57720052083334,58.22595274129627,0.00994140625,0.01046875,0.07390802556818182,9,1,1.3203851971887843,1.099540581719727,0,23.25448104013621,18.471522176421278,2.513671875
videos__rec_20251130_030636__f010960.jpg,rec_20251130_030636.avi,68.6,0,0,ambiguous_row,7484.038901363752,122.148974609375,61.6207658698224,0.003352864583333333,0.08226888020833334,0.05038174715909091,9,1,1.3447216267698536,1.0266265422432346,0,4.810955191105272,-57.4469837826838,40.2626953125
videos__rec_20251130_124123__f010960.jpg,rec_20251130_124123.avi,86.2,0,0,,15881.594422979473,134.00394205729165,59.33250897973198,0.009661458333333333,0.014931640625,0.07455906723484848,9,1,1.4778776142833863,1.1460980883529595,0,22.163918720091797,17.971463475033342,4.107096195220947
videos__rec_20251130_030636__f010980.jpg,rec_20251130_030636.avi,69.5,0,0,,8503.59721614701,123.461044921875,61.940985906797245,0.004169921875,0.08029947916666667,0.046135179924242424,9,1,3.686469369297754,1.051831153590497,0,2.753524811427788,-43.80111023576342,41.82161331176758
videos__rec_20251130_124123__f010980.jpg,rec_20251130_124123.avi,86.1,0,0,,15980.304807992508,133.98557942708334,59.423210529212916,0.009736328125,0.01638671875,0.07481060606060606,9,1,1.3849277148557917,1.070365448657067,0,23.128842694264456,12.773386941992104,2.2438151836395264
videos__rec_20251130_030636__f011000.jpg,rec_20251130_030636.avi,48.9,0,0,,7708.309605602256,124.57056315104167,59.81617141952193,0.0031022135416666667,0.061565755208333336,0.043900923295454544,9,1,28.03898500730645,1.0659497790323484,0,26.923914871512835,-39.39882558592821,36.26985549926758
videos__rec_20251130_124123__f011000.jpg,rec_20251130_124123.avi,86.6,0,0,,15705.024423812014,133.976923828125,59.33437073208566,0.009453125,0.015849609375,0.0751953125,9,1,1.236550502995442,1.1907422404197963,0,22.41510908429301,18.235641225349877,2.0452473163604736
videos__rec_20251130_030636__f011020.jpg,rec_20251130_030636.avi,60.9,0,0,,9531.692294854058,134.901845703125,54.14759023117631,0.004059244791666666,0.024339192708333332,0.039225260416666664,9,1,17.765334865724412,1.043726671124482,0,15.15005128057648,-42.04577538464916,21.97818946838379
videos__rec_20251130_124123__f011020.jpg,rec_20251130_124123.avi,83.9,0,0,,12459.123507436074,134.93354166666666,57.45267218870906,0.007919921875,0.009326171875,0.06878847064393939,9,1,3.6580388235508963,1.1180964922385177,0,23.1986573171194,9.688343012539669,42.72786331176758
videos__rec_20251130_030636__f011040.jpg,rec_20251130_030636.avi,69.0,0,0,,8765.276166528058,136.11556966145832,53.95599111903817,0.0052734375,0.013382161458333333,0.04375295928030303,9,1,4.607897380406371,1.046793416890433,0,13.50110053824135,-38.21457194601864,32.79850387573242
videos__rec_20251130_124123__f011040.jpg,rec_20251130_124123.avi,87.0,0,0,,13859.38277438965,135.09421875,57.73692433288162,0.009202473958333334,0.00900390625,0.06893643465909091,9,1,0.05456998838974414,1.2170881937801714,0,1.889476674544896,-3.1028550231797603,41.33756637573242
videos__rec_20251130_030636__f011060.jpg,rec_20251130_030636.avi,65.8,0,0,,8112.4676841606015,137.06537760416666,51.27017587352521,0.004186197916666667,0.007353515625,0.04428562973484849,9,1,5.941150688744187,1.0907283500625133,0,8.050496217029988,-40.43047512469703,32.7431640625
videos__rec_20251130_124123__f011060.jpg,rec_20251130_124123.avi,68.6,0,0,,12795.897319386755,134.71024088541665,57.161538716216484,0.008209635416666666,0.008336588541666667,0.06457149621212122,9,1,23.49816547191176,1.1120481726866216,0,20.655266994037383,6.71540697850908,39.80696487426758
videos__rec_20251130_030636__f011080.jpg,rec_20251130_030636.avi,69.5,0,0,,8171.120611529499,136.361103515625,50.55437304079518,0.0037662760416666665,0.005240885416666666,0.057513612689393936,9,1,2.6761245343957114,1.0486057531070347,0,11.97489832370435,-37.741599867894074,36.50065231323242
videos__rec_20251130_124123__f011080.jpg,rec_20251130_124123.avi,79.5,0,0,,12594.093248560577,132.77949544270834,58.64259825599623,0.0081640625,0.016341145833333334,0.05365175189393939,9,1,8.242886018652598,1.2489180065197512,0,31.748350244511585,18.348135997164263,38.25911331176758
videos__rec_20251130_030636__f011100.jpg,rec_20251130_030636.avi,77.4,0,0,,9451.36781526858,137.46424479166666,51.46813193013302,0.00455078125,0.005911458333333334,0.10212476325757576,9,1,3.9800934021645844,1.2050567217842862,0,5.222561176313121,-27.41096840640573,42.36328125
videos__rec_20251130_124123__f011100.jpg,rec_20251130_124123.avi,83.1,0,0,,14866.25681248775,129.17404622395833,62.17156164238237,0.009580078125,0.03498372395833333,0.053873697916666664,9,1,2.4804209563614563,1.1016617394790724,0,19.95111178802147,17.355354709464912,39.34765625
videos__rec_20251130_030636__f011120.jpg,rec_20251130_030636.avi,73.3,0,0,,8143.348504117159,134.72201822916668,50.42507809487922,0.0032063802083333332,0.005335286458333333,0.08963660037878787,9,1,2.08471712750719,1.1031658263947584,0,-0.9589815887758758,-35.180107243773996,35.69661331176758
videos__rec_20251130_124123__f011120.jpg,rec_20251130_124123.avi,83.2,0,0,,15888.033526411851,129.86403645833335,62.05347872801872,0.010091145833333334,0.03333333333333333,0.05455433238636364,9,1,2.4104732871774104,1.0753419513993048,0,20.70351702994763,17.021948618961673,7.693033695220947
videos__rec_20251130_030636__f011140.jpg,rec_20251130_030636.avi,61.7,0,0,,10045.994628179666,134.76556640625,51.5631185114875,0.004202473958333334,0.007037760416666667,0.0854196259469697,9,1,25.29868840690034,1.250462174907594,0,23.52596556972973,-28.889486833481783,24.26953125
videos__rec_20251130_124123__f011140.jpg,rec_20251130_124123.avi,81.3,0,0,,15955.275296436303,129.68122395833333,62.63152761690334,0.010087890625,0.0380078125,0.05308948863636364,9,1,4.932158732347716,1.127128658631032,0,20.812856282182306,17.3482472024941,6.800455570220947
videos__rec_20251130_030636__f011160.jpg,rec_20251130_030636.avi,72.1,0,0,,10614.24452935739,134.61535807291668,51.82870675172862,0.0042122395833333335,0.007421875,0.08589311079545454,9,1,14.193172792801732,1.341447528557916,0,10.350709202596619,-38.630648636304414,4.8095703125
videos__rec_20251130_124123__f011160.jpg,rec_20251130_124123.avi,81.2,0,0,ambiguous_row,16069.27933746842,129.42919270833335,62.69333591250239,0.010458984375,0.0384375,0.05489464962121212,9,1,4.677794491740315,1.006402929109738,0,20.656386309408035,16.94286828187238,2.3209636211395264
videos__rec_20251130_124123__f011180.jpg,rec_20251130_124123.avi,82.8,0,0,,16033.621272814898,129.240966796875,62.909245029113265,0.010257161458333334,0.040927734375,0.052985913825757576,9,1,2.92563182206527,1.1471445920913486,0,19.98201675682442,17.06146099835566,3.1354167461395264
videos__rec_20251130_030636__f011200.jpg,rec_20251130_030636.avi,74.9,0,0,,7853.734393527463,116.04572591145833,56.560857212795405,0.001845703125,0.017555338541666667,0.0981741240530303,9,1,2.5348414768141083,1.3422823903933223,0,7.453376901778378,-37.66834335941841,27.19693946838379
videos__rec_20251130_124123__f011200.jpg,rec_20251130_124123.avi,80.8,0,0,ambiguous_row,16155.825737792928,131.553876953125,61.191508005289606,0.010550130208333333,0.022041015625,0.0556640625,9,1,5.465989946573927,1.0137523162803008,0,21.700116820403515,17.412523169885787,7.0546875
videos__rec_20251130_030636__f011220.jpg,rec_20251130_030636.avi,59.5,0,0,,9158.996332583958,129.56477213541666,56.59740794259463,0.0036653645833333334,0.0219140625,0.08864524147727272,9,1,26.31827496058682,1.2389761978543716,0,25.580035403353474,-32.92294563069429,34.76041793823242
videos__rec_20251130_124123__f011220.jpg,rec_20251130_124123.avi,82.3,0,0,,13800.931304763271,134.06438802083332,57.90543404278025,0.009075520833333333,0.010540364583333333,0.05704012784090909,9,1,4.656183564595381,1.187501685034609,0,19.423222668619736,15.291772966158454,38.13671875
videos__rec_20251130_030636__f011240.jpg,rec_20251130_030636.avi,73.0,0,0,,8084.508494858202,134.20447591145833,53.6395009666439,0.003948567708333333,0.013577473958333334,0.09366122159090909,9,1,3.98356949036463,1.2297021848256176,0,10.15541437300389,-34.36404190069343,30.95084571838379
videos__rec_20251130_124123__f011240.jpg,rec_20251130_124123.avi,83.4,0,0,,15895.737616927081,133.97111653645834,58.522713792832825,0.010826822916666666,0.0111328125,0.05560487689393939,9,1,2.717181721192617,1.1441001214600983,0,25.683611475768675,16.152169996730077,18.03678321838379
videos__rec_20251130_030636__f011260.jpg,rec_20251130_030636.avi,75.2,0,0,,8111.762076525786,136.68455403645834,51.5119204798887,0.004052734375,0.004635416666666667,0.11177201704545454,9,1,2.4174585386409717,1.085258391481845,0,-1.4240394239413288,-35.309029128752634,38.32975387573242
videos__rec_20251130_124123__f011260.jpg,rec_20251130_124123.avi,83.4,0,0,,16606.870713503507,134.09666666666666,58.814606967956,0.011181640625,0.011656901041666667,0.0546875,9,1,2.029810933221313,1.0302253607355207,0,23.75493726683853,15.554617123265135,2.2688801288604736
videos__rec_20251130_030636__f011280.jpg,rec_20251130_030636.avi,79.1,0,0,ambiguous_row,8485.214127752419,133.163828125,54.712210038277036,0.003909505208333333,0.012483723958333333,0.16663707386363635,9,1,4.281272329948308,1.0168014256436002,0,-4.396530796330797,-23.681367722577207,45.24088668823242
videos__rec_20251130_124123__f011280.jpg,rec_20251130_124123.avi,80.6,0,0,,14152.056751788843,134.47399088541667,57.71739537153314,0.00953125,0.009287109375,0.05850497159090909,9,1,7.147712323005749,1.2054443192831252,0,29.504322980134972,17.207369560806427,35.53125
videos__rec_20251130_030636__f011300.jpg,rec_20251130_030636.avi,73.0,0,0,ambiguous_row,7491.07091914443,134.6682421875,55.641876962500966,0.003841145833333333,0.010078125,0.2090435606060606,9,1,8.883423880710126,1.0132763151358346,0,11.191159746425226,-11.002299388280683,49.37727737426758
videos__rec_20251130_124123__f011300.jpg,rec_20251130_124123.avi,78.0,0,0,,15265.065389619785,134.64414713541666,58.270674221322665,0.010413411458333334,0.010406901041666666,0.06096117424242424,9,1,10.299475158937412,1.0685771564508462,0,-5.724206737253882,-6.673911399037458,26.97135353088379
videos__rec_20251130_030636__f011320.jpg,rec_20251130_030636.avi,74.2,0,0,,7390.461737882447,134.23332682291667,55.777401933096606,0.0036295572916666668,0.009720052083333333,0.20380563446969696,9,1,7.696695293044456,1.2117034464302805,0,14.620066882333033,-5.918096942485995,46.63834762573242
videos__rec_20251130_124123__f011320.jpg,rec_20251130_124123.avi,65.9,0,0,,12893.37693552229,134.77085611979166,57.14928074180918,0.008372395833333334,0.008033854166666667,0.06862571022727272,9,1,28.654107077428193,1.3387859279773204,0,17.58690071623181,4.515574220670722,34.98274612426758
videos__rec_20251130_030636__f011340.jpg,rec_20251130_030636.avi,78.2,0,0,,8160.142839126067,135.30657877604168,54.53706096976356,0.004124348958333334,0.010052083333333333,0.21013849431818182,9,1,5.141166267861081,1.2221873563122783,0,-4.581143212552228,-11.33398432628443,46.56575393676758
videos__rec_20251130_124123__f011340.jpg,rec_20251130_124123.avi,85.7,0,0,,13612.160655953885,135.07650716145832,57.67014277212578,0.008919270833333333,0.008717447916666666,0.07038648200757576,9,1,1.795786414486372,1.1632237254200226,0,20.851604303788616,12.354404594706843,41.44661331176758
videos__rec_20251130_030636__f011360.jpg,rec_20251130_030636.avi,72.8,0,0,,8705.31420414526,135.74766276041666,54.867941403758444,0.0044596354166666664,0.013831380208333334,0.20868844696969696,9,1,13.933425903777334,1.1089956593224717,0,-2.563072889972473,-9.930973225706623,36.1328125
videos__rec_20251130_124123__f011360.jpg,rec_20251130_124123.avi,85.3,0,0,,12780.538716418414,134.797109375,57.338351705291494,0.008561197916666667,0.008167317708333333,0.06707208806818182,9,1,3.4709112960135826,1.5580625984756806,0,27.519565099272842,10.48258700325988,39.2880859375
videos__rec_20251130_030636__f011380.jpg,rec_20251130_030636.avi,74.1,0,0,,7650.922163619952,135.99686197916665,53.40877849531067,0.003515625,0.0069791666666666665,0.20393880208333334,9,1,10.079858997648216,1.6116840007937099,0,-5.7282258298648,-18.47293667545779,29.48502540588379
videos__rec_20251130_124123__f011380.jpg,rec_20251130_124123.avi,78.8,0,0,,13358.273801762514,134.44544921875,57.75385206077684,0.0087109375,0.009319661458333333,0.06699810606060606,9,1,11.281539798809035,1.3209881467284579,0,23.867639827947283,8.198832523719215,30.32259178161621
videos__rec_20251130_030636__f011400.jpg,rec_20251130_030636.avi,84.3,0,0,,9258.92390541881,132.63825846354166,53.702068676822634,0.0040885416666666665,0.014365234375,0.20334694602272727,9,1,2.2825817071341135,1.492579951361751,0,7.6318497172324875,-13.481481930593961,34.65006637573242
videos__rec_20251130_124123__f011400.jpg,rec_20251130_124123.avi,84.0,0,0,,15664.125252172686,134.063193359375,59.5590069866847,0.010380859375,0.01556640625,0.06656901041666667,9,1,3.943957792017841,1.2657755075675998,0,26.517353641227913,8.772436409455793,6.742513179779053
videos__rec_20251130_030636__f011420.jpg,rec_20251130_030636.avi,78.4,0,0,,7921.261056793964,133.73690104166667,53.168173489102394,0.0036328125,0.013365885416666667,0.20734197443181818,9,1,2.827208716007476,1.0715889434261712,0,-0.9589516259262657,-10.106323477459362,29.259765625
videos__rec_20251130_124123__f011420.jpg,rec_20251130_124123.avi,86.7,0,1,,15881.28318975524,134.10295247395834,59.68437494333545,0.010286458333333333,0.015869140625,0.06895123106060606,9,1,1.0829283770405027,1.3708568963030032,0,21.126793475044916,9.09769212373659,1.9505208730697632
videos__rec_20251130_030636__f011440.jpg,rec_20251130_030636.avi,69.8,0,0,,7919.034072345723,133.884296875,53.41609712247126,0.0035123697916666667,0.017477213541666668,0.21201763731060605,9,1,14.376940786882415,1.0573018478210798,0,-2.6447466248646143,-19.11990750308048,30.2734375
videos__rec_20251130_124123__f011440.jpg,rec_20251130_124123.avi,76.7,0,1,,15897.406481601975,134.15235026041665,59.653625305210085,0.010263671875,0.015758463541666667,0.06742720170454546,9,1,12.772314915882589,1.048972778854335,0,17.739048263159273,7.849007255058779,1.9365234375
videos__rec_20251130_030636__f011460.jpg,rec_20251130_030636.avi,80.8,0,0,,8649.98812254629,134.18432942708333,53.14059165078654,0.0037890625,0.014752604166666667,0.23820726799242425,9,1,2.401550562704557,1.0353298989605573,0,-3.3321553162063338,-26.26754550424476,40.21907424926758
videos__rec_20251130_124123__f011460.jpg,rec_20251130_124123.avi,88.0,0,1,,15899.896032560178,134.26391927083333,59.64161457461057,0.010602213541666667,0.015537109375,0.0683297821969697,9,1,1.6817024230608695,1.91160279183228,0,22.696300546828688,9.065257703172751,1.9020181894302368
videos__rec_20251130_030636__f011480.jpg,rec_20251130_030636.avi,74.9,0,0,,8005.411894485091,135.4925390625,52.35235280361328,0.003935546875,0.010078125,0.24430338541666666,9,1,7.563992840945502,1.0498011076029925,0,-8.844179746714374,-11.888546121460415,38.85026168823242
videos__rec_20251130_124123__f011480.jpg,rec_20251130_124123.avi,86.7,0,1,,15834.698364454638,134.25916015625,59.591119316371255,0.010589192708333334,0.015478515625,0.06707208806818182,9,1,3.343873319215106,1.9357125838433265,0,25.48389970935895,8.532456130045567,1.9352213144302368
videos__rec_20251130_030636__f011500.jpg,rec_20251130_030636.avi,72.7,0,0,,7936.556888509105,136.34898763020834,51.36930385802323,0.004039713541666667,0.006240234375,0.22280421401515152,9,1,10.616619507446217,1.1805032740372479,0,-16.757070232312387,-8.34345748290751,40.23795700073242
videos__rec_20251130_124123__f011500.jpg,rec_20251130_124123.avi,78.0,0,0,,15937.356299413004,134.46498372395834,59.207806248293075,0.010445963541666667,0.0126953125,0.06902521306818182,9,1,11.896878643070409,1.1768521892425827,0,24.633076577246865,8.137069042247607,2.4456379413604736
videos__rec_20251130_030636__f011520.jpg,rec_20251130_030636.avi,73.5,0,0,,8699.473188089836,136.11622721354166,51.53805067779654,0.004186197916666667,0.0061328125,0.17125355113636365,9,1,12.07088582400121,1.0623146404676604,0,-1.58396023486868,-6.393086895757491,41.826171875
videos__rec_20251130_124123__f011520.jpg,rec_20251130_124123.avi,77.9,0,0,,15936.417971092127,134.44174479166668,59.23304273057706,0.010836588541666666,0.012272135416666666,0.06655421401515152,9,1,11.766074019116786,1.212122685330901,0,21.867970214279573,7.963291518282353,2.0192058086395264
videos__rec_20251130_030636__f011540.jpg,rec_20251130_030636.avi,67.4,0,0,,7859.244260677242,135.20443359375,52.13805358262727,0.004016927083333333,0.0066796875,0.12455610795454546,9,1,14.851651091723681,1.3233397412645038,0,-9.975852815510814,-4.444432879284186,40.90364456176758
videos__rec_20251130_124123__f011540.jpg,rec_20251130_124123.avi,85.3,0,0,,15919.493576812067,134.82949544270832,58.91815988524804,0.010520833333333333,0.011331380208333333,0.06856652462121213,9,1,1.8415223653347539,1.1446319734007118,0,19.964185015389045,8.862606719542292,2.8541667461395264
videos__rec_20251130_030636__f011560.jpg,rec_20251130_030636.avi,70.6,0,0,ambiguous_row,7787.292252188747,133.61606119791668,54.11726134156124,0.003981119791666667,0.014700520833333333,0.10881273674242424,9,1,7.156971427355529,1.0050099974161522,0,-7.992556680631178,-5.637607539313496,43.62825393676758
videos__rec_20251130_124123__f011560.jpg,rec_20251130_124123.avi,85.8,0,0,,16013.05022650651,134.3355859375,58.963495608471334,0.010432942708333334,0.011643880208333334,0.06750118371212122,9,1,3.574682486867573,1.696027000644126,0,26.330090601072673,8.925322007763405,2.4453125
videos__rec_20251130_030636__f011580.jpg,rec_20251130_030636.avi,70.9,0,0,,8473.238811327443,133.09967122395832,55.079234568220656,0.004143880208333333,0.016214192708333332,0.09651692708333333,9,1,9.001324909474533,1.2017398326313993,0,15.19253841458176,4.412565668041815,43.05045700073242
videos__rec_20251130_124123__f011580.jpg,rec_20251130_124123.avi,85.7,0,0,,16123.891391308425,134.46761067708334,59.01724979909202,0.010485026041666666,0.011627604166666666,0.06693892045454546,9,1,0.6193478522544638,1.0310787208028434,0,22.677817125197627,9.385788741352634,2.0234375
videos__rec_20251130_030636__f011600.jpg,rec_20251130_030636.avi,62.3,0,0,,7728.845158577433,131.96395833333332,55.32480686259718,0.0039029947916666666,0.015003255208333333,0.08283025568181818,9,1,15.414704899383992,1.1233401604732962,0,10.920932893090457,-26.708446413344834,43.39583206176758
videos__rec_20251130_124123__f011600.jpg,rec_20251130_124123.avi,79.2,0,0,,12378.23940424788,134.966142578125,57.29193903862211,0.008694661458333334,0.008131510416666666,0.06652462121212122,9,1,11.35020630454926,1.6036582654815446,0,25.396097407762586,10.162637426220051,25.052734375
videos__rec_20251130_030636__f011620.jpg,rec_20251130_030636.avi,68.5,0,0,ambiguous_row,7698.470439479574,130.91272135416668,55.9363656741642,0.004000651041666667,0.015397135416666667,0.07700047348484848,9,1,5.9760860984387705,1.0241651707291437,0,16.49098824793838,-41.955987213520395,39.27962112426758
videos__rec_20251130_124123__f011620.jpg,rec_20251130_124123.avi,87.2,0,0,,14920.57141217024,132.994267578125,58.33068426570157,0.009013671875,0.01140625,0.06875887784090909,9,1,0.4404674693560082,1.357854503427398,0,22.562231590198902,9.97873782217134,17.7041015625
videos__rec_20251130_030636__f011640.jpg,rec_20251130_030636.avi,73.0,0,0,,8250.408697888015,129.68779622395834,56.701503916389655,0.003938802083333333,0.01728515625,0.09203361742424243,9,1,4.580417610410677,1.077287795808279,0,-11.5456635464532,-13.510476909917912,38.4296875
videos__rec_20251130_124123__f011640.jpg,rec_20251130_124123.avi,86.3,0,0,,13323.28118090104,133.52568359375,57.468298647755304,0.008040364583333333,0.009365234375,0.06969105113636363,9,1,2.0632277947354396,1.4394648599942197,0,24.974969862297403,5.0558119548477976,34.86295700073242
videos__rec_20251130_030636__f011660.jpg,rec_20251130_030636.avi,76.2,0,0,,9037.206066983275,129.37932942708332,57.26321936005184,0.00435546875,0.019313151041666667,0.09289180871212122,9,1,3.385434502739116,1.0448609619119151,0,-7.672459715154606,-86.1345823400472,13.667643547058105
videos__rec_20251130_124123__f011660.jpg,rec_20251130_124123.avi,85.8,0,0,,12747.302945735677,133.460888671875,57.119040765407306,0.00794921875,0.008512369791666667,0.06824100378787878,9,1,3.158783727323055,1.5897807192788211,0,14.615351185218714,1.691346829489824,41.49153518676758
videos__rec_20251130_030636__f011680.jpg,rec_20251130_030636.avi,79.4,0,0,ambiguous_row,9689.798206583393,130.032109375,56.91413789811767,0.004567057291666667,0.021119791666666665,0.09303977272727272,9,1,1.5251605615824246,1.0247467576601446,0,-17.28145593815523,-86.17358245133016,8.42578125
videos__rec_20251130_124123__f011680.jpg,rec_20251130_124123.avi,76.3,0,0,extreme_heading,12743.850025857033,133.11257161458335,57.168174758651844,0.008056640625,0.009143880208333333,0.062455610795454544,9,1,13.131671285562561,1.1718614347872578,0,37.478769703013484,8.610679840550866,38.92219924926758
videos__rec_20251130_030636__f011700.jpg,rec_20251130_030636.avi,79.2,0,0,,9903.833899986734,129.96470703125,57.39585687065552,0.004612630208333334,0.030289713541666666,0.09247750946969698,9,1,2.728472172419032,1.0438641652997185,0,-2.0196276623799423,-81.04490226586503,9.9736328125
videos__rec_20251130_124123__f011700.jpg,rec_20251130_124123.avi,83.2,0,0,,13576.984883020517,132.26371419270833,57.52867787801378,0.008251953125,0.0101953125,0.05351858428030303,9,1,2.259114273941691,1.037339220000948,0,6.026395532697077,4.084859528713398,41.2705078125
videos__rec_20251130_030636__f011720.jpg,rec_20251130_030636.avi,79.1,0,0,,10015.04915642716,130.2080078125,57.197779139395834,0.004847005208333333,0.025673828125,0.09117542613636363,9,1,3.066045774575514,1.0544596639969848,0,-14.81866530469187,-86.20785024048993,4.042643070220947
videos__rec_20251130_124123__f011720.jpg,rec_20251130_124123.avi,80.2,0,0,,12448.050447383455,132.19358072916665,57.211884775579726,0.0074251302083333335,0.009156901041666667,0.044551964962121215,9,1,4.959427372079972,1.0546805181440182,0,13.363066600540224,-0.528573934606591,44.01497268676758
videos__rec_20251130_030636__f011740.jpg,rec_20251130_030636.avi,71.4,0,0,,7627.739312662084,129.53073567708333,56.42341520311171,0.003649088541666667,0.023899739583333333,0.10464015151515152,9,1,6.2754987030924525,1.1857670026498557,0,-6.831347647350882,-84.12519416121172,37.50325393676758
videos__rec_20251130_124123__f011740.jpg,rec_20251130_124123.avi,81.0,0,0,,11908.744094209416,131.916728515625,57.49778994937993,0.007096354166666667,0.0085546875,0.045099431818181816,9,1,4.0622999931651975,1.5385674533024427,0,10.19447266801836,-1.6522920511980212,44.3759765625
videos__rec_20251130_030636__f011760.jpg,rec_20251130_030636.avi,78.3,0,0,,8242.923853187389,128.72413736979166,57.37016872761747,0.0037662760416666665,0.025319010416666666,0.1299124053030303,9,1,2.668147355211829,1.1019432699998157,0,-6.530212152021994,20.64503353067737,41.265625
videos__rec_20251130_124123__f011760.jpg,rec_20251130_124123.avi,82.2,0,0,,12458.25235690171,131.09280598958333,58.40895515240975,0.007477213541666666,0.010247395833333334,0.05335582386363636,9,1,4.129070896582448,1.1510045572269751,0,11.004496123244918,-2.395712822845919,41.50944137573242
videos__rec_20251130_030636__f011780.jpg,rec_20251130_030636.avi,74.6,0,0,,7768.879034711666,129.66999674479166,55.89644141002786,0.0035904947916666667,0.022119140625,0.15055338541666666,9,1,7.998155610917422,1.0799270015009983,0,-14.263280029421761,9.913093591993931,43.71028518676758
videos__rec_20251130_124123__f011780.jpg,rec_20251130_124123.avi,75.7,0,0,,11420.937276664054,131.27935221354167,58.0541815957494,0.0067350260416666665,0.009235026041666667,0.05594519412878788,9,1,9.672295712756068,1.2808924332139184,0,8.42135624917618,-1.2739370300577413,35.68424606323242
videos__rec_20251130_030636__f011800.jpg,rec_20251130_030636.avi,69.5,0,0,,8140.546002363035,131.08177734375,56.527711838488706,0.0040625,0.021090494791666668,0.1576556581439394,9,1,16.758580652918965,1.1471823117373754,0,-3.4987052365054114,10.82491463662743,45.2080078125
videos__rec_20251130_124123__f011800.jpg,rec_20251130_124123.avi,79.8,0,0,,11149.852134696284,131.43978190104167,58.07482820168785,0.006510416666666667,0.009192708333333334,0.06285511363636363,9,1,6.1609946131704305,1.7527766081353127,0,-1.7332522653889746,-0.9893868424398988,37.97493362426758
videos__rec_20251130_030636__f011820.jpg,rec_20251130_030636.avi,77.7,0,0,,8843.635712605752,133.92539713541666,56.107971335928994,0.004544270833333333,0.016139322916666667,0.1498431581439394,9,1,8.15013148803564,1.0680626592401328,0,-10.84932303277429,24.55273796389335,51.119140625
videos__rec_20251130_124123__f011820.jpg,rec_20251130_124123.avi,80.3,0,0,,12166.724686629235,130.85728515625,58.87737756986653,0.006595052083333333,0.011015625,0.06504498106060606,9,1,6.742574388914875,1.07347390940624,0,0.5722500130631826,-4.422068268104429,35.296875
videos__rec_20251130_030636__f011840.jpg,rec_20251130_030636.avi,77.2,0,0,,8041.848886035114,134.45400390625,56.196679591589536,0.004593098958333333,0.017135416666666667,0.11961410984848485,9,1,2.359423427215802,1.244426726579162,0,-20.32611951402703,31.03471692283895,46.54622268676758
videos__rec_20251130_124123__f011840.jpg,rec_20251130_124123.avi,78.2,0,0,,11252.63793459319,131.355634765625,58.82411038056181,0.006354166666666667,0.009915364583333334,0.05280835700757576,9,1,5.871649800318721,1.4028917264386656,0,-2.6919736041920324,-6.609489577746394,42.1708984375
videos__rec_20251130_030636__f011860.jpg,rec_20251130_030636.avi,72.5,0,0,,8617.116397939004,135.47078450520834,55.8235913003957,0.0043294270833333336,0.017509765625,0.09872159090909091,9,1,7.899230460805654,1.2019400263535946,0,-24.210586482342904,27.08132611690253,44.80403518676758
videos__rec_20251130_124123__f011860.jpg,rec_20251130_124123.avi,76.4,0,0,,11073.494500941713,131.17478190104165,58.77437992690588,0.006393229166666667,0.00947265625,0.04730409564393939,9,1,6.926415345143425,1.4267992015490258,0,-5.930332042529205,-9.01686449363961,41.6572265625
videos__rec_20251130_030636__f011880.jpg,rec_20251130_030636.avi,73.9,0,0,,9146.604094105996,134.6790234375,55.68906740063597,0.003942057291666667,0.020895182291666668,0.10270182291666667,9,1,8.182250406039913,1.1197519991760587,0,23.026544712362362,-43.82737095876789,48.52018356323242
videos__rec_20251130_124123__f011880.jpg,rec_20251130_124123.avi,78.7,0,0,,12006.29536979828,130.92086588541667,58.81958319044907,0.00697265625,0.010709635416666667,0.051654237689393936,9,1,7.666802678413831,1.352158780879933,0,2.8353252063997187,-21.707804112539584,36.34375
videos__rec_20251130_030636__f011900.jpg,rec_20251130_030636.avi,72.8,0,0,extreme_heading,8279.126570223481,134.7970703125,55.13713494797402,0.00353515625,0.021585286458333332,0.12221827651515152,9,1,8.394707495980299,1.0334269463585017,0,36.707207406849435,-33.600982504726794,47.29752731323242
videos__rec_20251130_124123__f011900.jpg,rec_20251130_124123.avi,80.4,0,0,,11027.123121259043,130.76906901041667,58.04962875628606,0.006416015625,0.009137369791666667,0.05560487689393939,9,1,3.4304648776544013,1.6173027229677215,0,2.6954257960536556,-12.754153288247707,36.2255859375
videos__rec_20251130_030636__f011920.jpg,rec_20251130_030636.avi,77.1,0,0,,8071.472312361387,133.80005859375,55.23811303354762,0.003037109375,0.025221354166666668,0.12346117424242424,9,1,2.021802879580548,1.032765647852607,0,-2.876429417633583,36.12790301316243,44.490234375
videos__rec_20251130_124123__f011920.jpg,rec_20251130_124123.avi,80.6,0,0,,10743.019268011982,131.27893880208333,57.71954818450902,0.006520182291666667,0.009384765625,0.05160984848484849,9,1,2.4190127264126886,1.8366951307435206,0,7.071851914390418,-0.9256915088297824,44.39225387573242
videos__rec_20251130_030636__f011940.jpg,rec_20251130_030636.avi,76.3,0,0,,8629.2981751619,132.40113606770834,55.55778117275346,0.002919921875,0.02787109375,0.12550307765151514,9,1,5.797517293541844,1.087484941524088,0,11.302770096912809,-61.96785872363995,42.8701171875
videos__rec_20251130_124123__f011940.jpg,rec_20251130_124123.avi,79.4,0,0,,11597.711289712017,131.69029296875,58.31050276405153,0.006875,0.010074869791666666,0.05411044034090909,9,1,4.108250327182759,1.033634705683498,0,6.373185888855994,-1.4000010167466748,40.77897262573242
videos__rec_20251130_030636__f011960.jpg,rec_20251130_030636.avi,72.8,0,0,,7552.386125937049,131.393310546875,54.3385185704718,0.0025162760416666667,0.026044921875,0.13506155303030304,9,1,7.1625450449034815,1.0564656495147893,0,8.226544818950229,44.75390287718913,42.53125
videos__rec_20251130_124123__f011960.jpg,rec_20251130_124123.avi,81.0,0,0,,10669.321234077363,131.39640950520834,58.20724802062358,0.006858723958333333,0.009573567708333333,0.04172585227272727,9,1,0.736793639262487,1.9313714474243835,0,9.066898509527446,-3.9029579864185497,35.173828125
videos__rec_20251130_030636__f011980.jpg,rec_20251130_030636.avi,76.6,0,0,,7260.5310049285445,130.846357421875,53.989823115824144,0.002021484375,0.025501302083333333,0.15419330018939395,9,1,2.758390301967779,1.0415222055520272,0,13.227235740415894,-61.58273994054648,39.51171875
videos__rec_20251130_124123__f011980.jpg,rec_20251130_124123.avi,74.8,0,0,,10518.219569559891,131.406533203125,58.39338464868016,0.007096354166666667,0.009300130208333333,0.03346946022727273,9,1,4.026111956622174,1.2013313596937703,0,9.426586531516783,-5.939712609992327,38.16536331176758
videos__rec_20251130_030636__f012000.jpg,rec_20251130_030636.avi,77.6,0,0,,7537.963411977091,129.92017252604165,54.11250677934069,0.001767578125,0.026389973958333333,0.18005741003787878,9,1,2.813101506057933,1.09462431149816,0,-6.124141400737501,39.971875097875795,42.80403518676758
videos__rec_20251130_124123__f012000.jpg,rec_20251130_124123.avi,82.0,0,0,,11518.810459227838,130.91315104166668,59.09188799479745,0.00767578125,0.010556640625,0.021957859848484848,9,1,0.327638655759074,2.0161493570140276,0,2.842205730400402,-7.329707237446996,39.03743362426758
videos__rec_20251130_030636__f012020.jpg,rec_20251130_030636.avi,73.2,0,0,ambiguous_row,6447.138588985434,130.17504557291667,53.113170652935224,0.00140625,0.025302734375,0.20478219696969696,9,1,6.202383513442953,1.0212588254417008,0,2.744203735856462,48.94451081237204,42.1142578125
videos__rec_20251130_124123__f012020.jpg,rec_20251130_124123.avi,70.0,0,0,,10377.966975833086,130.88421875,58.46154401447429,0.007034505208333333,0.008798828125,0.024709990530303032,9,1,8.536239380097129,1.152874616464871,0,7.0156976618388605,-18.900490171247455,42.26432418823242
videos__rec_20251130_030636__f012040.jpg,rec_20251130_030636.avi,77.3,0,0,,6277.353991953267,129.481171875,52.64807593262985,0.0013541666666666667,0.023479817708333333,0.22888553503787878,9,1,0.8308558723253441,1.0838459967123668,0,-2.6241645232566095,42.01147087860845,38.44466018676758
videos__rec_20251130_124123__f012040.jpg,rec_20251130_124123.avi,73.9,0,0,,10197.657993155575,131.06640625,58.13939464770533,0.007216796875,0.008974609375,0.026100852272727272,9,1,2.7548766495443147,1.1442054353320505,0,0.6363651415213901,-9.242733084121468,37.68815231323242
videos__rec_20251130_030636__f012060.jpg,rec_20251130_030636.avi,76.9,0,0,,6650.210006164033,128.327861328125,52.759396845654216,0.0012109375,0.020882161458333333,0.24650804924242425,9,1,1.4408410885710055,1.068556855720446,0,-4.110297210455208,37.49666101756537,40.5302734375
videos__rec_20251130_124123__f012060.jpg,rec_20251130_124123.avi,74.2,0,0,,10864.23406512447,130.90047200520834,58.473786526226526,0.007373046875,0.009254557291666667,0.030628551136363636,9,1,5.111827688843448,1.0570310028678616,0,1.9056746412711454,-12.149505441531758,37.6298828125
videos__rec_20251130_030636__f012080.jpg,rec_20251130_030636.avi,75.0,0,0,,6213.850271409088,127.93186848958334,52.640616250107094,0.0011328125,0.020553385416666667,0.2626361268939394,9,1,4.522892573085187,1.1880544950400063,0,-5.2375174125140695,47.35869143938727,30.90364646911621
videos__rec_20251130_124123__f012080.jpg,rec_20251130_124123.avi,77.3,0,0,,12549.590593092858,130.82849283854168,59.37340367377631,0.008212890625,0.010950520833333333,0.029385653409090908,9,1,8.444822250824018,1.357817399764668,0,-1.4619404540835064,-12.296558744353803,9.708984375
videos__rec_20251130_030636__f012100.jpg,rec_20251130_030636.avi,77.8,0,0,,7509.296500520482,127.7558203125,53.34852764905399,0.0012890625,0.022138671875,0.26225142045454547,9,1,2.2666559353546063,1.0771081624425192,0,-4.7562498612004305,45.422987350287926,3.5582683086395264
videos__rec_20251130_124123__f012100.jpg,rec_20251130_124123.avi,76.3,0,0,,12894.511673282876,130.60950520833333,59.53878277595773,0.008346354166666667,0.011477864583333334,0.029666785037878788,9,1,8.720822898126698,1.1122451655600543,0,-1.0923678946254027,-12.287927371858451,2.5992839336395264
videos__rec_20251130_030636__f012120.jpg,rec_20251130_030636.avi,75.9,0,0,ambiguous_row,7600.15304096009,127.46791015625,53.54178942689155,0.0012141927083333334,0.023658854166666667,0.26103811553030304,9,1,4.819959934020403,1.017326426099328,0,-5.791879819328466,46.67900785621395,2.375
videos__rec_20251130_124123__f012120.jpg,rec_20251130_124123.avi,78.5,0,0,,10930.451875320052,130.61246744791666,58.359729339890215,0.0072591145833333336,0.009544270833333333,0.033084753787878785,9,1,0.61115108416152,1.1866264070427022,0,-0.19367529846395443,-12.27989128306378,37.76334762573242
videos__rec_20251130_030636__f012140.jpg,rec_20251130_030636.avi,72.8,0,0,,5769.181187178197,126.43261067708333,52.735658438278165,0.0009375,0.024244791666666668,0.2674745501893939,9,1,6.851461297295714,1.0565890566822271,0,-6.219621696099449,50.506509113356515,22.58658790588379
videos__rec_20251130_124123__f012140.jpg,rec_20251130_124123.avi,75.9,0,0,,10322.540169945229,130.720859375,57.8681153418686,0.006868489583333333,0.009283854166666666,0.03065814393939394,9,1,0.6452966875174866,1.0343142570163597,0,-0.7850553798246787,-11.206627805470326,36.59049606323242
videos__rec_20251130_030636__f012160.jpg,rec_20251130_030636.avi,78.3,0,0,,5632.556188552813,126.99643229166666,53.229198673642685,0.0010481770833333333,0.023505859375,0.30048532196969696,9,1,0.7946173479424488,1.3190085316977689,0,-1.4822210011956432,45.060308569014914,43.71875
videos__rec_20251130_124123__f012160.jpg,rec_20251130_124123.avi,79.8,0,0,,11599.86950376684,130.56784830729165,58.627519264393065,0.007705078125,0.010055338541666667,0.035274621212121215,9,1,2.2727418408640574,1.3240246316218292,0,-0.3290617690590178,-11.391826028530438,36.66666793823242
videos__rec_20251130_030636__f012180.jpg,rec_20251130_030636.avi,75.5,0,0,,6331.761737720702,127.30255533854167,53.634068289014415,0.0013736979166666667,0.026897786458333333,0.3077651515151515,9,1,3.2906833106557087,1.0440638925850423,0,-0.779193320721637,36.39943870775465,45.53092575073242
videos__rec_20251130_124123__f012180.jpg,rec_20251130_124123.avi,77.6,0,0,,10709.959934134758,130.6593359375,58.075036961233224,0.006826171875,0.008971354166666667,0.03292199337121212,9,1,0.6249492641820211,1.1104310645064086,0,-1.7073585725730012,-10.730977494872409,34.04622268676758
videos__rec_20251130_030636__f012200.jpg,rec_20251130_030636.avi,74.9,0,0,,5610.155803012582,127.77558919270834,53.001233413055544,0.0013704427083333333,0.02390625,0.30530894886363635,9,1,4.239097541342176,1.0838977064642594,0,-0.965229849037975,30.85516587132776,44.2265625
videos__rec_20251130_124123__f012200.jpg,rec_20251130_124123.avi,80.3,0,0,,11962.058531383505,130.29976888020835,58.67420197847744,0.007581380208333334,0.010120442708333333,0.03425366950757576,9,1,2.3227693476470677,1.1809351566068162,0,3.593003152759909,-9.599004780848066,15.247395515441895
videos__rec_20251130_030636__f012220.jpg,rec_20251130_030636.avi,71.5,0,0,ambiguous_row,5774.478380075413,132.618935546875,52.91153382418012,0.0022916666666666667,0.009016927083333333,0.3027639678030303,9,1,8.524455921549816,1.016564827599204,0,4.441595734012613,28.81176800163775,43.77897262573242
videos__rec_20251130_124123__f012220.jpg,rec_20251130_124123.avi,81.4,0,0,,12457.2592314982,129.88860026041667,58.962038007819245,0.007493489583333333,0.0111328125,0.03360262784090909,9,1,2.447573007871597,1.126176549444838,0,3.751572402827365,-9.539755755259396,2.8968098163604736
videos__rec_20251130_030636__f012240.jpg,rec_20251130_030636.avi,71.3,0,0,ambiguous_row,7076.781532180689,137.698173828125,51.984635944375555,0.003134765625,0.00498046875,0.3052793560606061,9,1,8.60162292214875,1.0094400742340304,0,3.4978939195815903,23.54581481854723,46.7275390625
videos__rec_20251130_124123__f012240.jpg,rec_20251130_124123.avi,81.8,0,0,,12493.877258262624,129.47610677083333,59.033216137180055,0.007298177083333334,0.012060546875,0.034505208333333336,9,1,2.351716010788266,1.1696727394091049,0,1.5255759677992657,-10.086182855143608,3.2457683086395264
videos__rec_20251130_030636__f012260.jpg,rec_20251130_030636.avi,76.8,0,0,ambiguous_row,6209.204979351796,136.50311197916668,51.05450515699865,0.0024446614583333334,0.0057194010416666665,0.30366654829545453,9,1,0.9573765005295058,1.0076817606633162,0,0.9798547264591031,33.33445704537031,40.20637893676758
videos__rec_20251130_124123__f012260.jpg,rec_20251130_124123.avi,72.1,0,0,,9728.382077074166,129.64609049479168,57.1093110067096,0.005244140625,0.009567057291666667,0.03409090909090909,9,1,3.986535605887525,1.080824843858154,0,-12.74233246903439,87.89734113600133,46.73372268676758
videos__rec_20251130_030636__f012280.jpg,rec_20251130_030636.avi,77.0,0,0,,6325.732530467976,137.17495442708332,50.86569040088673,0.0027213541666666666,0.006100260416666667,0.2974668560606061,9,1,0.7832885776737157,1.064567081537925,0,0.7934740835345567,34.94344883980812,38.63248825073242
videos__rec_20251130_124123__f012280.jpg,rec_20251130_124123.avi,74.9,0,0,,9819.9110043382,130.59124348958332,56.82770081195899,0.005052083333333333,0.011569010416666666,0.041740648674242424,9,1,1.4439427553552946,1.078411657401283,0,7.885308600954271,3.731053861471452,40.83333206176758
videos__rec_20251130_030636__f012300.jpg,rec_20251130_030636.avi,76.9,0,0,ambiguous_row,6942.723105060786,136.893798828125,51.174917440941066,0.002679036458333333,0.006604817708333334,0.30140269886363635,9,1,0.7908450940381613,1.0044542874090518,0,-0.024141061330066653,34.65102329823969,25.77181053161621
videos__rec_20251130_124123__f012300.jpg,rec_20251130_124123.avi,75.6,0,0,,11578.345121621194,132.381220703125,55.98247196686032,0.005784505208333333,0.009837239583333334,0.050455729166666664,9,1,8.250780036837455,1.0535682179956931,0,1.0943784448947764,4.296858849841989,44.26530075073242
videos__rec_20251130_030636__f012320.jpg,rec_20251130_030636.avi,76.5,0,0,ambiguous_row,6304.316762531873,136.87359049479167,50.723060126334076,0.0025651041666666665,0.006201171875,0.3006628787878788,9,1,1.296797506052883,1.024067868239295,0,-0.43954062899623675,34.611672419436644,13.193684577941895
videos__rec_20251130_124123__f012320.jpg,rec_20251130_124123.avi,76.3,0,0,,10629.294746428332,131.83961588541666,56.03294283888531,0.005543619791666667,0.010804036458333333,0.04156309185606061,9,1,2.663639890096192,1.0935333069775997,0,12.190679448267012,5.577488501880001,36.67708206176758
videos__rec_20251130_030636__f012340.jpg,rec_20251130_030636.avi,76.4,0,0,,6236.182593782383,137.31928059895833,50.71492550150387,0.002711588541666667,0.00599609375,0.2981918797348485,9,1,1.3966549537618107,1.0356213743622718,0,-0.4069143036086653,33.93552645620428,18.44140625
videos__rec_20251130_124123__f012340.jpg,rec_20251130_124123.avi,84.0,0,0,,13464.953078677325,132.09283854166668,57.248507197285775,0.007099609375,0.01203125,0.043974905303030304,9,1,2.0152042737889246,1.5219106768685302,0,4.035559783542502,3.776246877965868,10.861002922058105
videos__rec_20251130_030636__f012360.jpg,rec_20251130_030636.avi,78.7,0,0,,7631.00761699243,137.49024739583334,51.4682813674399,0.0031575520833333334,0.00732421875,0.29857658617424243,9,1,0.8176050503259376,1.0465095965361126,0,0.06612197839333456,33.962892862742855,19.71907615661621
videos__rec_20251130_124123__f012360.jpg,rec_20251130_124123.avi,80.1,0,0,,11297.936227798873,132.30966471354168,56.206370953478036,0.005654296875,0.009791666666666667,0.04539535984848485,9,1,1.3789797059829425,1.2287792551232881,0,6.806685174755175,4.949163807794523,29.26106834411621
videos__rec_20251130_030636__f012380.jpg,rec_20251130_030636.avi,80.2,0,0,,8213.173187297185,137.51203125,51.82266315471389,0.0033658854166666668,0.007981770833333334,0.3003225615530303,9,1,1.2924070870512878,1.0581723688350466,0,0.4212532168976165,30.05414814526821,2.8876953125
videos__rec_20251130_124123__f012380.jpg,rec_20251130_124123.avi,75.9,0,0,,10222.605616250568,132.36799479166666,55.795940436166354,0.005592447916666667,0.008961588541666666,0.045513731060606064,9,1,1.76053932026025,1.0458081089615157,0,5.256864060004203,4.8408363004464405,17.09049415588379
videos__rec_20251130_030636__f012400.jpg,rec_20251130_030636.avi,80.9,0,0,,8202.620150064427,137.54845052083334,51.820001243237286,0.00337890625,0.007757161458333333,0.2991684422348485,9,1,0.350737152174986,1.0687630586033772,0,0.11028356682133338,31.374175134676197,2.34765625
videos__rec_20251130_124123__f012400.jpg,rec_20251130_124123.avi,82.4,0,0,,12227.2579262956,132.282578125,56.780221393812425,0.006676432291666667,0.010680338541666667,0.04353101325757576,9,1,0.9497233747088671,1.0660270722595182,0,5.457206800849848,4.825170370886092,9.061198234558105
videos__rec_20251130_030636__f012420.jpg,rec_20251130_030636.avi,77.9,0,0,,7145.566945100529,136.87520833333335,51.127978149895384,0.00283203125,0.007041015625,0.3026160037878788,9,1,0.03064334365905097,1.0503216563060052,0,0.011351327925356742,31.834080286474986,13.619791984558105
videos__rec_20251130_124123__f012420.jpg,rec_20251130_124123.avi,80.0,0,0,ambiguous_row,11534.99877085443,132.60721354166665,56.098708892193464,0.00583984375,0.009580078125,0.046845407196969696,9,1,1.6354133740809402,1.0266359670025558,0,4.8434516482815315,4.313804577014864,24.447265625
videos__rec_20251130_030636__f012440.jpg,rec_20251130_030636.avi,77.0,0,0,ambiguous_row,6362.5873057291665,137.49332682291666,50.48705725490816,0.002646484375,0.006311848958333333,0.30078125,9,1,0.5265614022214606,1.0283629077977483,0,-8.148345064410101,-51.819794274298495,38.35774612426758
videos__rec_20251130_124123__f012440.jpg,rec_20251130_124123.avi,75.9,0,0,,10501.579606653839,132.997412109375,55.59504064874054,0.005748697916666667,0.008323567708333333,0.04952355587121212,9,1,3.3303001975393727,1.0471986928021597,0,3.5397881191708853,3.552311795108274,33.83040237426758
videos__rec_20251130_030636__f012460.jpg,rec_20251130_030636.avi,75.6,0,0,,6418.277628274494,138.376708984375,49.92161526252146,0.00275390625,0.005377604166666667,0.30200935132575757,9,1,2.610714850944305,1.093977205259715,0,-12.84592883794563,-37.15801314271904,40.17610549926758
videos__rec_20251130_124123__f012460.jpg,rec_20251130_124123.avi,72.1,0,0,,10794.322751822905,134.78052083333333,54.16329145644122,0.005465494791666667,0.007906901041666666,0.06452710700757576,9,1,11.647332225187483,1.1409848613518327,0,12.304291712909382,20.679450829625257,43.37467575073242
videos__rec_20251130_030636__f012480.jpg,rec_20251130_030636.avi,70.1,0,0,,7258.164293509917,138.81676106770834,50.18581126184289,0.002998046875,0.005084635416666667,0.23839962121212122,9,1,10.640834072640871,1.0571758128570559,0,-9.240664678449548,-50.145087645075634,41.869140625
videos__rec_20251130_124123__f012480.jpg,rec_20251130_124123.avi,77.7,0,0,,11786.989683918593,135.210625,54.61768507110167,0.006331380208333333,0.008583984375,0.0751953125,9,1,9.413188767577708,1.1210767972216233,0,16.452799771459187,11.621021825525109,34.04817581176758
videos__rec_20251130_030636__f012500.jpg,rec_20251130_030636.avi,76.7,0,0,,6432.674671070313,136.13658203125,49.5651576004042,0.0023079427083333333,0.004501953125,0.1929302793560606,9,1,1.010851704604761,1.080770266766454,0,-8.467611077803376,-61.22881477937666,42.05729293823242
videos__rec_20251130_124123__f012500.jpg,rec_20251130_124123.avi,71.5,0,0,,10853.015773206538,135.80240234375,54.22080800089954,0.005670572916666667,0.007620442708333334,0.06677616003787878,9,1,12.660666624340593,1.0673648204852137,0,19.570781106691676,16.49959715180504,41.265625
videos__rec_20251130_030636__f012520.jpg,rec_20251130_030636.avi,72.2,0,0,ambiguous_row,6557.416603650879,136.632802734375,49.561612934962,0.0023990885416666666,0.004469401041666667,0.19216086647727273,9,1,6.622853131617376,1.0139677383541652,0,1.770169216856592,-47.184168233514065,13.648112297058105
videos__rec_20251130_124123__f012520.jpg,rec_20251130_124123.avi,77.9,0,0,,11140.098874450516,136.174580078125,53.90627325168067,0.005934244791666667,0.007662760416666667,0.061079545454545456,9,1,6.08088113863198,1.445696232581298,0,11.884742851906495,26.71045756115271,37.861328125
videos__rec_20251130_030636__f012540.jpg,rec_20251130_030636.avi,72.1,0,0,,7300.8770985198025,136.28271484375,49.978068764943025,0.00259765625,0.0054720052083333335,0.1929302793560606,9,1,8.180203243944447,1.088538893505471,0,6.041239983822075,-47.280860726516465,18.18001365661621
videos__rec_20251130_124123__f012540.jpg,rec_20251130_124123.avi,53.7,0,0,extreme_heading,11922.773316128876,135.65643880208333,54.47539671460597,0.006181640625,0.008125,0.05051491477272727,9,1,40.082037638670386,1.4078479057068918,0,-44.293563235714494,-16.881084231868577,38.5283203125
videos__rec_20251130_030636__f012560.jpg,rec_20251130_030636.avi,65.7,0,0,,6487.347047827148,136.15248697916667,49.51249108823805,0.0023209635416666665,0.004583333333333333,0.19501657196969696,9,1,15.727025472468313,1.099464679100136,0,3.756263515103888,-47.13254407577085,18.38606834411621
videos__rec_20251130_124123__f012560.jpg,rec_20251130_124123.avi,71.7,0,0,,10983.491830804442,135.88006184895832,53.20350999857104,0.004973958333333334,0.006500651041666666,0.056389086174242424,9,1,12.519493510098755,1.3510226950124438,0,-21.933375590532293,-8.744935808587382,39.59147262573242
videos__rec_20251130_030636__f012580.jpg,rec_20251130_030636.avi,72.6,0,0,,7203.7819155603975,136.131513671875,50.04458219836907,0.002666015625,0.005201822916666667,0.19364050662878787,9,1,7.1332996008816565,1.0601117846348538,0,7.47768305319296,-47.12508078828775,14.916015625
videos__rec_20251130_124123__f012580.jpg,rec_20251130_124123.avi,76.7,0,0,,10243.884536769772,135.23338216145834,53.933783990678535,0.005094401041666667,0.006302083333333333,0.0688180634469697,9,1,3.733452463749188,1.1078941003368663,0,0.14910958717755318,-1.1186559754764858,41.34375
videos__rec_20251130_030636__f012600.jpg,rec_20251130_030636.avi,76.3,0,0,,8499.597724650701,135.96849283854166,50.698598252029136,0.002936197916666667,0.0065234375,0.19224964488636365,9,1,7.327940907163281,1.0465752533327073,0,6.007079438680577,-47.4468480073179,2.7233073711395264
videos__rec_20251130_124123__f012600.jpg,rec_20251130_124123.avi,78.4,0,0,,11139.48947851765,135.17212239583333,54.21423614904671,0.0054329427083333335,0.0067578125,0.07426313920454546,9,1,6.296133700098096,1.2363829469383023,0,2.851674330357782,-17.68554862781505,37.99153518676758
videos__rec_20251130_030636__f012620.jpg,rec_20251130_030636.avi,76.3,0,0,,8515.72257726202,135.76613932291667,50.6840532949217,0.0028157552083333333,0.0066569010416666664,0.19260475852272727,9,1,7.38780945392125,1.0439510304922874,0,7.054767871992533,-47.222952007244636,2.3671875
videos__rec_20251130_124123__f012620.jpg,rec_20251130_124123.avi,73.6,0,0,ambiguous_row,10017.69772070515,134.982509765625,53.57776313504739,0.004554036458333333,0.005729166666666666,0.08386600378787878,9,1,8.54427353547095,1.0133509821585318,0,3.4857707017435655,-3.843095142054835,39.6083984375
videos__rec_20251130_030636__f012640.jpg,rec_20251130_030636.avi,75.9,0,0,,8482.605092931068,135.48251627604168,50.67984381703831,0.0027734375,0.00685546875,0.19319661458333334,9,1,7.8570381077650495,1.069302090253851,0,6.764155159687036,-47.41059371924089,2.126953125
videos__rec_20251130_124123__f012640.jpg,rec_20251130_124123.avi,80.9,0,0,,10078.013232577756,135.23365559895834,53.61275341641391,0.004791666666666666,0.006292317708333333,0.0898141571969697,9,1,2.4077518361816033,1.5837594417723748,0,11.41103958736153,14.100625325674903,33.57584762573242
videos__rec_20251130_030636__f012660.jpg,rec_20251130_030636.avi,75.9,0,0,,8452.927330566365,134.69680338541667,50.64771492912657,0.002783203125,0.007034505208333333,0.19438032670454544,9,1,7.744409750364923,1.072756413489483,0,6.882054381571759,-47.257068182738124,2.1751301288604736
videos__rec_20251130_124123__f012660.jpg,rec_20251130_124123.avi,77.7,0,0,,11074.459612121995,135.47173828125,53.74916044135251,0.00509765625,0.007278645833333333,0.10168087121212122,9,1,9.743249245692994,1.0586864825688047,0,8.857181196035437,10.593155915811021,35.38639450073242
videos__rec_20251130_030636__f012680.jpg,rec_20251130_030636.avi,74.1,0,0,,8261.955643581137,132.35485677083332,50.50628301060368,0.002132161458333333,0.007646484375,0.19657019412878787,9,1,9.59381871495495,1.1005085370832524,0,6.712016781659075,-47.222980858616104,3.3440754413604736
videos__rec_20251130_124123__f012680.jpg,rec_20251130_124123.avi,77.8,0,0,ambiguous_row,10305.775934552501,135.680361328125,53.40975250363599,0.004912109375,0.006474609375,0.08950343276515152,9,1,4.801606742528293,1.0220939794546242,0,7.7813057962537355,18.634059205210907,35.072265625
videos__rec_20251130_030636__f012700.jpg,rec_20251130_030636.avi,69.5,0,0,,8268.296691308597,131.11154622395833,50.37530838426413,0.0019759114583333334,0.007766927083333333,0.20066879734848486,9,1,15.599300381847371,1.0718533465238465,0,3.840481403138568,-47.41535974525566,2.5511066913604736
videos__rec_20251130_124123__f012700.jpg,rec_20251130_124123.avi,71.0,0,0,,10455.64587672525,136.12489908854167,53.57769052228788,0.005179036458333334,0.006458333333333333,0.07927911931818182,9,1,13.549164477238378,1.129691320333609,0,25.405776009392255,25.338076063425984,32.68424606323242
videos__rec_20251130_030636__f012720.jpg,rec_20251130_030636.avi,75.7,0,1,,8223.438095977262,131.42876627604167,50.39970661679148,0.002041015625,0.007845052083333333,0.19899680397727273,9,1,7.525508154509879,1.1745866853483282,0,13.9987145362904,-47.44527753645902,1.8860677480697632
videos__rec_20251130_124123__f012720.jpg,rec_20251130_124123.avi,73.4,0,0,,11243.665380296823,136.01158528645834,54.20798397458099,0.00541015625,0.006712239583333333,0.07457386363636363,9,1,13.208636532126377,1.1867220729076349,0,-31.55812705441321,-0.5714151391893552,36.63899612426758
videos__rec_20251130_030636__f012740.jpg,rec_20251130_030636.avi,71.9,0,0,,6594.101052291828,131.860498046875,49.543470845286805,0.00177734375,0.006064453125,0.19793146306818182,9,1,7.3676261983182485,1.080171662972598,0,9.957769434319262,-47.52946492053571,9.66796875
videos__rec_20251130_124123__f012740.jpg,rec_20251130_124123.avi,70.5,0,0,,10351.343434457132,135.80787109375,53.670571344177695,0.005263671875,0.006263020833333333,0.07774029356060606,9,1,13.669791774638384,1.1176187932101416,0,-18.00166813874404,-0.4400858084601822,35.16341018676758
videos__rec_20251130_030636__f012760.jpg,rec_20251130_030636.avi,74.6,0,0,,8209.21662395849,133.57974283854168,50.50504733632358,0.002395833333333333,0.0072200520833333335,0.19367009943181818,9,1,8.821410292327613,1.134656339060765,0,5.91823266675118,-47.58149299016966,4.060221195220947
videos__rec_20251130_124123__f012760.jpg,rec_20251130_124123.avi,66.8,0,0,,9320.214866114255,135.43169596354167,53.543718470830946,0.004755859375,0.005989583333333334,0.08377722537878787,9,1,16.017057173701573,1.2729471432614694,0,-14.2571925346137,-3.716221594772904,35.7705078125
videos__rec_20251130_030636__f012780.jpg,rec_20251130_030636.avi,72.0,0,0,,7014.466487220249,134.23405598958334,49.76525333149532,0.0021158854166666665,0.005849609375,0.19966264204545456,9,1,7.573428951934574,1.1522244443228944,0,5.972319642946766,-47.45723243552552,11.925129890441895
videos__rec_20251130_124123__f012780.jpg,rec_20251130_124123.avi,71.6,0,0,,10707.256712670898,134.60043619791668,54.5415073071966,0.004954427083333333,0.007083333333333333,0.09610262784090909,9,1,16.227467662445974,1.1058430540680562,0,-9.318998906842946,-4.250238190958768,37.4765625
videos__rec_20251130_030636__f012800.jpg,rec_20251130_030636.avi,70.4,0,0,,7091.544587792291,134.81523111979166,49.86382789624273,0.0023502604166666667,0.005862630208333333,0.19254557291666666,9,1,9.645153399751223,1.0864126566982102,0,6.437930016637939,-47.532854903194796,14.0419921875
videos__rec_20251130_124123__f012800.jpg,rec_20251130_124123.avi,73.5,0,0,,9368.429128812906,134.52951497395833,53.69875016693882,0.004319661458333333,0.007080078125,0.09522964015151515,9,1,8.839290087597021,1.260515715045229,0,7.5568101174809,4.927859396630048,37.99283981323242
videos__rec_20251130_030636__f012820.jpg,rec_20251130_030636.avi,71.0,0,0,,7168.311058200995,134.56896809895832,49.951240442923364,0.0023502604166666667,0.005735677083333333,0.18973425662878787,9,1,9.003248109973782,1.0464226782116586,0,6.23775623416622,-47.59216865133723,24.88899803161621
videos__rec_20251130_124123__f012820.jpg,rec_20251130_124123.avi,72.8,0,0,,9217.714134901895,134.93366861979166,53.48426716214739,0.004016927083333333,0.006393229166666667,0.09882516571969698,9,1,8.523701816122696,1.0329726162133834,0,16.064645001025642,19.179738110078688,35.96549606323242
videos__rec_20251130_030636__f012840.jpg,rec_20251130_030636.avi,78.3,0,0,,8366.269095920552,134.64348958333332,50.59294365025431,0.002685546875,0.0066796875,0.18878728693181818,9,1,4.256094455975131,1.0957059830882758,0,12.403043413709435,-47.351116152163065,3.3818359375
videos__rec_20251130_124123__f012840.jpg,rec_20251130_124123.avi,80.0,0,0,,10745.681532869083,135.39873697916667,53.67159785560263,0.00451171875,0.007060546875,0.11026278409090909,9,1,7.494434477652817,1.266396261412736,0,12.007427647397376,16.078835071725184,34.1015625
videos__rec_20251130_030636__f012860.jpg,rec_20251130_030636.avi,67.7,0,0,,7186.076939154053,134.743505859375,49.96342948222846,0.0024446614583333334,0.005625,0.1898526278409091,9,1,13.871139211649677,1.139043998488964,0,6.5202083398842365,-47.54072125662805,4.257486820220947
videos__rec_20251130_124123__f012860.jpg,rec_20251130_124123.avi,82.4,0,0,,9738.095773415625,136.34703125,52.481346440992155,0.004248046875,0.00560546875,0.09922466856060606,9,1,1.4842318167161466,1.8996920173677048,0,-0.3029895657574441,15.545989499400612,35.35905075073242
videos__rec_20251130_030636__f012880.jpg,rec_20251130_030636.avi,71.7,0,0,,6014.75912102928,134.75424479166668,49.364304302536375,0.0019954427083333334,0.004814453125,0.18958629261363635,9,1,7.538122605014024,1.0775952306660868,0,17.018572348773088,-47.61483615932621,32.84537887573242
videos__rec_20251130_124123__f012880.jpg,rec_20251130_124123.avi,74.4,0,0,,9854.540166152914,136.59363606770833,51.896415150411954,0.004420572916666666,0.005520833333333333,0.08478338068181818,9,1,7.791804711779889,1.3040636195373991,0,15.43503767808855,20.005313075341054,36.29850387573242
videos__rec_20251130_030636__f012900.jpg,rec_20251130_030636.avi,76.0,0,0,,8406.347874060475,134.80372721354166,50.68773462274679,0.002705078125,0.006822916666666666,0.18977864583333334,9,1,7.3054759278590495,1.0440197339133845,0,17.18172332437681,-47.580563977272945,4.284830570220947
videos__rec_20251130_124123__f012900.jpg,rec_20251130_124123.avi,80.2,0,0,,10449.753134478715,136.38859700520834,52.13502062751183,0.004560546875,0.005904947916666667,0.06920276988636363,9,1,0.5498254066927188,1.335506514892072,0,5.905593777490639,17.27206864680719,34.90169143676758
videos__rec_20251130_030636__f012920.jpg,rec_20251130_030636.avi,70.2,0,0,,6463.0104614898255,135.042216796875,49.47619921442636,0.002262369791666667,0.004934895833333334,0.19106593276515152,9,1,9.620189682259365,1.0817687145594315,0,11.487431707117917,-47.840430096118105,16.96061134338379
videos__rec_20251130_124123__f012920.jpg,rec_20251130_124123.avi,70.7,0,0,,9578.877055277337,136.27152994791666,51.50359067304484,0.004104817708333333,0.005504557291666667,0.06915838068181818,9,1,10.609961153954487,1.565958099499021,0,-21.690966483416968,2.8897964505257967,36.708984375
videos__rec_20251130_030636__f012940.jpg,rec_20251130_030636.avi,70.4,0,0,,6697.0478433684875,135.159775390625,49.75916427661183,0.0023893229166666668,0.0051171875,0.1908291903409091,9,1,9.269570512774578,1.0492593967492578,0,8.609364581739262,-47.78944463021212,15.2412109375
videos__rec_20251130_124123__f012940.jpg,rec_20251130_124123.avi,77.7,0,0,,9674.989500239044,135.80802083333333,51.70301509875077,0.004033203125,0.005615234375,0.08428030303030302,9,1,1.7055245441297302,1.0837884053493043,0,-8.685188430298487,11.881744151816296,34.755859375
videos__rec_20251130_030636__f012960.jpg,rec_20251130_030636.avi,72.5,0,0,,7225.708468353228,135.269697265625,49.92679485772267,0.0023567708333333335,0.005540364583333333,0.18720407196969696,9,1,7.320899976310557,1.0747641056941641,0,12.49506091980454,-48.42251937109694,30.79036521911621
videos__rec_20251130_124123__f012960.jpg,rec_20251130_124123.avi,70.2,0,0,,10116.582761101523,135.34159830729166,51.98036601035446,0.00390625,0.006552734375,0.09679805871212122,9,1,17.249462534198926,1.5649806410486835,0,13.565846957364947,8.07111657912257,34.37109375
videos__rec_20251130_030636__f012980.jpg,rec_20251130_030636.avi,71.1,0,0,,6450.593280817627,135.281220703125,49.47257743610436,0.002265625,0.004886067708333333,0.1869229403409091,9,1,8.292042539483276,1.0621894162643482,0,12.726914602480122,-48.5970596362104,19.97981834411621
videos__rec_20251130_124123__f012980.jpg,rec_20251130_124123.avi,72.1,0,0,,8999.66924397274,135.24971354166667,51.387099268903164,0.0033333333333333335,0.005813802083333333,0.09847005208333333,9,1,9.04859037171775,1.2345283396785935,0,-2.5489551688785004,7.488892921800954,38.0419921875
videos__rec_20251130_030636__f013000.jpg,rec_20251130_030636.avi,71.8,0,0,,6505.953994456133,135.34712890625,49.493280493643226,0.0022330729166666666,0.004892578125,0.1800870028409091,9,1,7.434497159970704,1.0550470077471144,0,12.042449778722428,-48.53103390384971,17.076171875
videos__rec_20251130_124123__f013000.jpg,rec_20251130_124123.avi,79.2,0,0,,9106.78490877274,135.25625651041668,52.06939251891046,0.003951822916666667,0.006126302083333333,0.11308889678030302,9,1,1.6923146805557394,1.1531817431469624,0,-5.234459784661259,22.57501994785205,39.2841796875
videos__rec_20251130_030636__f013020.jpg,rec_20251130_030636.avi,71.4,0,0,,7161.281756097414,135.546357421875,49.91886065573331,0.0022884114583333333,0.005341796875,0.18386008522727273,9,1,8.497264609336241,1.0488110283334604,0,12.328993132851869,-48.57062423928112,13.077799797058105
videos__rec_20251130_124123__f013020.jpg,rec_20251130_124123.avi,69.6,0,0,,9606.319958767352,135.85216145833334,51.67903635627811,0.0033463541666666667,0.0057421875,0.10308652935606061,9,1,14.642428579272462,1.0584028144738074,0,7.8020074305753395,27.113581151972145,41.37141799926758
videos__rec_20251130_030636__f013040.jpg,rec_20251130_030636.avi,71.2,0,0,,6482.324982584593,135.83112955729166,49.562157500262956,0.002184244791666667,0.004964192708333333,0.18243963068181818,9,1,8.240729061361321,1.075366973141037,0,12.292196246119309,-48.83282003430368,19.60709571838379
videos__rec_20251130_124123__f013040.jpg,rec_20251130_124123.avi,67.3,0,0,,9280.73640939327,135.63666341145833,51.41755911760075,0.00359375,0.0059993489583333335,0.08823094223484848,9,1,20.7923473343252,2.5357214975208757,0,4.284988647224726,26.95908507939736,31.99609375
videos__rec_20251130_030636__f013060.jpg,rec_20251130_030636.avi,71.5,0,0,,6508.756321545241,135.67976888020834,49.53790131023544,0.0022786458333333335,0.0047395833333333335,0.18578361742424243,9,1,7.925910755793723,1.0873837844233485,0,12.54923895367403,-48.07288680661645,17.4296875
videos__rec_20251130_124123__f013060.jpg,rec_20251130_124123.avi,77.1,0,0,,9608.062779703097,133.77050130208335,51.11372251975805,0.0034765625,0.00681640625,0.08454663825757576,9,1,2.2534210126644325,1.1088900693027233,0,-1.1205795953657252,15.959260001055817,41.78483200073242
videos__rec_20251130_030636__f013080.jpg,rec_20251130_030636.avi,75.2,0,0,,8165.935650676632,135.279580078125,50.525022830129664,0.0027278645833333334,0.006432291666666667,0.18846176609848486,9,1,7.451161328158435,1.052398495333082,0,11.682604443479223,-47.50766665456492,25.1044921875
videos__rec_20251130_124123__f013080.jpg,rec_20251130_124123.avi,78.0,0,0,,10030.80274466108,133.25061848958333,51.53187805618653,0.0032063802083333332,0.007431640625,0.09641335227272728,9,1,8.41193692287311,2.026482187454752,0,-3.889458354583937,10.948788950526023,33.92643356323242
videos__rec_20251130_030636__f013100.jpg,rec_20251130_030636.avi,76.4,0,1,,8417.076760534826,135.04265950520832,50.65294836644251,0.002734375,0.0066927083333333335,0.18976384943181818,9,1,6.857856383123533,1.0519714966022173,0,17.341009149323842,-47.22542583390429,1.9319661855697632
videos__rec_20251130_124123__f013100.jpg,rec_20251130_124123.avi,66.6,0,0,,9423.40316531261,133.25947916666667,51.365738862547275,0.0034505208333333332,0.00634765625,0.10952296401515152,9,1,19.521723846669772,1.262099284169528,0,2.033396999484933,8.842131796154735,37.58137893676758
videos__rec_20251130_030636__f013120.jpg,rec_20251130_030636.avi,74.9,0,1,,8435.583755262205,135.68166666666667,50.626170818079736,0.002711588541666667,0.006432291666666667,0.18767755681818182,9,1,8.96255796364619,1.0694534822358839,0,11.98765349421093,-47.38916860338765,1.9723306894302368
videos__rec_20251130_124123__f013120.jpg,rec_20251130_124123.avi,77.1,0,0,,9443.069723154702,133.06974609375,51.77517867055432,0.0033626302083333334,0.007529296875,0.10637133049242424,9,1,4.623096596083883,1.1154678142107157,0,-4.845794965010697,18.679252850820358,34.53092575073242
videos__rec_20251130_030636__f013140.jpg,rec_20251130_030636.avi,75.2,0,1,,8461.60093647638,135.72749348958334,50.680839041307784,0.002744140625,0.0064876302083333335,0.19010416666666666,9,1,8.96255796364619,1.1143939613883562,0,11.98765349421093,-47.38916860338765,1.90234375
videos__rec_20251130_124123__f013140.jpg,rec_20251130_124123.avi,74.3,0,0,,9950.406311340745,132.90970703125,52.11239978894781,0.0033170572916666665,0.007841796875,0.11390269886363637,9,1,12.374056957316498,1.309428070506178,0,-3.5336590004406063,20.731316299756894,39.2666015625
videos__rec_20251130_030636__f013160.jpg,rec_20251130_030636.avi,75.3,0,1,,8454.161044541423,135.409169921875,50.66273778524911,0.0027604166666666667,0.006455078125,0.1909771543560606,9,1,8.729911286491188,1.1040917771921925,0,12.158432843404436,-47.35489642133438,1.8424478769302368
videos__rec_20251130_124123__f013160.jpg,rec_20251130_124123.avi,73.9,0,0,,9427.151049751441,132.7840234375,51.41208890304352,0.003681640625,0.007171223958333334,0.10126657196969698,9,1,8.91228745202693,1.3001071158892412,0,-4.433470461195867,25.378984008894463,34.93229293823242
videos__rec_20251130_030636__f013180.jpg,rec_20251130_030636.avi,75.7,0,1,,8440.295449737507,135.224638671875,50.66828457285326,0.0027083333333333334,0.006533203125,0.18992660984848486,9,1,7.950535060964825,1.0695791139045103,0,11.88240702248829,-47.47215164719349,1.7877603769302368
videos__rec_20251130_124123__f013180.jpg,rec_20251130_124123.avi,77.9,0,0,,9660.797607288954,132.79005859375,51.35412529702563,0.0037727864583333333,0.007024739583333333,0.10011245265151515,9,1,3.6753226836184467,1.1733337800669348,0,-28.28641490068841,26.548674487021877,34.06673049926758
videos__rec_20251130_030636__f013200.jpg,rec_20251130_030636.avi,76.3,0,1,,8443.616844376627,135.116064453125,50.68686981735273,0.002711588541666667,0.006705729166666666,0.1908883759469697,9,1,7.451161328158435,1.1134553008833776,0,11.682604443479223,-47.50766665456492,1.7994791269302368
videos__rec_20251130_124123__f013200.jpg,rec_20251130_124123.avi,77.2,0,0,,10529.38704821625,131.46673177083332,51.86470222834934,0.003896484375,0.00826171875,0.09630977746212122,9,1,8.024611338126078,1.2424965379405335,0,-8.540244561611521,24.149775825354585,36.7109375
videos__rec_20251130_030636__f013220.jpg,rec_20251130_030636.avi,75.2,0,1,,8448.011514279511,134.85617838541665,50.692291429716036,0.002685546875,0.0066796875,0.18914240056818182,9,1,8.729911286491188,1.0880631546378956,0,12.158432843404436,-47.35489642133438,1.8180338144302368
videos__rec_20251130_124123__f013220.jpg,rec_20251130_124123.avi,73.4,0,0,,9755.319489276631,130.93759440104168,51.910259936365286,0.004248046875,0.007353515625,0.11684718276515152,9,1,11.803129959721844,1.0314551750033543,0,-5.125975706221001,22.690244120516407,39.54362106323242
videos__rec_20251130_030636__f013240.jpg,rec_20251130_030636.avi,72.9,0,0,,7228.565483512867,134.70690104166667,50.067945935379896,0.0023372395833333335,0.005576171875,0.19380326704545456,9,1,6.894526048781813,1.0712340304748171,0,17.247764170433182,-47.169241318247686,4.216796875
videos__rec_20251130_124123__f013240.jpg,rec_20251130_124123.avi,81.2,0,0,,9777.529287231404,130.78637369791667,52.49712828704435,0.003997395833333334,0.007600911458333333,0.1333599668560606,9,1,4.843719567829567,1.2394733214234899,0,2.704014524301816,10.058718023113062,38.92643356323242
videos__rec_20251130_030636__f013260.jpg,rec_20251130_030636.avi,72.1,0,0,,7536.092980041336,135.10788736979165,50.26255003963999,0.00240234375,0.005859375,0.18344578598484848,9,1,9.416844052295602,1.116484086570247,0,12.065274606253848,-46.662726426937596,36.861328125
videos__rec_20251130_124123__f013260.jpg,rec_20251130_124123.avi,82.6,0,0,,10443.990300724443,130.07525065104167,53.792057837826384,0.004443359375,0.010146484375,0.15448922821969696,9,1,8.914244021891648,1.4204575325920008,0,11.25960937939888,12.869520750780392,38.98991012573242
videos__rec_20251130_030636__f013280.jpg,rec_20251130_030636.avi,74.8,0,0,,8487.870665469318,135.00513346354165,50.78534479979446,0.002724609375,0.006813151041666667,0.1846294981060606,9,1,9.442713636916977,1.0858721778152105,0,12.065274606253848,-46.662726426937596,2.6123046875
videos__rec_20251130_124123__f013280.jpg,rec_20251130_124123.avi,82.3,0,0,,10194.176903621423,130.257451171875,53.793489172553606,0.005074869791666666,0.010693359375,0.15249171401515152,9,1,6.565037788406187,1.0572011445329492,0,6.238372798923418,20.08558522163664,36.32942581176758
videos__rec_20251130_030636__f013300.jpg,rec_20251130_030636.avi,75.0,0,0,,8502.660014688954,134.93298502604168,50.77872087813267,0.002470703125,0.006689453125,0.18535452178030304,9,1,9.442713636916977,1.118236929820318,0,12.065274606253848,-46.662726426937596,2.0966796875
videos__rec_20251130_124123__f013300.jpg,rec_20251130_124123.avi,84.2,0,0,ambiguous_row,10401.724896964759,131.23574869791668,53.88481157659531,0.005074869791666666,0.010904947916666666,0.15213660037878787,9,1,4.771218138423649,1.0259549475809855,0,6.885917394613871,25.759855185310432,38.8798828125
videos__rec_20251130_030636__f013320.jpg,rec_20251130_030636.avi,80.5,0,1,,8456.039872979058,134.85863606770835,50.72128318241701,0.002509765625,0.006643880208333334,0.18492542613636365,9,1,1.8836895170795458,1.1124076052929888,0,12.936734426076653,-46.707746273510345,1.8271484375
videos__rec_20251130_124123__f013320.jpg,rec_20251130_124123.avi,89.7,0,0,,12143.642771134439,132.32615559895834,54.431899223931424,0.005491536458333333,0.011555989583333334,0.1533794981060606,9,1,4.750896566492145,1.106981852904529,0,15.950916488496707,27.359162200546923,34.86653518676758
videos__rec_20251130_030636__f013340.jpg,rec_20251130_030636.avi,74.9,0,1,,8483.941955862667,134.86232747395835,50.7323927923475,0.0024739583333333332,0.006790364583333333,0.18331261837121213,9,1,9.442713636916977,1.1061054929875758,0,12.065274606253848,-46.662726426937596,1.7565103769302368
videos__rec_20251130_124123__f013340.jpg,rec_20251130_124123.avi,85.8,0,0,,11017.567293075044,133.48624348958333,53.247964550085584,0.00552734375,0.00810546875,0.14080255681818182,9,1,4.540246502891023,1.2138153785426025,0,6.3993527624405795,20.82682589353709,37.06217575073242
videos__rec_20251130_030636__f013360.jpg,rec_20251130_030636.avi,72.0,0,1,,8413.194450764298,134.96502278645832,50.650446253029116,0.0025390625,0.006793619791666667,0.1845999053030303,9,1,13.037963543706695,1.1179574529651672,0,9.75083895597942,-46.76156521725095,1.861328125
videos__rec_20251130_124123__f013360.jpg,rec_20251130_124123.avi,73.6,0,0,,11458.648342250981,133.35943684895832,53.92674508767026,0.005556640625,0.008167317708333333,0.130859375,9,1,20.79292463334366,1.0988431010351256,0,-9.56429064468966,22.451855498715165,37.80598831176758
videos__rec_20251130_030636__f013380.jpg,rec_20251130_030636.avi,74.7,0,1,,8429.327112045245,134.899052734375,50.64686669354306,0.00255859375,0.006549479166666667,0.18279474431818182,9,1,9.442713636916977,1.1192268369158296,0,12.065274606253848,-46.662726426937596,1.8287760019302368
videos__rec_20251130_124123__f013380.jpg,rec_20251130_124123.avi,79.1,0,0,,12506.861975790138,133.28875,55.22000731684954,0.006123046875,0.010130208333333333,0.13639322916666666,9,1,18.54766578517041,1.0825303979885241,0,10.452682800617197,23.385651392206945,42.42610549926758
videos__rec_20251130_030636__f013400.jpg,rec_20251130_030636.avi,80.7,0,1,,8407.529085915618,134.60801432291666,50.64310812553252,0.00240234375,0.006741536458333333,0.18357895359848486,9,1,1.331057413228109,1.103091587093429,0,13.84776847726158,-46.484197254409914,1.96484375
videos__rec_20251130_124123__f013400.jpg,rec_20251130_124123.avi,83.0,0,0,ambiguous_row,11245.698972106762,133.457744140625,54.68492504285206,0.005491536458333333,0.00830078125,0.09738991477272728,9,1,2.9304904732097157,1.0256925357616562,0,5.140333305703035,19.241835011014814,46.6162109375
videos__rec_20251130_030636__f013420.jpg,rec_20251130_030636.avi,73.7,0,0,,8159.0803277379255,134.34404622395834,50.539416612627605,0.00232421875,0.006787109375,0.18644945549242425,9,1,9.57796292526956,1.089422486054171,0,12.365897876723338,-46.59612355738158,2.3557941913604736
videos__rec_20251130_124123__f013420.jpg,rec_20251130_124123.avi,66.7,0,0,,11307.940769215858,132.98149088541666,54.94783999077907,0.005856119791666667,0.008697916666666666,0.09656131628787878,9,1,24.952073670362324,1.0716730795312372,0,-9.537375344626682,9.167872344542687,32.05794143676758
videos__rec_20251130_030636__f013440.jpg,rec_20251130_030636.avi,67.9,0,0,,7281.842574683285,134.376435546875,49.99889639462145,0.0022786458333333335,0.005882161458333333,0.18094519412878787,9,1,13.821095153064874,1.1092310259801945,0,11.397090426310031,-47.743270612580154,21.78255271911621
videos__rec_20251130_124123__f013440.jpg,rec_20251130_124123.avi,85.0,0,0,ambiguous_row,11980.370362688693,132.871181640625,55.76382370395251,0.005768229166666666,0.009407552083333333,0.10240589488636363,9,1,4.036083959215603,1.0288437871365572,0,-3.3867926760987,4.654936043456335,43.05924606323242
videos__rec_20251130_030636__f013460.jpg,rec_20251130_030636.avi,71.1,0,0,,6648.575418170408,134.63646484375,49.477502486952794,0.0021158854166666665,0.005107421875,0.17197857481060605,9,1,8.349619598636593,1.0735936579012795,0,14.924428416574555,-49.52430382492388,34.45703125
videos__rec_20251130_124123__f013460.jpg,rec_20251130_124123.avi,81.1,0,0,,11801.829358679184,133.02547526041667,55.98964941751755,0.006832682291666667,0.008701171875,0.10512843276515152,9,1,8.995845818493251,1.0454803967430712,0,-6.651579043462497,2.983113999460958,36.46321487426758
videos__rec_20251130_030636__f013480.jpg,rec_20251130_030636.avi,69.7,0,0,,7640.891777319335,134.35484375,50.16014954961926,0.00234375,0.00626953125,0.17703894412878787,9,1,12.697786739277944,1.0655632439549623,0,11.479501201949812,-48.66867617531005,26.53483009338379
videos__rec_20251130_124123__f013480.jpg,rec_20251130_124123.avi,79.6,0,0,,11512.489326284947,134.55804036458332,55.84432087764009,0.006305338541666667,0.008297526041666666,0.08222360321969698,9,1,6.925159266927096,1.0720880497595313,0,1.1326008259527036,10.517007905680131,41.92805862426758
videos__rec_20251130_030636__f013500.jpg,rec_20251130_030636.avi,80.1,0,0,,8251.269833983515,133.40623697916666,50.543910018975986,0.002314453125,0.007027994791666666,0.17573686079545456,9,1,1.4675226788339444,1.079794523248261,0,11.919165588008182,-48.53440036253948,5.640299320220947
videos__rec_20251130_124123__f013500.jpg,rec_20251130_124123.avi,82.9,0,0,,12235.393142751058,135.073271484375,56.211312845693726,0.006158854166666667,0.009371744791666666,0.08385120738636363,9,1,6.092283254806773,1.1787486850732176,0,1.326909448047105,16.164019645100787,35.17155075073242
videos__rec_20251130_030636__f013520.jpg,rec_20251130_030636.avi,79.7,0,0,,8303.780303956732,133.245361328125,50.62867504953873,0.0023470052083333333,0.007288411458333333,0.17683179450757575,9,1,2.2147118404386674,1.0979445007754516,0,11.786135176491879,-48.902343481872904,3.0006511211395264
videos__rec_20251130_124123__f013520.jpg,rec_20251130_124123.avi,82.3,0,0,,11909.505624109523,135.14607747395834,56.237050586221415,0.006396484375,0.008225911458333334,0.07769590435606061,9,1,6.200503248755467,1.477314748246458,0,-1.7753148753759656,11.016432604883075,42.05989456176758
videos__rec_20251130_030636__f013540.jpg,rec_20251130_030636.avi,68.6,0,0,,7252.707964443366,132.86315755208332,50.11274266361249,0.00205078125,0.006481119791666667,0.1729403409090909,9,1,12.824112763712662,1.0932825590329316,0,8.425193798894792,-48.67447123700968,4.873697757720947
videos__rec_20251130_124123__f013540.jpg,rec_20251130_124123.avi,72.8,0,0,,12166.806465972857,135.2605859375,55.64295109380442,0.006276041666666667,0.00736328125,0.054302793560606064,9,1,16.331079110983808,1.422666138797045,0,-0.23678838923250567,16.88229289483896,42.46028518676758
videos__rec_20251130_030636__f013560.jpg,rec_20251130_030636.avi,74.1,0,0,,8431.489079630363,131.93062825520835,50.79823948550431,0.0021549479166666666,0.008069661458333334,0.17801550662878787,9,1,10.251924357556334,1.0876021278580041,0,11.894129828523525,-48.53773827978765,3.3912761211395264
videos__rec_20251130_124123__f013560.jpg,rec_20251130_124123.avi,81.3,0,0,,12078.328211948605,136.18301432291668,55.37009109192834,0.005983072916666667,0.007486979166666667,0.049627130681818184,9,1,3.742523531989548,1.3686172701370913,0,6.192395868488773,15.624880833678995,42.05826950073242
videos__rec_20251130_030636__f013580.jpg,rec_20251130_030636.avi,80.2,0,0,,8281.04423175388,132.868251953125,50.707660292839584,0.0023014322916666665,0.007535807291666667,0.17909564393939395,9,1,1.4675226788339444,1.078441874728063,0,11.919165588008182,-48.53440036253948,2.57421875
videos__rec_20251130_124123__f013580.jpg,rec_20251130_124123.avi,84.9,0,0,,11813.049206979278,136.381279296875,55.44978443778418,0.006337890625,0.007945963541666667,0.05560487689393939,9,1,0.8771080154583615,1.8593538323780232,0,-9.523949410040789,6.3252860350704765,36.0625
videos__rec_20251130_030636__f013600.jpg,rec_20251130_030636.avi,73.0,0,0,,7385.605503982026,132.814716796875,50.212398895262226,0.00208984375,0.006637369791666667,0.17622514204545456,9,1,7.514650089535223,1.1166476926242312,0,10.643562767798079,-48.658217581115764,10.369791984558105
videos__rec_20251130_124123__f013600.jpg,rec_20251130_124123.avi,66.0,0,0,,12099.979882541233,137.05455403645834,55.52916043506089,0.006848958333333334,0.008069661458333334,0.06452710700757576,9,1,25.151086430455223,1.1227678839860962,0,-9.56074771565123,0.8886597451653522,38.939453125
videos__rec_20251130_030636__f013620.jpg,rec_20251130_030636.avi,76.5,0,0,,7353.069520872963,133.8724609375,49.95219110857855,0.0018033854166666667,0.005901692708333333,0.16674064867424243,9,1,2.7722937559621244,1.113871499256206,0,17.90770149373822,-47.85681690880057,41.22493362426758
videos__rec_20251130_124123__f013620.jpg,rec_20251130_124123.avi,74.2,0,0,,12772.54265153499,137.1899609375,55.526258821826566,0.006126302083333333,0.008167317708333333,0.07389322916666667,9,1,17.83393589563218,1.3214040406369503,0,-3.589249958547207,8.907702603897008,33.505859375
videos__rec_20251130_030636__f013640.jpg,rec_20251130_030636.avi,67.8,0,0,,6598.610582965047,134.32204427083335,49.82297763068385,0.0017805989583333333,0.005068359375,0.11752781723484848,9,1,8.497593144536836,1.0457708770503076,0,14.146616487623929,-51.60178857912469,45.40201950073242
videos__rec_20251130_124123__f013640.jpg,rec_20251130_124123.avi,72.3,0,0,,12210.929949305173,137.64221028645832,55.2815790237528,0.006500651041666666,0.008134765625,0.07859848484848485,9,1,19.83885822379318,1.3262034514274659,0,7.22173206322756,2.4384590431086117,42.48176956176758
videos__rec_20251130_030636__f013660.jpg,rec_20251130_030636.avi,72.1,0,0,,6710.102417688964,134.314677734375,49.62176139391816,0.0019303385416666666,0.004879557291666667,0.1211233428030303,9,1,3.570258530695469,1.1344711107524095,0,-5.7671709147511825,-57.142234082017865,38.77376174926758
videos__rec_20251130_124123__f013660.jpg,rec_20251130_124123.avi,71.5,0,0,,12749.217973134317,137.72971354166665,55.303811334256395,0.006276041666666667,0.007893880208333334,0.04625355113636364,9,1,22.957093220563593,3.0,0,9.58237952611439,3.333520095487952,39.89030075073242
videos__rec_20251130_030636__f013680.jpg,rec_20251130_030636.avi,66.2,0,0,,7583.267901496623,133.581103515625,49.769162560881206,0.002021484375,0.005361328125,0.0824899384469697,9,1,7.944948153396567,1.0352588170903048,0,10.511315940087938,-68.13770106419813,45.32942581176758
videos__rec_20251130_124123__f013680.jpg,rec_20251130_124123.avi,74.9,0,0,,13425.908552866575,135.61149739583334,55.5161569420288,0.005296223958333333,0.010348307291666666,0.027225378787878788,9,1,15.985816469395786,3.0,0,9.462391133028548,12.8224576903202,39.5693359375
videos__rec_20251130_030636__f013700.jpg,rec_20251130_030636.avi,65.9,0,0,ambiguous_row,6853.844039346948,132.66703125,48.94999744944944,0.001962890625,0.005706380208333334,0.08741714015151515,9,1,6.643612756615653,1.0254971272424624,0,-29.853708610040076,-7.432897469062638,39.8466796875
videos__rec_20251130_124123__f013700.jpg,rec_20251130_124123.avi,81.5,0,0,,11980.028916836538,134.80710286458333,54.48553531832384,0.004794921875,0.008821614583333333,0.027417732007575756,9,1,5.011278308496003,2.6042752703773067,0,11.99705551506272,31.90374408093547,40.060546875
videos__rec_20251130_030636__f013720.jpg,rec_20251130_030636.avi,69.6,0,0,,6890.745067198182,132.39452473958335,49.1942913563431,0.0020865885416666667,0.00580078125,0.08584872159090909,9,1,1.7715052204896686,1.077727285979095,0,9.085746217188303,-84.81623164384482,34.16829299926758
videos__rec_20251130_124123__f013720.jpg,rec_20251130_124123.avi,68.7,0,0,,11961.474334145345,135.05053059895835,54.531919964052804,0.005237630208333333,0.008356119791666667,0.029518821022727272,9,1,17.18621966069196,1.3734198708912633,0,32.24647432143017,36.28270689821477,40.529296875
videos__rec_20251130_030636__f013740.jpg,rec_20251130_030636.avi,70.8,0,0,,7642.985580156073,132.46701497395833,49.509378312541024,0.0022298177083333332,0.006136067708333333,0.08777225378787878,9,1,2.8208117749881723,1.0609196773120795,0,-2.0179392293232845,-85.02450579276012,20.33203125
videos__rec_20251130_124123__f013740.jpg,rec_20251130_124123.avi,71.2,0,0,,11827.228945159908,135.61750651041666,54.488897660548034,0.004664713541666666,0.008092447916666667,0.021632339015151516,9,1,11.522118948403488,1.1883116577990485,0,27.8405774961332,29.19261722309443,41.80989456176758
videos__rec_20251130_030636__f013760.jpg,rec_20251130_030636.avi,70.2,0,0,,7045.763285996501,133.25927083333335,49.161282773616506,0.002490234375,0.005520833333333333,0.0849313446969697,9,1,0.726459457996441,1.0626311357322162,0,-2.9182963264245543,-84.24813786457158,26.74739646911621
videos__rec_20251130_124123__f013760.jpg,rec_20251130_124123.avi,60.8,0,0,,13567.637708310911,135.776416015625,55.513961273445794,0.006302083333333333,0.009739583333333333,0.021410392992424244,9,1,28.071793940445616,1.1850952272525552,0,34.267843101297004,31.372165332930756,33.990234375
videos__rec_20251130_030636__f013780.jpg,rec_20251130_030636.avi,70.9,0,0,,7202.689055765693,133.66029622395834,49.25629422993997,0.002395833333333333,0.005465494791666667,0.08703243371212122,9,1,0.7035141602289485,1.0639225409478978,0,-2.456494518753713,-84.50144038312486,25.34765625
videos__rec_20251130_124123__f013780.jpg,rec_20251130_124123.avi,76.6,0,0,extreme_heading,11086.966328706698,135.96953450520834,54.21495021127401,0.005009765625,0.006910807291666667,0.018628669507575756,9,1,5.782886658725943,2.262344099753168,0,39.74061293975143,22.217657395082213,37.55241012573242
videos__rec_20251130_030636__f013800.jpg,rec_20251130_030636.avi,65.0,0,0,,8906.11422094039,134.30065104166667,50.15533351543876,0.0028548177083333333,0.0064908854166666665,0.08750591856060606,9,1,15.584238175179848,1.0637064577501811,0,22.932680691403263,-77.57077719469446,12.496418952941895
videos__rec_20251130_124123__f013800.jpg,rec_20251130_124123.avi,54.0,0,0,extreme_heading,11736.977224454708,137.131533203125,54.5033221266796,0.004664713541666666,0.0076302083333333335,0.02217980587121212,9,1,33.628176895590286,1.0733573282158797,0,48.86621324864178,37.82605872498614,40.0732421875
videos__rec_20251130_030636__f013820.jpg,rec_20251130_030636.avi,74.2,0,0,,8427.17313245467,134.312138671875,49.93021028923917,0.0027701822916666665,0.006129557291666666,0.08723958333333333,9,1,1.4035933591630538,1.09038481345186,0,-4.778851246729665,-85.10750077133245,4.8896484375
videos__rec_20251130_124123__f013820.jpg,rec_20251130_124123.avi,64.2,0,0,extreme_heading,12389.269549810948,136.598544921875,55.26660880961523,0.005706380208333334,0.008798828125,0.02274206912878788,9,1,23.605941343996733,1.2587618733299064,0,45.54369580269194,32.89560199732165,36.48014450073242
videos__rec_20251130_030636__f013840.jpg,rec_20251130_030636.avi,68.9,0,0,,6731.430506618406,134.406044921875,49.01520717514576,0.001966145833333333,0.004427083333333333,0.08494614109848485,9,1,2.371517141905727,1.0358398269821425,0,2.5998819301672027,-83.91208664441706,38.78548049926758
videos__rec_20251130_124123__f013840.jpg,rec_20251130_124123.avi,69.1,0,0,extreme_heading,14813.476540981546,136.49912434895833,56.35431784573597,0.006780598958333333,0.010777994791666667,0.02274206912878788,9,1,17.001658602719203,1.0970827797735085,0,49.02379144611691,38.26357345636236,14.305989265441895
videos__rec_20251130_030636__f013860.jpg,rec_20251130_030636.avi,68.3,0,0,,7574.940520829093,133.49530924479166,50.22261067017589,0.0022916666666666667,0.005341796875,0.10276100852272728,9,1,8.003529636439112,1.0423248486157564,0,20.59462115300789,-69.54779909406064,42.20866012573242
videos__rec_20251130_124123__f013860.jpg,rec_20251130_124123.avi,65.1,0,0,extreme_heading,15076.1158257707,136.22546223958332,56.509676129010025,0.00662109375,0.011204427083333333,0.02371863162878788,9,1,22.58298277487387,1.1256853676481549,0,42.78049656323178,31.727093847025234,2.58203125
videos__rec_20251130_030636__f013880.jpg,rec_20251130_030636.avi,67.1,0,0,ambiguous_row,6736.218176377516,133.61630208333332,50.0746060177794,0.0022005208333333334,0.004866536458333333,0.12886186079545456,9,1,10.807896338676805,1.0063728705162274,0,14.31237486254515,-70.55142052257501,41.27897262573242
videos__rec_20251130_124123__f013880.jpg,rec_20251130_124123.avi,56.6,0,0,extreme_heading,14348.858119788956,136.05832356770833,56.2938783727117,0.00650390625,0.010934244791666667,0.023777817234848484,9,1,33.78053977992499,1.1049950502056018,0,47.64028088099652,34.24367683876543,5.064453125
videos__rec_20251130_030636__f013900.jpg,rec_20251130_030636.avi,67.7,0,0,ambiguous_row,6819.043110227415,133.626044921875,50.292652186773296,0.002255859375,0.005784505208333333,0.16255326704545456,9,1,12.931083418028095,1.0210702159060687,0,10.266522448091196,-69.74922134448735,40.13216018676758
videos__rec_20251130_124123__f013900.jpg,rec_20251130_124123.avi,64.0,0,0,extreme_heading,11632.85613550822,135.20625651041667,54.92611962542118,0.004632161458333333,0.008782552083333334,0.025272253787878788,9,1,20.758696653538664,1.133890188084367,0,38.149574875668975,32.78684313053979,25.22265625
videos__rec_20251130_030636__f013920.jpg,rec_20251130_030636.avi,74.8,0,0,,7432.023129052054,133.92065104166667,50.44963640223596,0.0023209635416666665,0.006471354166666667,0.19093276515151514,9,1,4.9680543260967625,1.0325411399523754,0,21.04392405243905,2.118283867372881,42.158203125
videos__rec_20251130_124123__f013920.jpg,rec_20251130_124123.avi,56.9,0,0,extreme_heading,11380.445284874428,124.13159505208333,64.74207138903009,0.005071614583333333,0.0744140625,0.02364464962121212,9,1,30.523214610000537,1.434193387910153,0,42.352585764704436,12.956103450807783,44.31282424926758
videos__rec_20251130_030636__f013940.jpg,rec_20251130_030636.avi,72.7,0,0,,6598.40412953271,133.16051432291667,49.76786415811384,0.0022591145833333335,0.005651041666666667,0.16471354166666666,9,1,6.244195786944601,1.0475032882821271,0,20.911506265306834,12.993470541433929,39.81477737426758
videos__rec_20251130_124123__f013940.jpg,rec_20251130_124123.avi,76.1,0,0,,10976.852490041087,129.711552734375,60.80501766981074,0.005657552083333333,0.022786458333333332,0.0234375,9,1,3.0566808474587788,1.2801608814557954,0,4.106554856741099,1.1815648007360835,46.12239456176758
videos__rec_20251130_030636__f013960.jpg,rec_20251130_030636.avi,71.4,0,0,ambiguous_row,6530.260003522238,132.73228515625,49.7160057315333,0.002428385416666667,0.0054329427083333335,0.13415897253787878,9,1,5.6568646348454195,1.020654479194034,0,17.177698818566146,10.640761833069021,39.5546875
videos__rec_20251130_124123__f013960.jpg,rec_20251130_124123.avi,74.3,0,0,,10725.381549118792,130.22435546875,59.25594557931417,0.00509765625,0.025328776041666667,0.02685546875,9,1,4.135144936372285,1.0929017115756963,0,1.4832056104106264,4.152392791534094,45.501953125
videos__rec_20251130_030636__f013980.jpg,rec_20251130_030636.avi,59.9,0,0,extreme_heading,7288.319757180275,132.825869140625,50.58643953959174,0.002451171875,0.0062044270833333335,0.11075106534090909,9,1,19.15637634414219,1.0470882527715157,0,45.85342323218511,10.14917510580661,39.83463668823242
videos__rec_20251130_124123__f013980.jpg,rec_20251130_124123.avi,62.7,0,0,extreme_heading,11623.288915965171,130.71662760416666,60.315782830189754,0.0055533854166666665,0.03269205729166667,0.03147194602272727,9,1,23.280202559942893,1.036753258317396,0,43.40595281805708,49.43227649872398,36.119140625
videos__rec_20251130_030636__f014000.jpg,rec_20251130_030636.avi,73.3,0,0,,6438.801025592548,133.04637044270834,50.46899582154541,0.0022884114583333333,0.0054329427083333335,0.13310842803030304,9,1,3.4445556774764867,1.057128635846199,0,8.931935742477652,-88.11263006748989,41.10514450073242
videos__rec_20251130_124123__f014000.jpg,rec_20251130_124123.avi,61.4,0,0,,9812.374351775605,128.68724283854166,64.48319774702487,0.005455729166666667,0.07149739583333334,0.03562973484848485,9,1,18.59315799804915,1.125959855273101,0,23.299552717266767,0.6393107212711868,45.44108200073242
videos__rec_20251130_030636__f014020.jpg,rec_20251130_030636.avi,69.6,0,0,ambiguous_row,6354.3015848893465,132.614453125,50.73610922595886,0.002376302083333333,0.005296223958333333,0.16585286458333334,9,1,10.502182666540932,1.0196493834282645,0,-6.227833933779076,-82.32374101462602,34.84212112426758
videos__rec_20251130_124123__f014020.jpg,rec_20251130_124123.avi,74.0,0,0,,10311.024160004921,132.80694986979168,61.58908642717218,0.005875651041666667,0.035930989583333336,0.04298354640151515,9,1,5.958409273831819,1.3503315530203563,0,4.937866770902394,8.219420441277823,39.4599609375
videos__rec_20251130_030636__f014040.jpg,rec_20251130_030636.avi,76.8,0,0,ambiguous_row,7029.757573481403,132.27853841145833,51.44618823772938,0.0024251302083333334,0.006432291666666667,0.20481178977272727,9,1,1.060255232959321,1.0290410898383275,0,-1.815663515065858,-0.14055240707451233,36.5009765625
videos__rec_20251130_124123__f014040.jpg,rec_20251130_124123.avi,79.3,0,0,,11432.821091845026,137.08197916666666,59.16272496690787,0.005953776041666667,0.026022135416666668,0.044611150568181816,9,1,2.28361084552472,1.0570599942773447,0,2.600157050219399,7.3074432756544825,36.95703125
videos__rec_20251130_030636__f014060.jpg,rec_20251130_030636.avi,74.0,0,0,,6316.909347841379,133.03102864583335,50.94976163241807,0.002109375,0.005602213541666666,0.22450580018939395,9,1,5.114784572569647,1.1133078995681764,0,-5.337650253187227,-4.535714122634342,41.27116012573242
videos__rec_20251130_124123__f014060.jpg,rec_20251130_124123.avi,79.1,0,0,,11185.91368643375,138.40591145833332,54.09986065959869,0.004762369791666667,0.006614583333333333,0.03724254261363636,9,1,0.7025227416628468,1.2255896883813315,0,-3.241505299550224,9.278853171805768,37.6591796875
videos__rec_20251130_030636__f014080.jpg,rec_20251130_030636.avi,75.9,0,0,ambiguous_row,6287.287653548675,133.78764973958334,50.73132178675699,0.002041015625,0.005104166666666667,0.20815577651515152,9,1,2.10392329062023,1.0296278299853856,0,0.5045585943846717,-5.11860615262913,42.1708984375
videos__rec_20251130_124123__f014080.jpg,rec_20251130_124123.avi,67.4,0,0,,11202.82177879486,137.34487630208332,53.55650101735248,0.004225260416666667,0.0075032552083333336,0.030835700757575756,9,1,14.747191978250783,1.0908251803230944,0,-22.351504024340688,8.14005580070086,36.52278518676758
videos__rec_20251130_030636__f014100.jpg,rec_20251130_030636.avi,74.7,0,0,,6874.352069507589,133.44657552083333,50.91839420564317,0.002236328125,0.005641276041666666,0.18239524147727273,9,1,4.246146902563055,1.1304381046366108,0,-0.16236923732672884,-2.5289073079983915,40.56315231323242
videos__rec_20251130_124123__f014100.jpg,rec_20251130_124123.avi,78.0,0,0,,11534.815237718203,137.405478515625,53.64066154418051,0.0034733072916666666,0.007666015625,0.04092684659090909,9,1,4.148476301611481,1.2797154573791325,0,-25.504618400999085,13.934338975070288,36.4287109375
videos__rec_20251130_030636__f014120.jpg,rec_20251130_030636.avi,64.5,0,0,ambiguous_row,6272.24320909017,132.49207356770833,50.59890822927495,0.0020638020833333333,0.005042317708333333,0.1328125,9,1,14.960808824116384,1.0187387820319171,0,0.8977042721703608,-14.336690184890646,40.34407424926758
videos__rec_20251130_124123__f014120.jpg,rec_20251130_124123.avi,78.4,0,0,,10668.250366215985,137.58087239583332,53.38326002166792,0.0034700520833333332,0.006923828125,0.05223129734848485,9,1,1.0156552912125676,1.1255156788420333,0,-0.8708846638034774,15.248179467731122,38.23209762573242
videos__rec_20251130_030636__f014140.jpg,rec_20251130_030636.avi,73.7,0,0,ambiguous_row,6401.324203233074,132.59199544270834,50.76505133039958,0.002242838541666667,0.00517578125,0.12687914299242425,9,1,1.9069639419556097,1.018983073826309,0,21.16118605206901,-64.14888877808434,38.1533203125
videos__rec_20251130_124123__f014140.jpg,rec_20251130_124123.avi,68.6,0,0,ambiguous_row,10837.513618521276,138.18573893229166,53.26503275076113,0.003942057291666667,0.006666666666666667,0.05146188446969697,9,1,14.112064255316739,1.0283148116383398,0,21.191598042811552,25.967434815792068,35.67350387573242
videos__rec_20251130_030636__f014160.jpg,rec_20251130_030636.avi,75.1,0,0,,7215.269498941673,132.56118489583332,51.563349297573005,0.0023209635416666665,0.005970052083333333,0.14766808712121213,9,1,3.946078346794337,1.0815741274486883,0,15.656718811894699,-61.93831963984855,36.28287887573242
videos__rec_20251130_124123__f014160.jpg,rec_20251130_124123.avi,65.2,0,0,,11448.588107731874,137.57029296875,53.56567328496357,0.0036002604166666665,0.007470703125,0.05628551136363636,9,1,22.060232947419195,1.0994918343974573,0,-6.10369548552448,4.875604777974019,37.5849609375
videos__rec_20251130_030636__f014180.jpg,rec_20251130_030636.avi,74.6,0,0,,6491.612301907336,133.5069140625,51.185070954860194,0.0022721354166666667,0.005358072916666666,0.15949041193181818,9,1,4.185203718905655,1.0620873344906543,0,14.62757835593338,-58.310888074051924,38.30338668823242
videos__rec_20251130_124123__f014180.jpg,rec_20251130_124123.avi,59.0,0,0,,10753.569703599707,138.01742838541668,53.10939895582794,0.003938802083333333,0.006236979166666667,0.06531131628787878,9,1,28.74108928361744,1.0978958854109966,0,13.122021201205355,7.342292295562576,38.0771484375
videos__rec_20251130_030636__f014200.jpg,rec_20251130_030636.avi,74.2,0,0,ambiguous_row,8231.931774983555,133.33899088541668,52.22089862448132,0.0027701822916666665,0.007190755208333333,0.16333747632575757,9,1,9.318421139516971,1.0149327940382507,0,19.572797739479817,-56.83365495529296,10.646484375
videos__rec_20251130_124123__f014200.jpg,rec_20251130_124123.avi,65.8,0,0,,11098.873871565409,137.37366536458333,53.66997813098798,0.004361979166666667,0.0073828125,0.07885002367424243,9,1,22.719676245592268,1.0461852274419186,0,-22.53924601081396,2.4687939718318574,39.1181640625
videos__rec_20251130_030636__f014220.jpg,rec_20251130_030636.avi,74.6,0,0,,8495.84298022626,133.17039713541666,52.37674185372812,0.002916666666666667,0.007776692708333333,0.16370738636363635,9,1,10.270748324071917,1.0995550320084742,0,19.766355244031853,-58.171208678569606,2.125
videos__rec_20251130_124123__f014220.jpg,rec_20251130_124123.avi,72.1,0,0,,11976.02251944919,136.953955078125,53.811996032246796,0.004111328125,0.007923177083333333,0.07957504734848485,9,1,17.917794668433203,1.0681249285446563,0,-27.804000159526367,2.4193724206923406,35.00227737426758
videos__rec_20251130_030636__f014240.jpg,rec_20251130_030636.avi,77.1,0,0,ambiguous_row,7750.015645847056,133.11384765625,52.03836682722181,0.0025618489583333335,0.006663411458333333,0.1625680634469697,9,1,3.65070206559335,1.0287012700595184,0,16.447498885161846,-58.14898797638766,3.7555339336395264
videos__rec_20251130_124123__f014240.jpg,rec_20251130_124123.avi,70.5,0,0,extreme_heading,11768.83367474327,137.570517578125,53.46523976574571,0.00478515625,0.007076822916666667,0.06504498106060606,9,1,18.190420815830862,1.2987251614559625,0,-35.229145982944644,0.025077884361763836,37.7998046875
videos__rec_20251130_030636__f014260.jpg,rec_20251130_030636.avi,79.5,0,0,,8471.399792314995,132.90393229166668,52.43596792215163,0.002822265625,0.007802734375,0.15981593276515152,9,1,3.2739557363490235,1.0316310747540656,0,16.213742023834197,-57.737227261452354,2.5143229961395264
videos__rec_20251130_124123__f014260.jpg,rec_20251130_124123.avi,74.4,0,0,extreme_heading,11893.775862116487,138.32208333333332,52.56387600342533,0.004765625,0.006012369791666666,0.05775035511363636,9,1,13.444970449817617,1.5600587190932333,0,-37.74565324575128,-13.736510029929788,41.94889450073242
videos__rec_20251130_030636__f014280.jpg,rec_20251130_030636.avi,74.2,0,1,ambiguous_row,8457.892008724595,132.99167643229165,52.4447474542106,0.0027864583333333335,0.007783203125,0.15997869318181818,9,1,10.359635359507195,1.0236700244010906,0,18.822514980271077,-56.98526202765205,1.9248046875
videos__rec_20251130_124123__f014280.jpg,rec_20251130_124123.avi,80.0,0,0,,12564.109771025933,137.45978841145833,53.74992736387555,0.005094401041666667,0.0075032552083333336,0.06912878787878787,9,1,8.087875582593597,1.1081082999255594,0,-34.202020441726,-13.524628414943649,38.59244918823242
videos__rec_20251130_030636__f014300.jpg,rec_20251130_030636.avi,79.4,0,1,ambiguous_row,8503.37217470931,133.01953776041665,52.468191155400696,0.002783203125,0.0077506510416666665,0.16163589015151514,9,1,3.5102947633474457,1.0236079080514866,0,17.935991400430815,-58.0878980272113,1.8522135019302368
videos__rec_20251130_124123__f014300.jpg,rec_20251130_124123.avi,79.7,0,0,,11653.768378773328,137.33075520833333,53.294759120293214,0.005182291666666667,0.006396484375,0.08818655303030302,9,1,12.161298972313546,2.1073984586333956,0,-12.522535364980197,-14.015683766372716,40.07942581176758
videos__rec_20251130_030636__f014320.jpg,rec_20251130_030636.avi,74.9,0,1,,8493.93561621847,133.29277994791667,52.46702209489561,0.0028971354166666668,0.007623697916666667,0.1629971590909091,9,1,9.659934857255763,1.0584842880035508,0,18.784517854768573,-58.171605927140135,1.8776041269302368
videos__rec_20251130_124123__f014320.jpg,rec_20251130_124123.avi,77.8,0,0,ambiguous_row,11393.870402570841,137.67388346354167,53.12391829986461,0.004925130208333333,0.006236979166666667,0.09980172821969698,9,1,10.360310248451526,1.012462562759005,0,-18.923019707804524,-12.462589452293091,38.6806640625
videos__rec_20251130_030636__f014340.jpg,rec_20251130_030636.avi,74.0,0,1,ambiguous_row,8523.037338809705,133.455322265625,52.55727483436174,0.0028743489583333334,0.007659505208333334,0.16352982954545456,9,1,10.86019097002304,1.0212953739228317,0,19.31198431883301,-57.05508958085911,1.9606119394302368
videos__rec_20251130_124123__f014340.jpg,rec_20251130_124123.avi,80.7,0,0,,12267.503843906657,137.65232747395834,53.96580990579678,0.0049609375,0.0071842447916666665,0.11737985321969698,9,1,12.797209912329606,1.1088225393373137,0,-4.613676889406785,-4.896373884986183,36.57975387573242
videos__rec_20251130_030636__f014360.jpg,rec_20251130_030636.avi,80.3,0,1,,8567.098976914882,133.56713541666667,52.59766292507281,0.0028548177083333333,0.007643229166666667,0.16435842803030304,9,1,2.716649122849873,1.0325852559846138,0,14.024434612868479,-58.43402906547372,1.9085286855697632
videos__rec_20251130_124123__f014360.jpg,rec_20251130_124123.avi,84.0,0,0,,11120.876513629823,138.01111328125,53.102032353165605,0.004934895833333334,0.0059244791666666664,0.10903468276515152,9,1,3.4252432267742847,1.2791883036655483,0,-4.98791020075026,7.496933806173445,39.05989456176758
videos__rec_20251130_030636__f014380.jpg,rec_20251130_030636.avi,74.2,0,1,,8543.920571826131,133.57395833333334,52.604585549074805,0.0029524739583333334,0.007483723958333333,0.16339666193181818,9,1,10.738531858300064,1.030588816600116,0,22.203147202920082,-56.49094476780565,1.8948568105697632
videos__rec_20251130_124123__f014380.jpg,rec_20251130_124123.avi,71.9,0,0,,11500.247015664165,138.07331380208333,53.63533192603166,0.005263671875,0.0067740885416666665,0.12625769412878787,9,1,22.90647934204611,1.1641589370469672,0,-17.03552673226874,9.287030150707132,39.15755081176758
videos__rec_20251130_030636__f014400.jpg,rec_20251130_030636.avi,74.8,0,1,,8542.491443955994,133.47528971354166,52.586205403857996,0.0029296875,0.007649739583333333,0.16249408143939395,9,1,9.875038075734125,1.0351099426178039,0,19.809245926424556,-57.85562746664268,1.9140625
videos__rec_20251130_124123__f014400.jpg,rec_20251130_124123.avi,67.0,0,0,,12333.564835595023,137.84843424479166,53.72026357508922,0.004710286458333333,0.007158203125,0.11863754734848485,9,1,31.910910663821653,1.1874513366890602,0,-22.249130310524926,14.26087421642487,38.3681640625
videos__rec_20251130_030636__f014420.jpg,rec_20251130_030636.avi,80.5,0,1,ambiguous_row,8585.473563064194,133.555009765625,52.63696012862004,0.0028483072916666665,0.007555338541666666,0.16095525568181818,9,1,2.492208361031146,1.0209938957866276,0,18.75270717184876,-57.416220372664185,1.8564453125
videos__rec_20251130_124123__f014420.jpg,rec_20251130_124123.avi,69.5,0,0,,11662.259957201544,138.12237955729168,53.243090017128814,0.0052669270833333335,0.0061328125,0.09067234848484848,9,1,22.5327871764203,1.2929061206455275,0,-27.20590795579955,3.6165484751484733,40.97883987426758
videos__rec_20251130_030636__f014440.jpg,rec_20251130_030636.avi,74.8,0,1,,8611.292099682447,133.70197265625,52.706930370962226,0.0029524739583333334,0.007565104166666667,0.16037819602272727,9,1,10.214586114059927,1.0445761439795562,0,19.979723186080136,-57.92388204442085,1.9505208730697632
videos__rec_20251130_124123__f014440.jpg,rec_20251130_124123.avi,75.7,0,0,,11660.78818480424,137.82082356770835,53.25992989231431,0.0052669270833333335,0.006044921875,0.08734315814393939,9,1,14.09638080832508,1.3828283298107553,0,-17.598049904941767,4.774416404592934,37.05598831176758
videos__rec_20251130_030636__f014460.jpg,rec_20251130_030636.avi,77.0,0,1,ambiguous_row,8608.84496841938,133.76123372395833,52.760276007517085,0.0030891927083333335,0.0075032552083333336,0.1607037168560606,9,1,7.269930167009079,1.0269739175817472,0,20.4345089921334,-56.864062625746655,1.9339193105697632
videos__rec_20251130_124123__f014460.jpg,rec_20251130_124123.avi,82.4,0,0,,11339.2083884429,137.27656901041667,53.63077906116484,0.004759114583333333,0.006676432291666667,0.10107421875,9,1,5.550638745266099,1.284367452629127,0,0.021144330300102824,7.660709735778274,40.9853515625
videos__rec_20251130_030636__f014480.jpg,rec_20251130_030636.avi,74.8,0,1,ambiguous_row,8662.488272399734,133.70326497395834,52.80931670402671,0.0030826822916666667,0.0075032552083333336,0.16175426136363635,9,1,10.335386365078108,1.0207041146440645,0,18.29165677061416,-58.14420981806744,1.8505859375
videos__rec_20251130_124123__f014480.jpg,rec_20251130_124123.avi,61.3,0,0,,11519.025352900822,137.21904296875,53.60029984874858,0.005218098958333334,0.006575520833333333,0.10008285984848485,9,1,33.07428395407271,1.0516661606112971,0,-32.183215113193214,-8.28003222484293,42.181640625
videos__rec_20251130_030636__f014500.jpg,rec_20251130_030636.avi,80.4,0,1,ambiguous_row,8651.213063853704,133.72297526041666,52.824484729916286,0.002955729166666667,0.007477213541666666,0.16097005208333334,9,1,2.894609228150614,1.0210409977243717,0,15.734888514984323,-57.277533860031994,1.8844400644302368
videos__rec_20251130_124123__f014500.jpg,rec_20251130_124123.avi,83.1,0,0,,10626.03310635372,136.98522135416667,53.737140931071075,0.0052734375,0.00619140625,0.1313180634469697,9,1,4.8691258502622645,1.0745698071782737,0,9.758045629690223,19.547751677271563,44.59993362426758
videos__rec_20251130_030636__f014520.jpg,rec_20251130_030636.avi,75.3,0,1,,8636.879694139949,133.80196614583335,52.822654423580616,0.0029850260416666666,0.007574869791666667,0.16258285984848486,9,1,9.679637460956371,1.0301830791578477,0,20.277531584260053,-57.83036083677899,1.9189453125
videos__rec_20251130_124123__f014520.jpg,rec_20251130_124123.avi,83.3,0,0,,11332.772677097057,137.93398111979167,53.61465093145947,0.005068359375,0.006279296875,0.1230764678030303,9,1,6.242871966692576,1.0618832139431587,0,18.978319679562098,27.219320442125454,38.92512893676758
videos__rec_20251130_030636__f014540.jpg,rec_20251130_030636.avi,75.8,0,1,ambiguous_row,8674.09401661978,133.87881510416668,52.86437456430548,0.00314453125,0.007457682291666667,0.16342625473484848,9,1,9.16148274209965,1.022638786365081,0,18.80088350648483,-57.77966903520289,1.8313802480697632
videos__rec_20251130_124123__f014540.jpg,rec_20251130_124123.avi,76.9,0,0,,11029.970551850001,138.33331380208332,52.919800288610546,0.005182291666666667,0.005768229166666666,0.10236150568181818,9,1,10.631262470548336,1.0671424573757753,0,-8.554407953681196,16.63009480752283,38.38834762573242
videos__rec_20251130_030636__f014560.jpg,rec_20251130_030636.avi,74.6,0,1,,8704.519494085313,134.22758463541666,52.91251177035831,0.0030859375,0.007509765625,0.16048177083333334,9,1,10.863114904187029,1.031362102623864,0,18.084458916985497,-58.07591416314612,1.8802083730697632
videos__rec_20251130_124123__f014560.jpg,rec_20251130_124123.avi,72.9,0,0,,10728.551159311412,134.641787109375,52.10833117329334,0.004300130208333333,0.006705729166666666,0.08167613636363637,9,1,12.023353119470528,1.1210414904878507,0,-16.635818159097585,10.973547934047758,40.02701950073242
videos__rec_20251130_030636__f014580.jpg,rec_20251130_030636.avi,78.5,0,0,ambiguous_row,8650.78079104207,133.682333984375,52.946609093259134,0.0031022135416666667,0.007760416666666666,0.16255326704545456,9,1,5.366200664275965,1.0136064584527538,0,17.35616595260488,-58.31775187087289,2.0455729961395264
videos__rec_20251130_124123__f014580.jpg,rec_20251130_124123.avi,77.0,0,0,,12833.55343428544,134.53754557291666,53.435115168195225,0.005139973958333334,0.008115234375,0.07930871212121213,9,1,13.471509437226416,1.1062960256303913,0,-6.7883048602150735,10.720731337913296,40.91796875
videos__rec_20251130_030636__f014600.jpg,rec_20251130_030636.avi,75.0,0,1,,8680.317480978638,133.628271484375,52.94378263160805,0.0030891927083333335,0.008040364583333333,0.16049656723484848,9,1,10.37136797750182,1.0647946609082133,0,18.85800415816814,-57.983528318580134,1.8880208730697632
videos__rec_20251130_124123__f014600.jpg,rec_20251130_124123.avi,79.5,0,0,,10793.780985933048,135.17436197916666,51.99615071374087,0.004166666666666667,0.006142578125,0.09071673768939394,9,1,4.8994009213183745,1.157331418421216,0,3.0946964092497278,14.123668780549359,41.2666015625
videos__rec_20251130_030636__f014620.jpg,rec_20251130_030636.avi,75.4,0,0,ambiguous_row,8586.34046586862,133.118232421875,52.83915084091728,0.0029915364583333335,0.008154296875,0.16092566287878787,9,1,9.180369669864177,1.0130808794647914,0,18.881239026158553,-57.775940559248376,2.01953125
videos__rec_20251130_124123__f014620.jpg,rec_20251130_124123.avi,84.0,0,0,,10969.106901398456,134.07711588541667,53.26396368915667,0.005045572916666667,0.008079427083333333,0.11339962121212122,9,1,2.854932860062604,1.1681889323350445,0,6.37484396172035,7.043230222485963,40.77604293823242
videos__rec_20251130_030636__f014640.jpg,rec_20251130_030636.avi,81.1,0,0,ambiguous_row,8300.785957453369,131.47628580729167,52.392788945334814,0.0026432291666666666,0.008277994791666667,0.16273082386363635,9,1,0.5089779313965437,1.0185742955862715,0,17.145996444001906,-57.64985987129527,2.9055988788604736
videos__rec_20251130_124123__f014640.jpg,rec_20251130_124123.avi,88.0,0,0,,11450.132194910848,134.11869791666666,53.735476168782846,0.0045768229166666665,0.009140625,0.12443773674242424,9,1,1.741212521860632,1.3194829142317317,0,8.227374720380947,10.860613066744289,37.64030075073242
videos__rec_20251130_030636__f014660.jpg,rec_20251130_030636.avi,78.4,0,0,ambiguous_row,8275.141400097273,130.47206705729167,52.19194493007561,0.002353515625,0.008570963541666667,0.16338186553030304,9,1,3.8652007415505523,1.0221550792175316,0,18.421426393399653,-57.36494117554558,2.3333332538604736
videos__rec_20251130_124123__f014660.jpg,rec_20251130_124123.avi,88.3,0,0,,11206.25153380924,134.00674153645832,53.55030518747282,0.0045345052083333335,0.008805338541666667,0.14318477746212122,9,1,2.421451278655411,1.2249802916840111,0,6.256717546341421,22.78065058086428,40.5478515625
videos__rec_20251130_030636__f014680.jpg,rec_20251130_030636.avi,80.3,0,0,ambiguous_row,8218.53233395232,129.39208984375,52.278734833724165,0.002109375,0.0091015625,0.1680279356060606,9,1,1.2013100666594312,1.0142635297114442,0,16.726164117454168,-57.24422648392652,2.33203125
videos__rec_20251130_124123__f014680.jpg,rec_20251130_124123.avi,84.4,0,0,,11132.270812085208,134.5765234375,53.07316831455198,0.004029947916666667,0.008167317708333333,0.12958688446969696,9,1,4.7332625003477915,1.0767274154002493,0,7.011855816123734,27.65247296715021,40.7763671875
videos__rec_20251130_030636__f014700.jpg,rec_20251130_030636.avi,77.0,0,0,ambiguous_row,7398.803674969895,129.14826822916666,51.844309969056745,0.0025423177083333335,0.008642578125,0.16919685132575757,9,1,2.2872426769236824,1.0212702994554885,0,18.950466629586952,-57.8935414809817,10.2783203125
videos__rec_20251130_124123__f014700.jpg,rec_20251130_124123.avi,89.8,0,0,,11781.961512823222,135.24186197916666,53.525111587846006,0.00388671875,0.008287760416666666,0.13707386363636365,9,1,2.4152055534249826,1.3513951002377471,0,-7.934428832844246,27.554845864976212,36.6572265625
videos__rec_20251130_030636__f014720.jpg,rec_20251130_030636.avi,73.8,0,0,,5983.212307449299,128.66068684895833,52.21973343425745,0.0026822916666666666,0.009446614583333334,0.1777935606060606,9,1,5.319449289166641,1.0345761060353051,0,19.051064404914452,-57.28364355694646,19.48990821838379
videos__rec_20251130_124123__f014720.jpg,rec_20251130_124123.avi,87.2,0,0,,11442.79318729142,135.57576171875,53.4061695655284,0.004381510416666666,0.007958984375,0.13423295454545456,9,1,2.9046110666363916,1.0580180813596072,0,-5.251160886300792,5.728820754222141,38.29655075073242
videos__rec_20251130_030636__f014740.jpg,rec_20251130_030636.avi,73.1,1,0,bright,5163.035105790033,141.33525716145834,64.6284416528376,0.08878255208333333,0.0077115885416666665,0.14494554924242425,9,1,1.937793619877823,1.044321851660265,0,3.7281601310151093,-58.46711736250747,36.78743362426758
videos__rec_20251130_124123__f014740.jpg,rec_20251130_124123.avi,85.4,0,0,,11137.23861695581,136.41431315104165,53.02840840406283,0.003974609375,0.00623046875,0.12149325284090909,9,1,3.727178856871319,1.3816820844317717,0,-4.084158844673853,12.801978979977696,43.97981643676758
videos__rec_20251130_030636__f014760.jpg,rec_20251130_030636.avi,74.0,0,0,ambiguous_row,7772.614120177843,129.83827473958334,52.00104325768916,0.00205078125,0.009016927083333333,0.17151988636363635,9,1,7.802331579541203,1.0231916370651213,0,22.27197484522692,-57.58275649456177,27.69563865661621
videos__rec_20251130_124123__f014760.jpg,rec_20251130_124123.avi,83.7,0,0,,11695.600784006236,136.41348958333333,53.68780355278849,0.0033984375,0.007721354166666666,0.10623816287878787,9,1,5.009100410386054,1.0721647801271443,0,0.13534462023876112,25.482717956867162,37.65299606323242
videos__rec_20251130_030636__f014780.jpg,rec_20251130_030636.avi,76.3,0,0,ambiguous_row,8335.952867837257,131.95809244791667,52.46692908302249,0.002467447916666667,0.008515625,0.16459517045454544,9,1,6.984488279669819,1.0120530074002383,0,20.157015120243543,-56.759026832774204,3.1806640625
videos__rec_20251130_124123__f014780.jpg,rec_20251130_124123.avi,72.5,0,0,,10856.35904649301,136.81003255208333,53.00859894496661,0.003798828125,0.0059993489583333335,0.06639145359848485,9,1,11.12723745245205,1.0691202437841303,0,5.209519654886769,30.834033798197215,43.1787109375
videos__rec_20251130_030636__f014800.jpg,rec_20251130_030636.avi,79.3,0,0,ambiguous_row,8430.105650955835,131.84743815104167,52.60367172468762,0.00265625,0.008772786458333333,0.16394412878787878,9,1,3.388973869983772,1.0138152444779118,0,18.29412252214558,-57.928432579001246,2.0162761211395264
videos__rec_20251130_124123__f014800.jpg,rec_20251130_124123.avi,72.5,0,0,,10990.097968834674,136.75411783854167,53.05155236162558,0.0035709635416666667,0.0060384114583333336,0.03709457859848485,9,1,7.976754509246689,1.1242467922782333,0,0.42520055606221946,36.72602148617864,38.87434768676758
videos__rec_20251130_030636__f014820.jpg,rec_20251130_030636.avi,75.1,0,0,,8210.010092168586,131.96240234375,52.553023501265635,0.002506510416666667,0.008489583333333333,0.16447679924242425,9,1,8.238006051306826,1.0306917306550722,0,17.620215223351376,-56.979276995105145,2.2138671875
videos__rec_20251130_124123__f014820.jpg,rec_20251130_124123.avi,80.0,0,0,,11944.837583106102,136.827939453125,53.536036174307405,0.0030045572916666667,0.006565755208333334,0.04401929450757576,9,1,5.55128591160161,1.7435480672311843,0,29.050260165614652,44.96772797754769,42.6474609375
videos__rec_20251130_030636__f014840.jpg,rec_20251130_030636.avi,75.6,0,0,,8119.640775124614,131.82097981770832,52.604120455376,0.002467447916666667,0.008570963541666667,0.1649502840909091,9,1,7.507547124759526,1.1035396827459396,0,20.547743500132555,-57.57239509859087,2.3297526836395264
videos__rec_20251130_124123__f014840.jpg,rec_20251130_124123.avi,72.5,0,0,,11886.582688563665,137.35570638020835,53.497014309476846,0.003828125,0.006728515625,0.037701231060606064,9,1,11.266129035800645,1.0398590198627011,0,0.8602581401976346,44.360890735124165,40.99055862426758
videos__rec_20251130_030636__f014860.jpg,rec_20251130_030636.avi,70.1,0,0,,6794.069044977441,131.63065755208333,52.0418728416311,0.0022688802083333333,0.007652994791666667,0.1703509706439394,9,1,10.257591930950468,1.0355506508173256,0,21.772691563040958,-57.916232638132236,13.088215827941895
videos__rec_20251130_124123__f014860.jpg,rec_20251130_124123.avi,73.8,0,0,,11951.033065800602,136.42906901041667,53.71575066808975,0.0035286458333333333,0.007395833333333333,0.033306699810606064,9,1,12.66483889553598,1.8016950367150202,0,2.3994428329504305,47.02993829709653,40.2294921875
videos__rec_20251130_030636__f014880.jpg,rec_20251130_030636.avi,75.8,0,0,ambiguous_row,7269.8213973386955,131.67742838541668,52.134054191167905,0.0021875,0.007906901041666666,0.1845407196969697,9,1,3.460768932044857,1.0237560828661092,0,22.48573412486345,-61.48639770455118,40.40559768676758
videos__rec_20251130_124123__f014880.jpg,rec_20251130_124123.avi,78.4,0,0,,12722.178739508301,135.42417643229166,54.43018601129415,0.003160807291666667,0.009189453125,0.032330137310606064,9,1,6.508245762618799,1.307386262993898,0,1.934534625141901,52.596668157890605,39.26008987426758
videos__rec_20251130_030636__f014900.jpg,rec_20251130_030636.avi,72.7,0,0,,7025.281812639353,132.10373372395833,52.10964581130963,0.0022298177083333332,0.007347005208333333,0.18030894886363635,9,1,6.8596269951882505,1.0477922773845216,0,24.50703853168579,-59.473230561753944,30.77994728088379
videos__rec_20251130_124123__f014900.jpg,rec_20251130_124123.avi,79.8,0,0,,12827.097839449045,135.10849609375,54.692473578159195,0.00353515625,0.009000651041666667,0.026441169507575756,9,1,6.295246029306782,1.8269115265005915,0,-11.869122057072007,41.76613109232061,41.16862106323242
videos__rec_20251130_030636__f014920.jpg,rec_20251130_030636.avi,68.6,0,0,,6993.550570225016,131.54936197916666,52.31351550546805,0.00220703125,0.007923177083333333,0.1822176846590909,9,1,12.33461537808057,1.036195616993184,0,21.8437628976762,-57.74876961970876,11.4443359375
videos__rec_20251130_124123__f014920.jpg,rec_20251130_124123.avi,80.0,0,0,,10683.216378247569,135.392607421875,52.75369029015882,0.00302734375,0.006233723958333334,0.06090198863636364,9,1,0.5539895331370417,1.2505380903681282,0,15.89863282453074,48.44996783590773,45.63704299926758
videos__rec_20251130_030636__f014940.jpg,rec_20251130_030636.avi,68.3,0,0,ambiguous_row,7506.375414360512,131.66591145833334,52.27390949616256,0.002210286458333333,0.008056640625,0.19322620738636365,9,1,14.46682945129487,1.027727367279421,0,24.84159074908589,-58.96579816546795,36.4365234375
videos__rec_20251130_124123__f014940.jpg,rec_20251130_124123.avi,67.1,0,0,,11889.428180550885,135.8034375,53.354070678583284,0.002587890625,0.007451171875,0.0746774384469697,9,1,23.923655983572303,1.14264767967047,0,10.170142366647836,38.56835546994912,38.6630859375
videos__rec_20251130_030636__f014960.jpg,rec_20251130_030636.avi,72.3,0,0,ambiguous_row,7127.650859780842,131.45519205729167,52.520478248750145,0.0021875,0.008509114583333333,0.18464429450757575,9,1,7.552391711125779,1.0113358833955048,0,23.971962661773304,-59.771536095447786,35.90299606323242
videos__rec_20251130_124123__f014960.jpg,rec_20251130_124123.avi,62.1,0,0,,11506.394772391594,135.91287434895833,52.27149693229384,0.002958984375,0.006220703125,0.07408558238636363,9,1,29.889298841853133,1.406949936125675,0,29.331484988818648,40.26797207198161,39.85546875
videos__rec_20251130_030636__f014980.jpg,rec_20251130_030636.avi,77.7,0,0,ambiguous_row,8447.05221322119,131.703486328125,53.28888367438543,0.0026953125,0.009798177083333333,0.18190696022727273,9,1,5.771852350873928,1.0188837853958324,0,20.51532100113531,-59.74261667347021,8.24609375
videos__rec_20251130_124123__f014980.jpg,rec_20251130_124123.avi,77.5,0,0,,11836.288939748085,135.65578125,52.112559058534366,0.0029264322916666666,0.006608072916666667,0.06977982954545454,9,1,9.003075791821061,1.1567296133807754,0,25.946414697829784,43.916936918402634,36.91276168823242
videos__rec_20251130_030636__f015000.jpg,rec_20251130_030636.avi,69.1,0,0,ambiguous_row,7448.134088529417,132.528212890625,52.29172817514467,0.002197265625,0.0076953125,0.19196851325757575,9,1,13.147926944258245,1.0217406480971423,0,21.23204930534582,-55.7975254091587,35.93131637573242
videos__rec_20251130_124123__f015000.jpg,rec_20251130_124123.avi,83.4,0,0,,13463.771510728953,135.64456705729165,52.932642918179006,0.0032063802083333332,0.007236328125,0.05411044034090909,9,1,2.314374787017755,1.2841441874992943,0,12.38185378528864,45.01415625827953,40.736328125
videos__rec_20251130_030636__f015020.jpg,rec_20251130_030636.avi,72.1,0,0,,7049.807058376056,133.83848307291666,50.81280749743955,0.001966145833333333,0.005452473958333333,0.14402817234848486,9,1,6.400337147217272,1.032000106871412,0,-4.102454347834586,-10.75539967429581,46.37174606323242
videos__rec_20251130_124123__f015020.jpg,rec_20251130_124123.avi,55.6,0,0,extreme_heading,11905.997530895982,135.43907552083334,51.854360406389695,0.002900390625,0.005690104166666667,0.051580255681818184,9,1,36.1709059833492,1.1957129708608836,0,35.87893446172787,54.62105672294469,32.99739456176758
videos__rec_20251130_030636__f015040.jpg,rec_20251130_030636.avi,69.6,0,0,,6852.874708621883,131.44572265625,51.26382730705806,0.002151692708333333,0.0063671875,0.06772312973484848,9,1,0.3313705735564554,1.1737644242629353,0,-0.5001575496402205,-34.92731891906858,47.12239456176758
videos__rec_20251130_124123__f015040.jpg,rec_20251130_124123.avi,79.0,0,0,,12075.262186428454,134.79326497395834,52.14301295804213,0.0030436197916666667,0.006630859375,0.051595052083333336,9,1,5.241141579784085,1.0932720158052311,0,-4.5888343033102945,38.23624367045699,35.150390625
videos__rec_20251130_030636__f015060.jpg,rec_20251130_030636.avi,69.8,0,0,,7977.372666784911,131.69484700520835,52.04048200888879,0.00244140625,0.007239583333333333,0.06756036931818182,9,1,3.7918134092042806,1.1403797310366504,0,3.6214497785933415,-35.75906035691906,30.71158790588379
videos__rec_20251130_124123__f015060.jpg,rec_20251130_124123.avi,81.6,0,0,,15452.150167942935,134.33735677083334,54.06109727508549,0.0038541666666666668,0.009407552083333333,0.051151160037878785,9,1,3.503651066093539,1.0347335179994201,0,3.5886875249497954,41.11105946302479,6.082356929779053
videos__rec_20251130_030636__f015080.jpg,rec_20251130_030636.avi,68.7,0,0,,7217.882172843415,134.222294921875,51.46263184334581,0.0024088541666666668,0.005419921875,0.09053918087121213,9,1,8.95896733964048,2.001664578447282,0,2.6056540723480826,-37.293480376513465,44.3232421875
videos__rec_20251130_124123__f015080.jpg,rec_20251130_124123.avi,82.2,0,0,,15555.407368566726,134.430869140625,54.128375564363495,0.004104817708333333,0.009641927083333333,0.05097360321969697,9,1,2.884048786963376,1.10899823082463,0,-2.0770482858147603,39.06361887152432,2.611328125
videos__rec_20251130_030636__f015100.jpg,rec_20251130_030636.avi,77.4,0,0,ambiguous_row,7574.111579337395,136.71408528645833,50.638334350286165,0.002919921875,0.005693359375,0.15419330018939395,9,1,2.0997543161481644,1.0231301838947853,0,2.957312618105281,-7.707427234819502,46.80696487426758
videos__rec_20251130_124123__f015100.jpg,rec_20251130_124123.avi,81.1,0,0,,13045.795668049454,134.570361328125,52.90384245666222,0.0030110677083333335,0.007529296875,0.05076645359848485,9,1,4.139718898317881,1.0910761935277224,0,-13.622107947968043,23.31723555926402,27.45768165588379
videos__rec_20251130_030636__f015120.jpg,rec_20251130_030636.avi,77.6,0,0,,8285.854430576577,136.0299609375,51.31825873083713,0.0032649739583333333,0.006790364583333333,0.13920454545454544,9,1,4.3044219445207546,1.2536589680331172,0,4.047710752867436,-10.348586688333494,40.53873825073242
videos__rec_20251130_124123__f015120.jpg,rec_20251130_124123.avi,82.1,0,0,,15654.86108011458,134.213525390625,54.21017814090834,0.0038834635416666666,0.009752604166666666,0.051654237689393936,9,1,3.2577560369553566,1.1327964236698342,0,-7.449832180584667,25.398893502355442,5.7294921875
videos__rec_20251130_030636__f015140.jpg,rec_20251130_030636.avi,77.8,0,0,,7585.422041056273,135.740595703125,51.03438502474064,0.0030826822916666667,0.006458333333333333,0.14632161458333334,9,1,1.614646802540335,1.1191636440792423,0,1.9049118111722436,-10.06208120622933,35.5517578125
videos__rec_20251130_124123__f015140.jpg,rec_20251130_124123.avi,75.6,0,0,,11906.4706164393,134.07336588541668,52.339519868863015,0.0023404947916666665,0.007190755208333333,0.051580255681818184,9,1,9.211512975442645,1.1143448863132899,0,23.472392218368828,61.17602744609151,33.11100387573242
videos__rec_20251130_030636__f015160.jpg,rec_20251130_030636.avi,75.8,0,0,,7694.847057291287,137.275009765625,50.15805349009538,0.002919921875,0.005374348958333333,0.1137399384469697,9,1,1.7053025658242404e-13,1.074124883608698,0,-5.802213511263214e-14,1.8750000000000357,48.3037109375
videos__rec_20251130_124123__f015160.jpg,rec_20251130_124123.avi,79.3,0,0,,11909.575536442557,134.02090169270832,52.253604988968945,0.002373046875,0.0074283854166666665,0.060502485795454544,9,1,6.973114062280388,1.4407778115483625,0,-19.1543700774857,19.37607190819712,39.22298049926758
videos__rec_20251130_030636__f015180.jpg,rec_20251130_030636.avi,67.0,0,0,,8783.052905442546,135.49064453125,51.260017920546886,0.003483072916666667,0.005244140625,0.02664831912878788,9,1,4.571203512784649,1.0562526645552381,0,1.3283960187239106,-45.47733051787935,46.85969924926758
videos__rec_20251130_124123__f015180.jpg,rec_20251130_124123.avi,78.4,0,0,,13121.251841494242,133.59517903645835,53.19193170494095,0.002861328125,0.008401692708333333,0.06158262310606061,9,1,9.19005016967401,1.0773238539158414,0,20.152635866449952,51.01755664144996,36.30924606323242
videos__rec_20251130_030636__f015200.jpg,rec_20251130_030636.avi,63.1,0,0,ambiguous_row,8208.666726401392,135.18657552083334,50.44585801249388,0.0030208333333333333,0.005162760416666667,0.042791193181818184,9,1,9.318318510950384,1.0242849154032045,0,5.012517034703259,-75.14081104197143,48.7822265625
videos__rec_20251130_124123__f015200.jpg,rec_20251130_124123.avi,75.8,0,0,ambiguous_row,11392.00420152536,133.941494140625,52.1691835207901,0.0027180989583333332,0.006305338541666667,0.07299064867424243,9,1,9.320467248375223,1.0275001224625315,0,22.104382340065687,67.89614852063444,38.7802734375
videos__rec_20251130_030636__f015220.jpg,rec_20251130_030636.avi,69.2,0,0,ambiguous_row,8098.399140519039,136.11073567708334,49.65362980139086,0.00263671875,0.004427083333333333,0.06045809659090909,9,1,2.8614368278149698,1.0169843578345399,0,10.343492151391967,-79.62425551159049,44.33723831176758
videos__rec_20251130_124123__f015220.jpg,rec_20251130_124123.avi,80.5,0,0,,14027.708748044164,133.64076822916667,53.71894205107644,0.003466796875,0.008880208333333334,0.06906960227272728,9,1,7.568212863045346,1.1167459751306081,0,-27.55729193118722,12.94667880891307,20.08951759338379
videos__rec_20251130_030636__f015240.jpg,rec_20251130_030636.avi,77.5,0,0,,8976.816991741594,132.26328450520833,51.16302058528154,0.00310546875,0.006858723958333333,0.11517518939393939,9,1,3.5560763551476384,1.163740351836073,0,4.212709546823512,-88.3203926521382,41.92122268676758
videos__rec_20251130_124123__f015240.jpg,rec_20251130_124123.avi,80.2,0,0,,15361.799813366526,132.87082356770833,54.570454952141596,0.00361328125,0.011025390625,0.07012014678030302,9,1,8.591903502740251,1.1769850580052885,0,12.968444560521801,64.80439640198256,2.9010417461395264
videos__rec_20251130_030636__f015260.jpg,rec_20251130_030636.avi,72.2,0,0,,8099.897638140828,132.632001953125,50.78071445835553,0.00279296875,0.006175130208333333,0.10829486268939394,9,1,5.568050832553581,1.0371719620383084,0,-1.3233172566707307,-90.34711287740807,25.36393165588379
videos__rec_20251130_124123__f015260.jpg,rec_20251130_124123.avi,82.1,0,0,ambiguous_row,11994.944128734971,132.331533203125,52.72639125792873,0.0022786458333333335,0.00890625,0.08894116950757576,9,1,5.63019252554443,1.0210053697624777,0,-24.284081176286005,8.406355166843884,40.4248046875
videos__rec_20251130_030636__f015280.jpg,rec_20251130_030636.avi,79.3,0,0,ambiguous_row,8347.066015152135,134.72694010416666,50.402453316008874,0.003076171875,0.0064908854166666665,0.18235085227272727,9,1,2.5428692504088986,1.029423805272132,0,-1.8948331160850245,0.7793179405509321,48.1298828125
videos__rec_20251130_124123__f015280.jpg,rec_20251130_124123.avi,83.1,0,0,,11590.246806277963,130.95355794270833,53.07471493961859,0.002376302083333333,0.010432942708333334,0.12526633522727273,9,1,7.949377084178309,1.1080611038609212,0,-25.548930099916266,2.3362989140093404,43.77376174926758
videos__rec_20251130_030636__f015300.jpg,rec_20251130_030636.avi,84.2,0,0,ambiguous_row,9609.994881266233,135.49568684895834,50.97365141863795,0.00337890625,0.0055110677083333335,0.16804273200757575,9,1,0.9441671186073677,1.0102987291128998,0,5.4032628023042,0.2452268206987007,47.40006637573242
videos__rec_20251130_124123__f015300.jpg,rec_20251130_124123.avi,84.1,0,0,,12045.616789997994,130.85355794270833,53.61269645092925,0.002265625,0.012314453125,0.1513375946969697,9,1,12.162773685041145,1.1700926131097897,0,-9.830534044387488,6.53984381955059,38.2998046875
videos__rec_20251130_030636__f015320.jpg,rec_20251130_030636.avi,80.5,0,0,ambiguous_row,8774.119733063379,135.71301106770832,50.22283583755784,0.0030143229166666665,0.004671223958333333,0.17615116003787878,9,1,2.5086284665488847,1.0140162585557284,0,20.238722687268382,10.049727564533981,38.40006637573242
videos__rec_20251130_124123__f015320.jpg,rec_20251130_124123.avi,83.4,0,0,,11810.91990398339,131.53837565104166,53.11979201155699,0.0027766927083333333,0.010315755208333333,0.15305397727272727,9,1,12.433880102020453,1.2700968930634213,0,-10.292062662112471,7.025286755455759,38.72883987426758
videos__rec_20251130_030636__f015340.jpg,rec_20251130_030636.avi,85.8,0,0,ambiguous_row,10155.835637931143,134.55559244791667,51.456060106845705,0.0036458333333333334,0.006764322916666667,0.17800071022727273,9,1,1.1212575897227453,1.0079428289714607,0,12.030178196058833,8.444815120522353,40.62532424926758
videos__rec_20251130_124123__f015340.jpg,rec_20251130_124123.avi,82.1,0,0,,11738.229601056828,132.18919270833334,52.00879276746895,0.002802734375,0.007887369791666666,0.10841323390151515,9,1,7.849582113645056,1.234228601527626,0,-20.79530695902892,18.688982928900657,43.34505081176758
videos__rec_20251130_030636__f015360.jpg,rec_20251130_030636.avi,87.0,0,0,ambiguous_row,11158.105404601882,134.783427734375,51.754284375996065,0.00384765625,0.007044270833333333,0.17665423768939395,9,1,3.461323431401013,1.0136638952530055,0,14.734662762944255,9.922254027816475,5.111653804779053
videos__rec_20251130_124123__f015360.jpg,rec_20251130_124123.avi,89.4,0,0,,12213.213932873525,132.651298828125,52.185648538195906,0.0026529947916666668,0.008033854166666667,0.12042791193181818,9,1,2.5540089801670547,1.4349362437878241,0,-9.68516893826208,14.279714232985441,42.03287887573242
videos__rec_20251130_030636__f015380.jpg,rec_20251130_030636.avi,88.2,0,0,ambiguous_row,11199.624762491476,135.41276692708334,51.692682766411984,0.0040104166666666665,0.006539713541666666,0.17619554924242425,9,1,2.162669992823851,1.0222788031369965,0,14.44963658747002,10.910805536720698,2.4970703125
videos__rec_20251130_124123__f015380.jpg,rec_20251130_124123.avi,87.2,0,0,,12068.00611459944,133.71957682291668,51.81271909712507,0.0032877604166666667,0.0065625,0.09394235321969698,9,1,5.16144413365862,2.313819609126936,0,-7.85248599740867,11.918816587746424,39.650390625
videos__rec_20251130_030636__f015400.jpg,rec_20251130_030636.avi,88.5,0,0,ambiguous_row,11300.786963432776,135.86680338541666,51.7751895549744,0.004117838541666667,0.006455078125,0.17551491477272727,9,1,2.1525682407315117,1.0286956008714738,0,14.876361096407743,10.923590067235978,2.2789714336395264
videos__rec_20251130_124123__f015400.jpg,rec_20251130_124123.avi,79.4,0,0,,12292.58003943617,133.24669270833334,52.34134934295245,0.0036458333333333334,0.007613932291666667,0.05399206912878788,9,1,11.658987135501945,2.417484601792059,0,-1.3855469590461624,11.38208557197057,40.13020706176758
videos__rec_20251130_030636__f015420.jpg,rec_20251130_030636.avi,83.3,0,0,ambiguous_row,9660.517962781176,136.372861328125,50.889750508838844,0.00365234375,0.005221354166666667,0.17496744791666666,9,1,2.3855990525044035,1.0238589219034893,0,12.31913826168878,10.848069085148353,7.5185546875
videos__rec_20251130_124123__f015420.jpg,rec_20251130_124123.avi,80.6,0,0,,12852.331117828327,132.5853125,52.86268055268143,0.003056640625,0.0083984375,0.038263494318181816,9,1,3.632214366588528,1.2128446912622057,0,-5.531254493081452,9.365107001286805,40.71419143676758
videos__rec_20251130_030636__f015440.jpg,rec_20251130_030636.avi,81.3,0,0,,8875.045150640011,136.89167643229166,50.11052739153524,0.0033170572916666665,0.004420572916666666,0.17931758996212122,9,1,1.9424252669370503,1.052064653444459,0,14.87387417078381,8.301441775648204,37.08561325073242
videos__rec_20251130_124123__f015440.jpg,rec_20251130_124123.avi,69.9,0,0,,11479.344719548448,132.48048177083334,52.221976416654776,0.0030729166666666665,0.007493489583333333,0.032404119318181816,9,1,13.766552459756554,1.3890743139408948,0,-1.9660623815497216,9.588864200299412,36.45573043823242
videos__rec_20251130_030636__f015460.jpg,rec_20251130_030636.avi,80.9,0,0,ambiguous_row,8878.053920147946,136.872490234375,50.006917175009015,0.0031640625,0.004274088541666667,0.17989464962121213,9,1,2.3032820282452917,1.0174824330174042,0,20.061465644560418,11.531265925662026,28.42350196838379
videos__rec_20251130_030636__f015480.jpg,rec_20251130_030636.avi,82.4,0,0,ambiguous_row,9713.203564953601,136.50031901041666,50.657572596370684,0.00341796875,0.005237630208333333,0.18446673768939395,9,1,3.838526687098124,1.0246922802666305,0,20.542503157085406,10.809591313949038,30.41764259338379
videos__rec_20251130_030636__f015500.jpg,rec_20251130_030636.avi,88.2,0,0,,11255.374183242278,136.631591796875,51.52328301567727,0.004111328125,0.0065266927083333336,0.18184777462121213,9,1,2.421103679438147,1.0625124661490546,0,-0.3866519381892726,8.150739013030783,4.334310054779053
videos__rec_20251130_030636__f015520.jpg,rec_20251130_030636.avi,89.5,0,0,,11537.930272217549,136.29865559895833,51.717144934961716,0.004065755208333333,0.006676432291666667,0.18056048768939395,9,1,1.893800667646076,1.059402808108631,0,17.1266981793109,8.656778746351854,2.0621745586395264
videos__rec_20251130_030636__f015540.jpg,rec_20251130_030636.avi,89.0,0,0,,11501.722990999182,135.87191080729167,51.732831882577266,0.0041015625,0.00671875,0.18226207386363635,9,1,2.4101525182224464,1.0642660670193405,0,16.048747775213855,8.888238726958129,2.439453125
videos__rec_20251130_030636__f015560.jpg,rec_20251130_030636.avi,78.6,0,0,,8828.377119894027,136.98531901041667,50.12142033757668,0.0033658854166666668,0.00458984375,0.17826704545454544,9,1,5.455245498755858,1.066344717588105,0,5.967211487387407,7.7161947019926025,21.29329490661621
videos__rec_20251130_030636__f015580.jpg,rec_20251130_030636.avi,80.0,0,0,,8757.598408327218,137.0380859375,49.98495673421936,0.0032942708333333335,0.004228515625,0.1777935606060606,9,1,3.2370207352936404,1.0506568583714335,0,5.577344845543858,8.831127511412298,24.8681640625
videos__rec_20251130_030636__f015600.jpg,rec_20251130_030636.avi,83.5,0,0,,9681.481806579548,136.88279622395834,50.547828110477106,0.003675130208333333,0.004866536458333333,0.1773348721590909,9,1,2.2611043520270755,1.0551687522651376,0,16.29243383718063,8.085450217891008,31.1806640625
videos__rec_20251130_030636__f015620.jpg,rec_20251130_030636.avi,85.9,0,0,,10825.932266428617,136.757763671875,51.23359070965108,0.004186197916666667,0.005973307291666666,0.1792288115530303,9,1,3.88103974131468,1.0825020425991152,0,21.127439341754403,10.076549350353119,16.45149803161621
videos__rec_20251130_030636__f015640.jpg,rec_20251130_030636.avi,81.6,0,0,,8700.238316329096,137.48842447916667,49.609666594859824,0.00322265625,0.0036653645833333334,0.1762103456439394,9,1,0.9598607136710484,1.0967472883649017,0,4.366099396625219,8.332259366169374,37.1953125
videos__rec_20251130_030636__f015660.jpg,rec_20251130_030636.avi,81.9,0,0,,9581.904124997289,137.09928385416666,50.3793582637817,0.00353515625,0.004772135416666667,0.17724609375,9,1,4.0802267235290515,1.0721613328597022,0,20.716981425297266,9.437929567989674,32.62272262573242
videos__rec_20251130_030636__f015680.jpg,rec_20251130_030636.avi,79.9,0,0,,8923.97671869808,136.93347981770833,49.89614727828582,0.0033658854166666668,0.004150390625,0.17131273674242425,9,1,4.060733272037226,1.0876635185899317,0,0.9358715520315067,4.917334873268171,31.10481834411621
videos__rec_20251130_030636__f015700.jpg,rec_20251130_030636.avi,86.5,0,0,,10805.16522085799,136.90715494791667,51.207557116484,0.004352213541666667,0.005817057291666667,0.17298473011363635,9,1,3.078314743259284,1.0996062930656212,0,21.278288304921183,9.028859358384302,14.572590827941895
videos__rec_20251130_030636__f015720.jpg,rec_20251130_030636.avi,88.4,0,0,,11531.113281120763,136.77540690104166,51.68314796770181,0.004485677083333334,0.006516927083333333,0.1738577178030303,9,1,3.3702803316953123,1.0960497341962498,0,21.67603803457431,8.910745085499201,2.248046875
videos__rec_20251130_030636__f015740.jpg,rec_20251130_030636.avi,80.2,0,0,,8917.652786848957,137.15054361979168,50.01369964693423,0.0031510416666666666,0.004205729166666667,0.17240767045454544,9,1,3.4366869558425606,1.0332679610088376,0,9.885343999992285,5.246282503857724,29.44010353088379
videos__rec_20251130_030636__f015760.jpg,rec_20251130_030636.avi,78.5,0,0,,8948.0433181315,137.25969075520834,49.97527681897855,0.0032584635416666665,0.004059244791666666,0.17484907670454544,9,1,6.292067827113726,1.1340888206851159,0,2.7784985703847855,9.501437538353894,34.25032424926758
videos__rec_20251130_030636__f015780.jpg,rec_20251130_030636.avi,79.3,0,0,ambiguous_row,9913.655629383682,137.3694921875,50.65867146949894,0.003603515625,0.004833984375,0.17905125473484848,9,1,8.649112205177175,1.0192773893080618,0,10.651968397431393,17.52475827020099,40.60612106323242
videos__rec_20251130_030636__f015800.jpg,rec_20251130_030636.avi,77.1,0,0,,9103.826472242898,137.92360677083335,50.36552263010585,0.0034375,0.004134114583333333,0.1733990293560606,9,1,8.547034334166312,1.051758204626409,0,16.44348733655448,-61.46130750250297,40.01041793823242
videos__rec_20251130_030636__f015820.jpg,rec_20251130_030636.avi,72.5,0,0,ambiguous_row,9142.972075575719,137.998271484375,50.12982929777132,0.0032421875,0.004147135416666667,0.17151988636363635,9,1,14.547179084442291,1.0092097976449295,0,22.5821340689532,-44.76276233865627,42.26041793823242
videos__rec_20251130_030636__f015840.jpg,rec_20251130_030636.avi,77.8,0,0,extreme_heading,10061.913098139066,137.56788736979166,50.47075074107303,0.003463541666666667,0.0049446614583333335,0.17927320075757575,9,1,11.291003127984936,1.0302617213956604,0,35.77481405396307,-45.38595302980502,44.90690231323242
videos__rec_20251130_030636__f015860.jpg,rec_20251130_030636.avi,78.4,0,0,ambiguous_row,9390.939878027173,137.53313802083332,50.23847429019906,0.0032649739583333333,0.004381510416666666,0.17983546401515152,9,1,7.70387896042331,1.0143143460703368,0,21.669430180928426,-47.44318159128037,42.32063674926758
videos__rec_20251130_030636__f015880.jpg,rec_20251130_030636.avi,79.1,0,0,,9569.107866420482,137.51975911458334,50.134063436037586,0.0031217447916666668,0.003974609375,0.1690044981060606,9,1,7.6235954079240855,1.0386989531418467,0,29.590174611870108,-45.33250967161841,40.10872268676758
videos__rec_20251130_030636__f015900.jpg,rec_20251130_030636.avi,83.1,0,0,ambiguous_row,10679.797314394626,137.832978515625,50.81032870305307,0.0035384114583333335,0.0049479166666666664,0.17814867424242425,9,1,6.5862863470883894,1.0061002046994645,0,30.648094840315814,-63.1575438306796,39.56868362426758
videos__rec_20251130_030636__f015920.jpg,rec_20251130_030636.avi,83.1,0,0,,9954.429061180579,138.05958658854166,50.52658819029846,0.0034212239583333334,0.003932291666666666,0.19066642992424243,9,1,4.053538807134032,1.0856709189731257,0,-9.946908212720986,21.7266094442013,42.41569137573242
videos__rec_20251130_030636__f015940.jpg,rec_20251130_030636.avi,86.1,0,0,,10189.321768488053,139.20890950520834,50.69258174968841,0.0038053385416666665,0.0033854166666666668,0.18575402462121213,9,1,1.6365041467219044,1.2410201605668925,0,-3.4692309511681594,23.367648518403854,43.15266799926758
videos__rec_20251130_030636__f015960.jpg,rec_20251130_030636.avi,86.0,0,0,,11339.848740513062,138.90149739583333,51.536882692938676,0.004000651041666667,0.0037955729166666667,0.16227213541666666,9,1,5.61797496789336,1.0322166174533145,0,-0.2222903942090549,22.9508578214503,42.90006637573242
videos__rec_20251130_030636__f015980.jpg,rec_20251130_030636.avi,82.7,0,0,,10784.624982355708,138.42295572916666,51.1510856471126,0.004055989583333333,0.0038346354166666667,0.14336233428030304,9,1,9.107127352587156,1.5537252718542853,0,4.882974972301276,26.340871113645793,41.40690231323242
videos__rec_20251130_030636__f016000.jpg,rec_20251130_030636.avi,86.1,0,0,,10887.548011861123,137.55764973958333,51.61209694933471,0.004075520833333333,0.003984375,0.11375473484848485,9,1,0.25342082602179516,1.3282345944281262,0,4.437662224836477,39.124650965457576,42.16178512573242
videos__rec_20251130_030636__f016020.jpg,rec_20251130_030636.avi,87.8,0,0,,11648.249309521318,137.20513020833334,52.40266483944029,0.0040885416666666665,0.004794921875,0.115234375,9,1,1.8090796765434334,1.440618064344271,0,-14.295261361880078,-76.49715130055634,42.20670700073242
videos__rec_20251130_030636__f016040.jpg,rec_20251130_030636.avi,74.4,0,0,,10505.969419155876,136.85305338541667,51.764477661596075,0.0038899739583333334,0.00388671875,0.12062026515151515,9,1,15.038391764920448,1.2773333593758274,0,-19.942884606748535,29.186372053433164,44.2216796875
videos__rec_20251130_030636__f016060.jpg,rec_20251130_030636.avi,83.4,0,0,,10320.185078970972,136.97933919270832,51.774050176693244,0.0037565104166666667,0.004078776041666667,0.14136482007575757,9,1,4.144551258415959,1.0660251585335585,0,-22.0902039443439,-84.79057812371138,45.02962112426758
videos__rec_20251130_030636__f016080.jpg,rec_20251130_030636.avi,86.3,0,0,,11015.677091206699,136.63495768229166,52.517077666033934,0.00392578125,0.004973958333333334,0.16046697443181818,9,1,4.720360544635696,1.1638513469207559,0,-23.198782034778162,2.6672198627486488,41.431640625
videos__rec_20251130_030636__f016100.jpg,rec_20251130_030636.avi,78.6,0,0,ambiguous_row,10019.560779466376,137.42419596354168,52.4096616967208,0.0037923177083333333,0.004378255208333333,0.17029178503787878,9,1,10.448475700682081,1.0217140612732354,0,-17.964013890956764,9.942229053548495,42.85319137573242
videos__rec_20251130_030636__f016120.jpg,rec_20251130_030636.avi,84.6,0,0,,10154.15143741654,138.09928385416666,52.69019923896,0.003798828125,0.004710286458333333,0.18029415246212122,9,1,3.202415714984113,1.038200474124707,0,9.184908157347575,20.40697453157355,39.94140625
videos__rec_20251130_030636__f016140.jpg,rec_20251130_030636.avi,85.0,0,0,ambiguous_row,11160.985790994171,137.32640625,53.13044624633752,0.0038639322916666666,0.005016276041666667,0.14580374053030304,9,1,6.030918748841032,1.0263998034011683,0,-16.5503994523681,25.095554077861948,44.92155075073242
videos__rec_20251130_030636__f016160.jpg,rec_20251130_030636.avi,82.5,0,0,ambiguous_row,10360.428874142699,136.9504296875,52.95767457782081,0.0038313802083333333,0.004641927083333333,0.11408025568181818,9,1,1.9932802555386502,1.02250168401296,0,-17.447897719817373,26.381819182854382,42.25716018676758
videos__rec_20251130_030636__f016180.jpg,rec_20251130_030636.avi,78.1,0,0,,10402.470175713433,137.24327799479167,53.0110643306498,0.003649088541666667,0.004365234375,0.08525686553030302,9,1,4.338492029965948,1.0374451492181431,0,-3.0014053643501013,28.854057900653878,44.58073043823242
videos__rec_20251130_030636__f016200.jpg,rec_20251130_030636.avi,78.4,0,0,,11521.634492872356,136.56235677083333,53.93504235582649,0.004029947916666667,0.00505859375,0.04751124526515151,9,1,3.5091497048279052,1.0495149097582397,0,1.2398775348985345,36.07570878109172,43.4990234375
videos__rec_20251130_030636__f016220.jpg,rec_20251130_030636.avi,71.1,0,0,,10478.99638548851,136.087392578125,53.89010678484577,0.0031966145833333334,0.004661458333333333,0.029859138257575756,9,1,6.7227099076498575,1.0389531576154387,0,-5.6535080929118475,35.14010917093124,44.44270706176758
videos__rec_20251130_030636__f016240.jpg,rec_20251130_030636.avi,75.9,0,0,,10528.605444577013,134.61890299479165,54.39074295658679,0.00287109375,0.005302734375,0.020966500946969696,9,1,0.3569235787923617,1.2076005607359503,0,0.89254462894216,49.081072495719106,44.20182418823242
videos__rec_20251130_030636__f016260.jpg,rec_20251130_030636.avi,74.1,0,0,,11433.712513974242,133.247216796875,54.86802377472587,0.0029069010416666666,0.006966145833333334,0.017770478219696968,9,1,5.241663960852179,1.0670572761581874,0,-1.732088846126801,-58.62626167886438,46.16764450073242
videos__rec_20251130_030636__f016280.jpg,rec_20251130_030636.avi,72.9,0,0,,10526.049020314016,134.04900716145832,53.521359552764075,0.002607421875,0.005738932291666667,0.02382220643939394,9,1,3.675604174227601,1.040793196414053,0,18.730634028924424,53.75130787259561,48.79719924926758
videos__rec_20251130_030636__f016300.jpg,rec_20251130_030636.avi,74.0,0,0,,10208.12485637638,134.09198567708333,53.449664327853476,0.0027701822916666665,0.005315755208333333,0.04214015151515151,9,1,3.4237570226245566,1.030920472614896,0,17.705895304680034,55.95588460036897,49.537109375
videos__rec_20251130_030636__f016380.jpg,rec_20251130_030636.avi,82.3,0,0,,10837.398676393623,132.64941080729167,54.417469232413445,0.0032682291666666667,0.0069921875,0.08920750473484848,9,1,1.240528119438693,1.0305819308994644,0,2.7135349185400472,-54.79052897388292,51.62923049926758
videos__rec_20251130_030636__f016400.jpg,rec_20251130_030636.avi,77.5,0,0,ambiguous_row,10019.487682290139,132.52688151041667,54.05368027806384,0.0033235677083333333,0.00634765625,0.0923147490530303,9,1,4.747149512245471,1.024895360716454,0,0.8579644577114504,48.97416024462925,45.64094924926758
videos__rec_20251130_030636__f016420.jpg,rec_20251130_030636.avi,77.9,0,0,ambiguous_row,9909.067028560628,133.033583984375,54.01267165758375,0.00353515625,0.006520182291666667,0.10637133049242424,9,1,5.598743495876818,1.0212526424190702,0,-2.0229159828830405,46.268704937035956,44.3779296875
videos__rec_20251130_030636__f016440.jpg,rec_20251130_030636.avi,83.3,0,0,,10804.481829013559,132.95178385416668,54.60545845583599,0.004166666666666667,0.008268229166666667,0.11560428503787878,9,1,3.381178835062201,1.0598366121093394,0,-6.727745033676741,41.443461504265976,44.05403518676758
videos__rec_20251130_030636__f016460.jpg,rec_20251130_030636.avi,74.2,0,0,ambiguous_row,9716.284233124194,133.33531575520834,53.985609171232845,0.003948567708333333,0.0073046875,0.11447975852272728,9,1,10.719549543171013,1.010626297932168,0,-5.352762009430802,-72.56367567627085,40.93912887573242
videos__rec_20251130_030636__f016480.jpg,rec_20251130_030636.avi,77.9,0,0,,11412.711548105875,133.05714192708334,54.97866788400906,0.0047786458333333335,0.00939453125,0.11767578125,9,1,13.612006301455096,1.1301048665989701,0,-16.36036781682731,-73.989047563893,30.16927146911621
videos__rec_20251130_030636__f016500.jpg,rec_20251130_030636.avi,76.8,0,0,,11365.718002704367,132.81629231770833,54.97968639598637,0.004567057291666667,0.00921875,0.11789772727272728,9,1,14.869882864579978,1.1151838468941737,0,4.845694093264542,-74.6221865931813,11.9052734375
videos__rec_20251130_030636__f016520.jpg,rec_20251130_030636.avi,80.1,0,0,,10039.789232104451,134.729921875,53.609601766441024,0.005621744791666667,0.006920572916666667,0.10407788825757576,9,1,2.7334667206101244,1.033575451688125,0,-6.389115056653986,51.7251046375715,49.23079299926758
videos__rec_20251130_030636__f016540.jpg,rec_20251130_030636.avi,63.6,0,0,,10396.902181879634,136.001474609375,53.483408652410475,0.006080729166666667,0.006184895833333333,0.0849313446969697,9,1,23.695677583903603,1.0887153389761832,0,-29.167572848815052,31.401134776051514,45.77962112426758
videos__rec_20251130_030636__f016560.jpg,rec_20251130_030636.avi,58.6,0,0,ambiguous_row,11137.16410285923,136.65342122395833,54.083730089237925,0.006324869791666667,0.006533203125,0.05271957859848485,9,1,28.76096218233789,1.0147958144169473,0,-29.367043078060682,30.958955982408654,47.48307418823242
videos__rec_20251130_030636__f016720.jpg,rec_20251130_030636.avi,70.9,0,0,,8346.118970783826,132.20790690104167,52.20874331217066,0.0017447916666666666,0.006790364583333333,0.054524739583333336,9,1,1.61634604613252,1.0484136658269592,0,3.388108983104043,-86.57792503114867,49.0791015625
videos__rec_20251130_030636__f016740.jpg,rec_20251130_030636.avi,71.7,0,0,,8733.93096579843,131.116943359375,52.205343126383205,0.0015397135416666667,0.007561848958333333,0.0668649384469697,9,1,4.236022077360616,1.1594697987532336,0,-9.351450311149753,-62.46438802050233,43.40625
videos__rec_20251130_030636__f016760.jpg,rec_20251130_030636.avi,69.6,0,0,,7521.017645280954,130.48124348958333,51.472818218753254,0.0012174479166666666,0.007063802083333333,0.07396721117424243,9,1,2.699259106572356,1.0815418045383913,0,4.798769553936757,35.29173712083086,43.7763671875
videos__rec_20251130_030636__f016780.jpg,rec_20251130_030636.avi,68.5,0,0,,7334.027465710946,130.398193359375,51.607813611627726,0.0010514322916666667,0.007083333333333333,0.07087476325757576,9,1,4.438328443359239,1.3961353649594561,0,-2.9727882361332756,-68.64904214506703,43.7021484375
videos__rec_20251130_030636__f016800.jpg,rec_20251130_030636.avi,69.6,0,0,,7845.342668999569,129.402470703125,51.97694870199273,0.0011393229166666667,0.0078515625,0.07811020359848485,9,1,5.208782018609568,1.2079719069885855,0,11.525511635811826,-70.46410453325603,44.91666793823242
videos__rec_20251130_030636__f016820.jpg,rec_20251130_030636.avi,71.2,0,0,ambiguous_row,6844.808536040739,128.84365885416668,51.90199307898609,0.0009342447916666667,0.0075390625,0.09625059185606061,9,1,1.5352547572656476,1.0236861345598416,0,0.02534836253254403,35.92461083212285,41.6533203125
videos__rec_20251130_030636__f016840.jpg,rec_20251130_030636.avi,73.7,0,0,,6758.3308946903535,129.61419921875,52.247140872700115,0.0009602864583333333,0.008069661458333334,0.11754261363636363,9,1,1.3214640281742618,1.0724685835271734,0,2.2747761086409346,36.86621451379531,41.3095703125
videos__rec_20251130_030636__f016860.jpg,rec_20251130_030636.avi,76.5,0,0,,7630.250989335114,130.591103515625,52.327803861047656,0.0010319010416666666,0.0085546875,0.15561375473484848,9,1,4.099535025381783,1.0311059528589526,0,6.927653542760636,33.700925625007514,47.75065231323242
videos__rec_20251130_030636__f016880.jpg,rec_20251130_030636.avi,73.0,0,0,,6802.6036854145905,130.78954427083335,51.77975793767269,0.0009375,0.007604166666666667,0.15999348958333334,9,1,6.411830269624545,1.0450548671159576,0,26.67569888281289,32.82977712990446,42.11002731323242
videos__rec_20251130_030636__f016900.jpg,rec_20251130_030636.avi,75.9,0,0,,6831.525843856771,129.38064453125,51.363124505422945,0.0010514322916666667,0.0082421875,0.1952237215909091,9,1,2.4804632974588117,1.0478403705788335,0,17.718968966346736,24.827018963950174,43.62141799926758
videos__rec_20251130_030636__f016920.jpg,rec_20251130_030636.avi,73.9,0,0,ambiguous_row,7599.12811351009,128.43626302083334,51.79747866132485,0.0012630208333333332,0.010498046875,0.22243430397727273,9,1,7.223595406375921,1.0233934712643615,0,28.09893613242823,21.316519222676042,42.923828125
videos__rec_20251130_030636__f016940.jpg,rec_20251130_030636.avi,76.7,0,0,,6844.73377799139,128.47977213541665,52.047887364567885,0.001162109375,0.009573567708333333,0.21838008996212122,9,1,1.7117967704025432,1.0890476685882147,0,17.507400888518088,30.056474016423294,44.6240234375
videos__rec_20251130_030636__f016960.jpg,rec_20251130_030636.avi,75.2,0,0,,6821.195863221221,129.26047526041665,52.37617103188842,0.0013151041666666667,0.009235026041666667,0.2215909090909091,9,1,3.7390359046712973,1.0677920625508517,0,5.57945212582631,-73.2278389012121,43.26887893676758
videos__rec_20251130_030636__f016980.jpg,rec_20251130_030636.avi,74.0,0,0,,7374.927225324844,129.46570638020833,52.66795161512415,0.0015169270833333332,0.00880859375,0.2604166666666667,9,1,6.540947247910594,1.0476058440692533,0,25.666617156682992,22.644044211683845,39.22298049926758
videos__rec_20251130_030636__f017000.jpg,rec_20251130_030636.avi,72.6,0,0,,6296.031176871364,129.83936197916665,52.10646549332926,0.0013834635416666667,0.007571614583333333,0.3122336647727273,9,1,6.968974479563258,1.0311942935498983,0,27.6395281523162,26.774477145221397,43.03548049926758
videos__rec_20251130_030636__f017020.jpg,rec_20251130_030636.avi,77.1,0,0,,6241.56152744292,130.63888020833335,52.64541038327224,0.0014095052083333334,0.007880859375,0.3653971354166667,9,1,1.3639955005288087,1.0900982471972884,0,3.9048576944019784,-84.75488456871047,43.38216018676758
videos__rec_20251130_030636__f017040.jpg,rec_20251130_030636.avi,74.2,0,0,ambiguous_row,7012.942755047597,132.64044596354168,53.716499688023305,0.0015885416666666667,0.007662760416666667,0.4259588068181818,9,1,5.0772906081056135,1.008943031777393,0,12.131123389180582,19.718215942968786,48.58528518676758
videos__rec_20251130_030636__f017060.jpg,rec_20251130_030636.avi,76.1,0,0,ambiguous_row,6340.085523103067,132.654453125,52.86997807576789,0.001640625,0.006744791666666666,0.4460671164772727,9,1,2.4420804066726305,1.0180670105017944,0,-0.48936857119682253,6.69975466120281,46.79362106323242
videos__rec_20251130_030636__f017080.jpg,rec_20251130_030636.avi,77.2,0,0,,6403.982913777288,132.07066731770834,53.0170567238153,0.00177734375,0.0072233072916666665,0.4697265625,9,1,1.1093575577427828,1.0437044084010558,0,0.821379333109475,3.696503238284539,42.77962112426758
videos__rec_20251130_030636__f017100.jpg,rec_20251130_030636.avi,76.3,0,0,ambiguous_row,7326.636562303289,131.65669270833334,53.99486428606109,0.002021484375,0.008531901041666666,0.4421756628787879,9,1,3.511315311826479,1.0143694840587412,0,-2.7374784813040387,9.594529040296305,44.08723831176758
videos__rec_20251130_030636__f017120.jpg,rec_20251130_030636.avi,75.7,0,0,,6697.291103376507,131.97257161458333,54.086360067395205,0.0018717447916666667,0.007981770833333334,0.4198922821969697,9,1,3.4112454414526496,1.0610768529643915,0,-9.665154747458944,5.387979771006712,44.84342575073242
videos__rec_20251130_030636__f017140.jpg,rec_20251130_030636.avi,77.3,0,0,ambiguous_row,6721.329126138645,132.227001953125,54.37577235499114,0.00166015625,0.008453776041666666,0.41313032670454547,9,1,1.2243927020618912,1.0267054349157265,0,1.8416911292272626,2.4819793050093075,44.4462890625
videos__rec_20251130_030636__f017160.jpg,rec_20251130_030636.avi,79.0,0,0,,7663.868283892777,134.425078125,54.55310640066838,0.0018359375,0.008811848958333333,0.42817826704545453,9,1,1.4751026190201628,1.0418353543279744,0,-3.591972463396404,1.6095937884211688,45.1376953125
videos__rec_20251130_030636__f017180.jpg,rec_20251130_030636.avi,75.9,0,0,,6872.819805886575,135.04240559895834,53.47467020429284,0.0017415364583333334,0.007242838541666667,0.44978101325757575,9,1,2.9497334957605403,1.0433868442478276,0,10.000273498515208,2.9374718283920664,44.18359375
videos__rec_20251130_030636__f017200.jpg,rec_20251130_030636.avi,77.0,0,0,,7017.705351822917,135.199560546875,52.905987858078724,0.0019694010416666666,0.0075,0.44140625,9,1,1.325890455971944,1.0439272257685603,0,11.884004634832394,-0.25999278140622195,43.46484375
videos__rec_20251130_030636__f017220.jpg,rec_20251130_030636.avi,75.6,0,0,,7691.422730430761,136.12224934895832,52.551366981584195,0.001998697916666667,0.0074283854166666665,0.4084694602272727,9,1,5.560633452588661,1.0387319134707538,0,11.299741897798894,-1.9112183455790799,43.62239456176758
videos__rec_20251130_030636__f017240.jpg,rec_20251130_030636.avi,75.9,0,0,,7049.66031484213,136.05684244791667,51.98572668870544,0.00208984375,0.006868489583333333,0.38667436079545453,9,1,3.366315024811172,1.2410318391227781,0,-9.202541868817693,-0.37340870171245655,41.20930862426758
videos__rec_20251130_030636__f017260.jpg,rec_20251130_030636.avi,69.7,0,0,,7138.934130611325,135.06349283854166,53.0497801601445,0.0022688802083333333,0.008125,0.29194779829545453,9,1,11.595603606941609,1.071726152881706,0,31.60221097719893,4.088374830945405,44.22298049926758
videos__rec_20251130_030636__f017280.jpg,rec_20251130_030636.avi,77.7,0,0,,7941.036158443028,134.400107421875,53.255739695692284,0.0024251302083333334,0.009222005208333333,0.2764263731060606,9,1,4.140229451855248,1.103994160254656,0,4.03246409907349,0.5551398963525145,44.32258987426758
videos__rec_20251130_030636__f017300.jpg,rec_20251130_030636.avi,66.5,0,0,,7047.634754447671,133.24040364583334,52.85470754561889,0.0019466145833333334,0.009189453125,0.2947147253787879,9,1,15.336595580704625,1.0560206319721737,0,16.110326858030138,2.14233077134395,40.20963668823242
videos__rec_20251130_030636__f017320.jpg,rec_20251130_030636.avi,62.2,0,0,,7081.09555201822,133.41333333333333,52.44033193419026,0.0017643229166666666,0.008678385416666667,0.32130385890151514,9,1,21.255842784737524,1.1034169354188688,0,2.5256981034043715,1.0636854882757163,43.3115234375
videos__rec_20251130_030636__f017340.jpg,rec_20251130_030636.avi,66.8,0,0,,7787.8491747956905,133.69984375,52.730420042820185,0.0019466145833333334,0.008430989583333333,0.3119821259469697,9,1,18.369484343922977,1.1745085552625214,0,-27.067754618856785,-7.461962281988691,43.09114456176758
videos__rec_20251130_030636__f017360.jpg,rec_20251130_030636.avi,65.8,0,0,,7026.368394907623,132.25918294270832,52.387171001403914,0.0016796875,0.008766276041666667,0.2794152462121212,9,1,16.53139935615991,1.1297692185497703,0,-24.693017797177763,-11.091131231535982,37.79296875
videos__rec_20251130_030636__f017380.jpg,rec_20251130_030636.avi,62.3,0,0,,6965.476325927058,131.41340169270833,52.698235308589084,0.00158203125,0.008662109375,0.21321614583333334,9,1,20.81262707700307,1.0451482858104653,0,-22.476566464248418,-8.323673944878855,42.81315231323242
videos__rec_20251130_030636__f017400.jpg,rec_20251130_030636.avi,79.3,0,0,,7671.25060257632,131.56089192708333,53.03402722286229,0.001748046875,0.0090234375,0.1825580018939394,9,1,1.1050336806729888,1.1358934366989117,0,-13.996106805926484,-26.048648274399167,44.84505081176758
videos__rec_20251130_030636__f017420.jpg,rec_20251130_030636.avi,75.9,0,0,,6566.930030070145,131.34095052083333,52.5419678128693,0.0013671875,0.007171223958333334,0.20121626420454544,9,1,3.436628256357835,1.1954270880821978,0,-6.004935213159972,-18.960941605200894,43.32780075073242
videos__rec_20251130_030636__f017440.jpg,rec_20251130_030636.avi,77.1,0,0,,6497.93692349646,130.74404947916668,52.50542007991541,0.00138671875,0.007854817708333333,0.19834576231060605,9,1,1.533697404650752,1.1416113025215044,0,-7.336064785524734,-13.294908397871854,31.626953125
videos__rec_20251130_030636__f017460.jpg,rec_20251130_030636.avi,76.8,0,0,ambiguous_row,7236.6836793102575,130.68073893229166,53.01884948908914,0.0014192708333333334,0.00822265625,0.21815814393939395,9,1,2.3395912755484005,1.0260693373644438,0,-3.914446985768615,-7.816999819651471,37.24674606323242
videos__rec_20251130_030636__f017480.jpg,rec_20251130_030636.avi,77.9,0,0,,6363.897005560302,130.53240885416668,52.729849507591574,0.0013736979166666667,0.007122395833333333,0.24267578125,9,1,1.0571501037453572,1.2514282866371098,0,-1.1082970638171652,2.520903869742561,38.9853515625
videos__rec_20251130_030636__f017500.jpg,rec_20251130_030636.avi,77.2,0,0,,6396.764413257588,130.65676106770835,52.57038358862479,0.0014485677083333334,0.00603515625,0.26953125,9,1,2.0796830449596655,1.2744548224357417,0,0.282899551349126,-0.8931690230954636,44.77506637573242
videos__rec_20251130_030636__f017520.jpg,rec_20251130_030636.avi,78.2,0,0,,7359.170783794392,131.097177734375,53.1691165459273,0.00166015625,0.0064453125,0.2672526041666667,9,1,1.4450616367561224,1.1489657976256058,0,5.896452607961725,3.1242681638742553,46.92155075073242
videos__rec_20251130_030636__f017540.jpg,rec_20251130_030636.avi,74.2,0,0,,6850.589859789997,131.248046875,52.97688153009813,0.0017057291666666666,0.00609375,0.22861919981060605,9,1,5.012047663010435,1.037704111254661,0,15.804901925205312,2.064648704178307,41.4013671875
videos__rec_20251130_030636__f017560.jpg,rec_20251130_030636.avi,75.2,0,0,,6887.623484261565,130.61515950520834,53.500483715753546,0.0018815104166666667,0.006155598958333334,0.19199810606060605,9,1,4.824422709765599,1.2685898068198413,0,14.803593004954935,2.5754438536711532,39.05208206176758
videos__rec_20251130_030636__f017580.jpg,rec_20251130_030636.avi,78.0,0,0,,7846.393147701422,130.3665234375,54.54984171271502,0.001845703125,0.007516276041666666,0.16820549242424243,9,1,3.543741868437081,1.039518324435792,0,-6.7081994231419175,-70.5751024717291,42.2265625
videos__rec_20251130_030636__f017600.jpg,rec_20251130_030636.avi,78.3,0,0,,6944.7887517901945,129.95088541666667,54.246009926685275,0.0016829427083333334,0.006923828125,0.19702888257575757,9,1,0.4899811137336627,1.1564516233249449,0,6.034169346737357,-75.72153554528047,40.28841018676758
videos__rec_20251130_030636__f017620.jpg,rec_20251130_030636.avi,76.8,0,0,,6936.415062608072,129.70117838541665,54.48203685396904,0.0015625,0.0069368489583333335,0.22971413352272727,9,1,2.16474310145486,1.090392614738436,0,-8.285995006436394,-11.778759640712977,42.53385543823242
videos__rec_20251130_030636__f017640.jpg,rec_20251130_030636.avi,78.7,0,0,,7808.046490400145,129.64474609375,55.36269643578843,0.00169921875,0.008206380208333334,0.2836026278409091,9,1,2.977527933993173,1.1182167451566691,0,-5.636618377429888,-90.01896215282038,43.48405075073242
videos__rec_20251130_030636__f017660.jpg,rec_20251130_030636.avi,73.8,0,0,,7130.54833366288,130.285517578125,54.90081136410044,0.001298828125,0.00748046875,0.3445046164772727,9,1,6.431237916415114,1.0445420805327261,0,-4.186291010871765,-4.390799884504197,43.57356643676758
videos__rec_20251130_030636__f017680.jpg,rec_20251130_030636.avi,72.7,0,0,ambiguous_row,7447.008801322257,130.59431315104166,54.684658005471455,0.00158203125,0.007034505208333333,0.3472271543560606,9,1,9.035917955979471,1.0183980537304167,0,-2.853241386485557,-2.879393821924161,45.2734375
videos__rec_20251130_030636__f017700.jpg,rec_20251130_030636.avi,76.2,0,0,,8432.77828034969,130.34016927083334,54.26981409925023,0.0016373697916666667,0.008515625,0.3370620265151515,9,1,8.140488475779591,1.0338032969334676,0,9.783804421814002,-10.684141229105677,46.68815231323242
videos__rec_20251130_030636__f017720.jpg,rec_20251130_030636.avi,77.2,0,0,ambiguous_row,7812.232746244801,129.64678059895834,52.91748876235628,0.0016373697916666667,0.008245442708333333,0.29863577178030304,9,1,3.9383273258434883,1.0295740643416096,0,9.485822149303214,-0.06373700978192787,44.423828125
videos__rec_20251130_030636__f017740.jpg,rec_20251130_030636.avi,79.3,0,0,,8116.706605463821,128.77313802083333,53.114554534836074,0.0016959635416666666,0.008167317708333333,0.22088068181818182,9,1,2.9591228596703445,1.1377018671177956,0,8.762683017699151,-5.675267486501152,43.00260543823242
videos__rec_20251130_030636__f017760.jpg,rec_20251130_030636.avi,82.0,0,0,,9057.211571554808,129.02819661458332,54.13527597316292,0.0023828125,0.008600260416666667,0.15727095170454544,9,1,4.512649328687814,1.414087380244786,0,9.349683021934743,-7.2163798090688225,47.64713668823242
videos__rec_20251130_030636__f017780.jpg,rec_20251130_030636.avi,79.5,0,0,,8297.764331813558,129.09397786458334,54.117608860091785,0.002724609375,0.006956380208333333,0.12744140625,9,1,1.011081812724072,1.2421899118392525,0,-0.1368138092779759,-96.48030446979064,46.64127731323242
