video,frame,t_sec,n_det,yolo_deg,yolo_ct_px,yolo_ct_cm
rec_20251130_030636.avi,videos__rec_20251130_030636__f000000.jpg,0.0,7,1.9661,21.99,2.36
rec_20251130_030636.avi,videos__rec_20251130_030636__f000020.jpg,1.0,7,2.1643,21.31,2.29
rec_20251130_030636.avi,videos__rec_20251130_030636__f000040.jpg,2.0,7,2.8270,22.66,2.44
rec_20251130_030636.avi,videos__rec_20251130_030636__f000060.jpg,3.0,7,2.7751,22.89,2.46
rec_20251130_030636.avi,videos__rec_20251130_030636__f000080.jpg,4.0,7,2.3045,21.40,2.30
rec_20251130_030636.avi,videos__rec_20251130_030636__f000100.jpg,5.0,7,3.3879,24.08,2.59
rec_20251130_030636.avi,videos__rec_20251130_030636__f000120.jpg,6.0,7,3.0477,22.97,2.47
rec_20251130_030636.avi,videos__rec_20251130_030636__f000140.jpg,7.0,9,3.1415,23.22,2.50
rec_20251130_030636.avi,videos__rec_20251130_030636__f000160.jpg,8.0,8,2.4313,21.43,2.30
rec_20251130_030636.avi,videos__rec_20251130_030636__f000180.jpg,9.0,8,2.6443,22.23,2.39
rec_20251130_030636.avi,videos__rec_20251130_030636__f000200.jpg,10.0,9,3.0773,23.46,2.52
rec_20251130_030636.avi,videos__rec_20251130_030636__f000220.jpg,11.0,9,2.8072,22.62,2.43
rec_20251130_030636.avi,videos__rec_20251130_030636__f000240.jpg,12.0,9,2.7354,22.54,2.42
rec_20251130_030636.avi,videos__rec_20251130_030636__f000260.jpg,13.0,9,2.8816,23.12,2.48
rec_20251130_030636.avi,videos__rec_20251130_030636__f000280.jpg,14.0,9,2.5153,21.94,2.36
rec_20251130_030636.avi,videos__rec_20251130_030636__f000300.jpg,15.0,8,2.7886,22.70,2.44
rec_20251130_030636.avi,videos__rec_20251130_030636__f000320.jpg,16.0,8,2.7625,22.81,2.45
rec_20251130_030636.avi,videos__rec_20251130_030636__f000340.jpg,17.0,8,4.0984,26.08,2.80
rec_20251130_030636.avi,videos__rec_20251130_030636__f000360.jpg,18.0,8,3.3648,23.68,2.55
rec_20251130_030636.avi,videos__rec_20251130_030636__f000380.jpg,19.0,8,3.0303,23.13,2.49
rec_20251130_030636.avi,videos__rec_20251130_030636__f000400.jpg,20.0,8,2.6735,22.11,2.38
rec_20251130_030636.avi,videos__rec_20251130_030636__f000420.jpg,21.0,7,2.7424,21.88,2.35
rec_20251130_030636.avi,videos__rec_20251130_030636__f000440.jpg,22.0,8,3.2691,23.31,2.51
rec_20251130_030636.avi,videos__rec_20251130_030636__f000460.jpg,23.0,8,3.2117,23.30,2.50
rec_20251130_030636.avi,videos__rec_20251130_030636__f000480.jpg,24.0,8,3.5740,25.02,2.69
rec_20251130_030636.avi,videos__rec_20251130_030636__f000500.jpg,25.0,8,2.6248,21.96,2.36
rec_20251130_030636.avi,videos__rec_20251130_030636__f000520.jpg,26.0,7,3.0624,23.44,2.52
rec_20251130_030636.avi,videos__rec_20251130_030636__f000540.jpg,27.0,8,2.7357,22.29,2.40
rec_20251130_030636.avi,videos__rec_20251130_030636__f000560.jpg,28.0,7,3.1117,23.04,2.48
rec_20251130_030636.avi,videos__rec_20251130_030636__f000580.jpg,29.0,7,3.2672,23.98,2.58
rec_20251130_030636.avi,videos__rec_20251130_030636__f000600.jpg,30.0,7,2.5429,21.86,2.35
rec_20251130_030636.avi,videos__rec_20251130_030636__f000620.jpg,31.0,7,3.5636,24.03,2.58
rec_20251130_030636.avi,videos__rec_20251130_030636__f000640.jpg,32.0,7,3.5951,24.90,2.68
rec_20251130_030636.avi,videos__rec_20251130_030636__f000660.jpg,33.0,7,2.8242,22.58,2.43
rec_20251130_030636.avi,videos__rec_20251130_030636__f000680.jpg,34.0,9,2.9247,23.14,2.49
rec_20251130_030636.avi,videos__rec_20251130_030636__f000700.jpg,35.0,7,2.8914,22.47,2.42
rec_20251130_030636.avi,videos__rec_20251130_030636__f000720.jpg,36.0,8,2.7923,22.57,2.43
rec_20251130_030636.avi,videos__rec_20251130_030636__f000740.jpg,37.0,9,2.9503,23.52,2.53
rec_20251130_030636.avi,videos__rec_20251130_030636__f000760.jpg,38.0,8,2.5104,21.98,2.36
rec_20251130_030636.avi,videos__rec_20251130_030636__f000780.jpg,39.0,8,2.4833,21.93,2.36
rec_20251130_030636.avi,videos__rec_20251130_030636__f000800.jpg,40.0,8,2.5443,22.21,2.39
rec_20251130_030636.avi,videos__rec_20251130_030636__f000820.jpg,41.0,9,2.3693,21.46,2.31
rec_20251130_030636.avi,videos__rec_20251130_030636__f000840.jpg,42.0,9,2.9178,22.98,2.47
rec_20251130_030636.avi,videos__rec_20251130_030636__f000860.jpg,43.0,9,3.1242,23.53,2.53
rec_20251130_030636.avi,videos__rec_20251130_030636__f000880.jpg,44.0,9,3.2826,23.69,2.55
rec_20251130_030636.avi,videos__rec_20251130_030636__f000900.jpg,45.0,9,3.6309,24.97,2.68
rec_20251130_030636.avi,videos__rec_20251130_030636__f000920.jpg,46.0,8,2.5241,22.59,2.43
rec_20251130_030636.avi,videos__rec_20251130_030636__f000940.jpg,47.0,9,3.2269,23.83,2.56
rec_20251130_030636.avi,videos__rec_20251130_030636__f000960.jpg,48.0,7,3.0708,23.46,2.52
rec_20251130_030636.avi,videos__rec_20251130_030636__f000980.jpg,49.0,8,2.5715,22.35,2.40
rec_20251130_030636.avi,videos__rec_20251130_030636__f001000.jpg,50.0,8,3.0947,23.95,2.57
rec_20251130_030636.avi,videos__rec_20251130_030636__f001020.jpg,51.0,8,2.7963,22.59,2.43
rec_20251130_030636.avi,videos__rec_20251130_030636__f001040.jpg,52.0,8,2.3982,22.10,2.38
rec_20251130_030636.avi,videos__rec_20251130_030636__f001060.jpg,53.0,8,3.2925,24.21,2.60
rec_20251130_030636.avi,videos__rec_20251130_030636__f001080.jpg,54.0,8,2.3033,21.62,2.32
rec_20251130_030636.avi,videos__rec_20251130_030636__f001100.jpg,55.0,8,2.7741,22.86,2.46
rec_20251130_030636.avi,videos__rec_20251130_030636__f001120.jpg,56.0,9,2.7346,22.20,2.39
rec_20251130_030636.avi,videos__rec_20251130_030636__f001140.jpg,57.0,8,3.4882,24.51,2.63
rec_20251130_030636.avi,videos__rec_20251130_030636__f001160.jpg,58.0,8,3.2509,23.76,2.55
rec_20251130_030636.avi,videos__rec_20251130_030636__f001180.jpg,59.0,9,2.9318,23.34,2.51
rec_20251130_030636.avi,videos__rec_20251130_030636__f001200.jpg,60.0,9,3.3520,23.95,2.57
rec_20251130_030636.avi,videos__rec_20251130_030636__f001220.jpg,61.0,8,3.6909,25.22,2.71
rec_20251130_030636.avi,videos__rec_20251130_030636__f001240.jpg,62.0,8,3.9018,25.92,2.79
rec_20251130_030636.avi,videos__rec_20251130_030636__f001260.jpg,63.0,8,4.5162,27.31,2.93
rec_20251130_030636.avi,videos__rec_20251130_030636__f001280.jpg,64.0,8,3.5615,24.96,2.68
rec_20251130_030636.avi,videos__rec_20251130_030636__f001300.jpg,65.0,8,3.1145,23.62,2.54
rec_20251130_030636.avi,videos__rec_20251130_030636__f001320.jpg,66.0,8,2.8171,23.15,2.49
rec_20251130_030636.avi,videos__rec_20251130_030636__f001340.jpg,67.0,8,2.8584,22.91,2.46
rec_20251130_030636.avi,videos__rec_20251130_030636__f001360.jpg,68.0,9,4.0244,26.17,2.81
rec_20251130_030636.avi,videos__rec_20251130_030636__f001380.jpg,69.0,8,3.3596,23.87,2.56
rec_20251130_030636.avi,videos__rec_20251130_030636__f001400.jpg,70.0,8,4.0903,25.81,2.77
rec_20251130_030636.avi,videos__rec_20251130_030636__f001420.jpg,71.0,8,1.9580,20.64,2.22
rec_20251130_030636.avi,videos__rec_20251130_030636__f001440.jpg,72.0,9,2.3013,21.59,2.32
rec_20251130_030636.avi,videos__rec_20251130_030636__f001460.jpg,73.0,9,2.4298,21.95,2.36
rec_20251130_030636.avi,videos__rec_20251130_030636__f001480.jpg,74.0,9,1.5985,19.51,2.10
rec_20251130_030636.avi,videos__rec_20251130_030636__f001500.jpg,75.0,9,3.1268,23.08,2.48
rec_20251130_030636.avi,videos__rec_20251130_030636__f001520.jpg,76.0,9,1.5240,19.16,2.06
rec_20251130_030636.avi,videos__rec_20251130_030636__f001540.jpg,77.0,9,1.6180,19.54,2.10
rec_20251130_030636.avi,videos__rec_20251130_030636__f001560.jpg,78.0,9,3.3150,24.10,2.59
rec_20251130_030636.avi,videos__rec_20251130_030636__f001580.jpg,79.0,8,2.7358,22.79,2.45
rec_20251130_030636.avi,videos__rec_20251130_030636__f001600.jpg,80.0,8,0.7859,17.39,1.87
rec_20251130_030636.avi,videos__rec_20251130_030636__f001640.jpg,82.0,8,2.7446,21.44,2.30
rec_20251130_030636.avi,videos__rec_20251130_030636__f001660.jpg,83.0,6,4.3241,27.01,2.90
rec_20251130_030636.avi,videos__rec_20251130_030636__f001680.jpg,84.0,8,4.5388,26.74,2.87
rec_20251130_030636.avi,videos__rec_20251130_030636__f001700.jpg,85.0,9,3.2746,24.16,2.60
rec_20251130_030636.avi,videos__rec_20251130_030636__f001720.jpg,86.0,8,4.7963,27.70,2.98
rec_20251130_030636.avi,videos__rec_20251130_030636__f001740.jpg,87.0,9,2.6166,22.14,2.38
rec_20251130_030636.avi,videos__rec_20251130_030636__f001760.jpg,88.0,8,3.4899,24.64,2.65
rec_20251130_030636.avi,videos__rec_20251130_030636__f001780.jpg,89.0,9,2.3536,21.74,2.34
rec_20251130_030636.avi,videos__rec_20251130_030636__f001800.jpg,90.0,10,2.0910,20.44,2.20
rec_20251130_030636.avi,videos__rec_20251130_030636__f001820.jpg,91.0,10,2.2885,21.17,2.28
rec_20251130_030636.avi,videos__rec_20251130_030636__f001840.jpg,92.0,9,3.1203,23.35,2.51
rec_20251130_030636.avi,videos__rec_20251130_030636__f001860.jpg,93.0,9,4.0781,25.62,2.75
rec_20251130_030636.avi,videos__rec_20251130_030636__f001880.jpg,94.0,9,3.3470,23.79,2.56
rec_20251130_030636.avi,videos__rec_20251130_030636__f001900.jpg,95.0,9,2.2797,21.44,2.30
rec_20251130_030636.avi,videos__rec_20251130_030636__f001920.jpg,96.0,9,2.7234,22.49,2.42
rec_20251130_030636.avi,videos__rec_20251130_030636__f001940.jpg,97.0,9,3.0927,23.52,2.53
rec_20251130_030636.avi,videos__rec_20251130_030636__f001960.jpg,98.0,10,1.7898,20.03,2.15
rec_20251130_030636.avi,videos__rec_20251130_030636__f001980.jpg,99.0,9,2.1975,21.27,2.29
rec_20251130_030636.avi,videos__rec_20251130_030636__f002000.jpg,100.0,10,3.0381,22.99,2.47
rec_20251130_030636.avi,videos__rec_20251130_030636__f002020.jpg,101.0,9,2.7038,22.23,2.39
rec_20251130_030636.avi,videos__rec_20251130_030636__f002040.jpg,102.0,10,3.6260,25.46,2.74
rec_20251130_030636.avi,videos__rec_20251130_030636__f002060.jpg,103.0,9,3.8793,25.69,2.76
rec_20251130_030636.avi,videos__rec_20251130_030636__f002080.jpg,104.0,10,2.4305,22.33,2.40
rec_20251130_030636.avi,videos__rec_20251130_030636__f002100.jpg,105.0,10,2.7063,22.69,2.44
rec_20251130_030636.avi,videos__rec_20251130_030636__f002120.jpg,106.0,11,2.3779,21.80,2.34
rec_20251130_030636.avi,videos__rec_20251130_030636__f002140.jpg,107.0,10,2.6507,22.19,2.39
rec_20251130_030636.avi,videos__rec_20251130_030636__f002160.jpg,108.0,10,2.8723,23.12,2.48
rec_20251130_030636.avi,videos__rec_20251130_030636__f002180.jpg,109.0,9,2.6879,22.49,2.42
rec_20251130_030636.avi,videos__rec_20251130_030636__f002200.jpg,110.0,11,3.4543,24.35,2.62
rec_20251130_030636.avi,videos__rec_20251130_030636__f002220.jpg,111.0,10,2.1704,21.32,2.29
rec_20251130_030636.avi,videos__rec_20251130_030636__f002240.jpg,112.0,9,2.0229,20.87,2.24
rec_20251130_030636.avi,videos__rec_20251130_030636__f002260.jpg,113.0,10,1.4281,18.64,2.00
rec_20251130_030636.avi,videos__rec_20251130_030636__f002280.jpg,114.0,9,2.2438,20.71,2.23
rec_20251130_030636.avi,videos__rec_20251130_030636__f002300.jpg,115.0,9,2.2856,20.56,2.21
rec_20251130_030636.avi,videos__rec_20251130_030636__f002320.jpg,116.0,10,2.1941,20.83,2.24
rec_20251130_030636.avi,videos__rec_20251130_030636__f002340.jpg,117.0,9,2.6806,22.37,2.40
rec_20251130_030636.avi,videos__rec_20251130_030636__f002360.jpg,118.0,9,2.3533,21.15,2.27
rec_20251130_030636.avi,videos__rec_20251130_030636__f002380.jpg,119.0,8,2.1211,20.79,2.23
rec_20251130_030636.avi,videos__rec_20251130_030636__f002400.jpg,120.0,7,2.2689,20.93,2.25
rec_20251130_030636.avi,videos__rec_20251130_030636__f002420.jpg,121.0,7,1.4458,19.13,2.06
rec_20251130_030636.avi,videos__rec_20251130_030636__f002440.jpg,122.0,9,1.5897,19.39,2.08
rec_20251130_030636.avi,videos__rec_20251130_030636__f002460.jpg,123.0,9,3.8182,25.29,2.72
rec_20251130_030636.avi,videos__rec_20251130_030636__f002480.jpg,124.0,8,3.8138,25.00,2.69
rec_20251130_030636.avi,videos__rec_20251130_030636__f002500.jpg,125.0,10,0.8508,17.75,1.91
rec_20251130_030636.avi,videos__rec_20251130_030636__f002520.jpg,126.0,9,1.0345,17.86,1.92
rec_20251130_030636.avi,videos__rec_20251130_030636__f002540.jpg,127.0,9,1.1762,18.44,1.98
rec_20251130_030636.avi,videos__rec_20251130_030636__f002560.jpg,128.0,9,2.6219,22.37,2.40
rec_20251130_030636.avi,videos__rec_20251130_030636__f002580.jpg,129.0,9,1.7561,20.15,2.17
rec_20251130_030636.avi,videos__rec_20251130_030636__f002600.jpg,130.0,9,1.5165,19.49,2.09
rec_20251130_030636.avi,videos__rec_20251130_030636__f002620.jpg,131.0,8,1.0415,18.50,1.99
rec_20251130_030636.avi,videos__rec_20251130_030636__f002640.jpg,132.0,9,4.9756,28.31,3.04
rec_20251130_030636.avi,videos__rec_20251130_030636__f002660.jpg,133.0,7,1.9267,20.33,2.18
rec_20251130_030636.avi,videos__rec_20251130_030636__f002680.jpg,134.0,9,1.6245,19.67,2.11
rec_20251130_030636.avi,videos__rec_20251130_030636__f002700.jpg,135.0,8,3.7227,24.79,2.66
rec_20251130_030636.avi,videos__rec_20251130_030636__f002720.jpg,136.0,8,1.6039,19.39,2.08
rec_20251130_030636.avi,videos__rec_20251130_030636__f002740.jpg,137.0,7,2.9392,22.53,2.42
rec_20251130_030636.avi,videos__rec_20251130_030636__f002760.jpg,138.0,9,2.0297,20.26,2.18
rec_20251130_030636.avi,videos__rec_20251130_030636__f002780.jpg,139.0,9,2.7902,22.78,2.45
rec_20251130_030636.avi,videos__rec_20251130_030636__f002800.jpg,140.0,8,1.2880,18.57,2.00
rec_20251130_030636.avi,videos__rec_20251130_030636__f002820.jpg,141.0,8,1.1294,17.69,1.90
rec_20251130_030636.avi,videos__rec_20251130_030636__f002840.jpg,142.0,8,1.7990,20.29,2.18
rec_20251130_030636.avi,videos__rec_20251130_030636__f002860.jpg,143.0,9,1.7637,19.77,2.13
rec_20251130_030636.avi,videos__rec_20251130_030636__f002880.jpg,144.0,8,0.9520,17.69,1.90
rec_20251130_030636.avi,videos__rec_20251130_030636__f002900.jpg,145.0,9,2.3660,21.49,2.31
rec_20251130_030636.avi,videos__rec_20251130_030636__f002920.jpg,146.0,9,0.7998,17.19,1.85
rec_20251130_030636.avi,videos__rec_20251130_030636__f002940.jpg,147.0,8,3.0444,22.86,2.46
rec_20251130_030636.avi,videos__rec_20251130_030636__f002960.jpg,148.0,9,0.5020,16.30,1.75
rec_20251130_030636.avi,videos__rec_20251130_030636__f002980.jpg,149.0,8,1.4896,19.02,2.04
rec_20251130_030636.avi,videos__rec_20251130_030636__f003000.jpg,150.0,8,1.0195,17.36,1.87
rec_20251130_030636.avi,videos__rec_20251130_030636__f003020.jpg,151.0,7,1.5263,19.32,2.08
rec_20251130_030636.avi,videos__rec_20251130_030636__f003040.jpg,152.0,8,1.9784,21.33,2.29
rec_20251130_030636.avi,videos__rec_20251130_030636__f003060.jpg,153.0,8,2.8505,22.45,2.41
rec_20251130_030636.avi,videos__rec_20251130_030636__f003080.jpg,154.0,7,1.7402,19.56,2.10
rec_20251130_030636.avi,videos__rec_20251130_030636__f003100.jpg,155.0,7,2.5835,21.65,2.33
rec_20251130_030636.avi,videos__rec_20251130_030636__f003120.jpg,156.0,7,2.4048,22.00,2.36
rec_20251130_030636.avi,videos__rec_20251130_030636__f003140.jpg,157.0,7,3.3726,24.30,2.61
rec_20251130_030636.avi,videos__rec_20251130_030636__f003160.jpg,158.0,6,1.6075,18.94,2.04
rec_20251130_030636.avi,videos__rec_20251130_030636__f003180.jpg,159.0,7,0.4246,16.52,1.78
rec_20251130_030636.avi,videos__rec_20251130_030636__f003200.jpg,160.0,6,1.9447,20.65,2.22
rec_20251130_030636.avi,videos__rec_20251130_030636__f003220.jpg,161.0,6,3.4444,24.77,2.66
rec_20251130_030636.avi,videos__rec_20251130_030636__f003240.jpg,162.0,6,2.2032,21.19,2.28
rec_20251130_030636.avi,videos__rec_20251130_030636__f003260.jpg,163.0,6,2.3911,22.11,2.38
rec_20251130_030636.avi,videos__rec_20251130_030636__f003280.jpg,164.0,6,2.6527,22.97,2.47
rec_20251130_030636.avi,videos__rec_20251130_030636__f003300.jpg,165.0,6,2.2672,21.06,2.26
rec_20251130_030636.avi,videos__rec_20251130_030636__f003320.jpg,166.0,6,2.5418,22.85,2.46
rec_20251130_030636.avi,videos__rec_20251130_030636__f003340.jpg,167.0,7,3.0457,23.92,2.57
rec_20251130_030636.avi,videos__rec_20251130_030636__f003360.jpg,168.0,7,3.8104,26.36,2.83
rec_20251130_030636.avi,videos__rec_20251130_030636__f003380.jpg,169.0,6,3.0647,24.66,2.65
rec_20251130_030636.avi,videos__rec_20251130_030636__f003400.jpg,170.0,7,1.8709,21.11,2.27
rec_20251130_030636.avi,videos__rec_20251130_030636__f003420.jpg,171.0,7,0.9710,17.84,1.92
rec_20251130_030636.avi,videos__rec_20251130_030636__f003440.jpg,172.0,7,2.8435,22.57,2.43
rec_20251130_030636.avi,videos__rec_20251130_030636__f003460.jpg,173.0,7,2.4545,22.10,2.37
rec_20251130_030636.avi,videos__rec_20251130_030636__f003480.jpg,174.0,7,2.7854,23.09,2.48
rec_20251130_030636.avi,videos__rec_20251130_030636__f003500.jpg,175.0,6,2.1207,21.48,2.31
rec_20251130_030636.avi,videos__rec_20251130_030636__f003520.jpg,176.0,6,3.1343,24.17,2.60
rec_20251130_030636.avi,videos__rec_20251130_030636__f003540.jpg,177.0,6,2.1819,21.77,2.34
rec_20251130_030636.avi,videos__rec_20251130_030636__f003560.jpg,178.0,6,1.6766,20.61,2.21
rec_20251130_030636.avi,videos__rec_20251130_030636__f003580.jpg,179.0,6,3.0674,23.26,2.50
rec_20251130_030636.avi,videos__rec_20251130_030636__f003600.jpg,180.0,6,4.0178,26.50,2.85
rec_20251130_030636.avi,videos__rec_20251130_030636__f003620.jpg,181.0,6,3.5247,25.32,2.72
rec_20251130_030636.avi,videos__rec_20251130_030636__f003640.jpg,182.0,6,3.3546,24.53,2.64
rec_20251130_030636.avi,videos__rec_20251130_030636__f003660.jpg,183.0,6,3.5320,25.73,2.77
rec_20251130_030636.avi,videos__rec_20251130_030636__f003680.jpg,184.0,6,3.7922,25.84,2.78
rec_20251130_030636.avi,videos__rec_20251130_030636__f003700.jpg,185.0,6,3.5055,24.72,2.66
rec_20251130_030636.avi,videos__rec_20251130_030636__f003720.jpg,186.0,6,3.1149,24.57,2.64
rec_20251130_030636.avi,videos__rec_20251130_030636__f003740.jpg,187.0,6,3.8781,26.42,2.84
rec_20251130_030636.avi,videos__rec_20251130_030636__f003760.jpg,188.0,6,3.3605,24.43,2.63
rec_20251130_030636.avi,videos__rec_20251130_030636__f003780.jpg,189.0,6,3.3673,24.67,2.65
rec_20251130_030636.avi,videos__rec_20251130_030636__f003800.jpg,190.0,6,2.7713,22.88,2.46
rec_20251130_030636.avi,videos__rec_20251130_030636__f003820.jpg,191.0,6,3.2801,24.42,2.62
rec_20251130_030636.avi,videos__rec_20251130_030636__f003840.jpg,192.0,6,3.1724,24.76,2.66
rec_20251130_030636.avi,videos__rec_20251130_030636__f003860.jpg,193.0,7,2.7189,22.56,2.43
rec_20251130_030636.avi,videos__rec_20251130_030636__f003880.jpg,194.0,6,1.6307,19.73,2.12
rec_20251130_030636.avi,videos__rec_20251130_030636__f003900.jpg,195.0,7,2.7272,22.98,2.47
rec_20251130_030636.avi,videos__rec_20251130_030636__f003920.jpg,196.0,6,2.3022,22.03,2.37
rec_20251130_030636.avi,videos__rec_20251130_030636__f003940.jpg,197.0,7,2.1150,21.32,2.29
rec_20251130_030636.avi,videos__rec_20251130_030636__f003960.jpg,198.0,6,2.9445,23.64,2.54
rec_20251130_030636.avi,videos__rec_20251130_030636__f003980.jpg,199.0,7,2.1445,21.33,2.29
rec_20251130_030636.avi,videos__rec_20251130_030636__f004000.jpg,200.0,6,2.0655,21.48,2.31
rec_20251130_030636.avi,videos__rec_20251130_030636__f004020.jpg,201.0,6,1.8529,20.60,2.21
rec_20251130_030636.avi,videos__rec_20251130_030636__f004040.jpg,202.0,7,2.1323,21.46,2.31
rec_20251130_030636.avi,videos__rec_20251130_030636__f004060.jpg,203.0,6,2.7930,23.16,2.49
rec_20251130_030636.avi,videos__rec_20251130_030636__f004080.jpg,204.0,7,2.1417,21.63,2.33
rec_20251130_030636.avi,videos__rec_20251130_030636__f004100.jpg,205.0,6,3.0436,23.46,2.52
rec_20251130_030636.avi,videos__rec_20251130_030636__f004120.jpg,206.0,8,2.4799,22.00,2.36
rec_20251130_030636.avi,videos__rec_20251130_030636__f004140.jpg,207.0,7,1.9303,20.85,2.24
rec_20251130_030636.avi,videos__rec_20251130_030636__f004160.jpg,208.0,8,2.2665,21.60,2.32
rec_20251130_030636.avi,videos__rec_20251130_030636__f004180.jpg,209.0,6,2.2200,21.41,2.30
rec_20251130_030636.avi,videos__rec_20251130_030636__f004200.jpg,210.0,6,2.3903,22.23,2.39
rec_20251130_030636.avi,videos__rec_20251130_030636__f004220.jpg,211.0,6,3.2128,23.90,2.57
rec_20251130_030636.avi,videos__rec_20251130_030636__f004240.jpg,212.0,6,2.2953,21.25,2.28
rec_20251130_030636.avi,videos__rec_20251130_030636__f004260.jpg,213.0,6,2.1977,20.85,2.24
rec_20251130_030636.avi,videos__rec_20251130_030636__f004280.jpg,214.0,6,2.6365,21.55,2.32
rec_20251130_030636.avi,videos__rec_20251130_030636__f004300.jpg,215.0,7,1.7887,19.81,2.13
rec_20251130_030636.avi,videos__rec_20251130_030636__f004320.jpg,216.0,6,2.1250,21.26,2.29
rec_20251130_030636.avi,videos__rec_20251130_030636__f004340.jpg,217.0,6,2.5243,21.75,2.34
rec_20251130_030636.avi,videos__rec_20251130_030636__f004360.jpg,218.0,7,1.8981,20.51,2.20
rec_20251130_030636.avi,videos__rec_20251130_030636__f004380.jpg,219.0,9,2.6331,21.89,2.35
rec_20251130_030636.avi,videos__rec_20251130_030636__f004400.jpg,220.0,9,2.0763,20.50,2.20
rec_20251130_030636.avi,videos__rec_20251130_030636__f004420.jpg,221.0,9,1.9981,21.05,2.26
rec_20251130_030636.avi,videos__rec_20251130_030636__f004440.jpg,222.0,8,2.5542,22.36,2.40
rec_20251130_030636.avi,videos__rec_20251130_030636__f004460.jpg,223.0,7,2.2034,21.38,2.30
rec_20251130_030636.avi,videos__rec_20251130_030636__f004480.jpg,224.0,7,1.6940,19.27,2.07
rec_20251130_030636.avi,videos__rec_20251130_030636__f004500.jpg,225.0,7,2.4257,21.61,2.32
rec_20251130_030636.avi,videos__rec_20251130_030636__f004520.jpg,226.0,9,1.7257,19.88,2.14
rec_20251130_030636.avi,videos__rec_20251130_030636__f004540.jpg,227.0,9,2.1742,20.91,2.25
rec_20251130_030636.avi,videos__rec_20251130_030636__f004560.jpg,228.0,7,2.1124,20.98,2.26
rec_20251130_030636.avi,videos__rec_20251130_030636__f004580.jpg,229.0,8,2.5651,22.09,2.37
rec_20251130_030636.avi,videos__rec_20251130_030636__f004600.jpg,230.0,7,1.8983,20.74,2.23
rec_20251130_030636.avi,videos__rec_20251130_030636__f004620.jpg,231.0,8,1.3713,18.56,2.00
rec_20251130_030636.avi,videos__rec_20251130_030636__f004640.jpg,232.0,7,2.3709,21.41,2.30
rec_20251130_030636.avi,videos__rec_20251130_030636__f004660.jpg,233.0,7,2.2300,20.78,2.23
rec_20251130_030636.avi,videos__rec_20251130_030636__f004680.jpg,234.0,8,2.0015,20.84,2.24
rec_20251130_030636.avi,videos__rec_20251130_030636__f004700.jpg,235.0,8,1.9664,20.31,2.18
rec_20251130_030636.avi,videos__rec_20251130_030636__f004720.jpg,236.0,7,1.8080,19.74,2.12
rec_20251130_030636.avi,videos__rec_20251130_030636__f004740.jpg,237.0,8,2.8943,22.92,2.46
rec_20251130_030636.avi,videos__rec_20251130_030636__f004760.jpg,238.0,7,1.9194,20.23,2.17
rec_20251130_030636.avi,videos__rec_20251130_030636__f004780.jpg,239.0,7,2.0979,20.49,2.20
rec_20251130_030636.avi,videos__rec_20251130_030636__f004800.jpg,240.0,7,2.4338,21.51,2.31
rec_20251130_030636.avi,videos__rec_20251130_030636__f004820.jpg,241.0,8,1.6052,18.70,2.01
rec_20251130_030636.avi,videos__rec_20251130_030636__f004840.jpg,242.0,8,2.4868,21.69,2.33
rec_20251130_030636.avi,videos__rec_20251130_030636__f004860.jpg,243.0,9,2.5289,22.10,2.37
rec_20251130_030636.avi,videos__rec_20251130_030636__f004880.jpg,244.0,9,3.0901,23.00,2.47
rec_20251130_030636.avi,videos__rec_20251130_030636__f004900.jpg,245.0,9,2.0773,20.67,2.22
rec_20251130_030636.avi,videos__rec_20251130_030636__f004920.jpg,246.0,9,1.8539,19.77,2.12
rec_20251130_030636.avi,videos__rec_20251130_030636__f004940.jpg,247.0,9,1.7849,19.02,2.04
rec_20251130_030636.avi,videos__rec_20251130_030636__f004960.jpg,248.0,9,1.9706,20.34,2.19
rec_20251130_030636.avi,videos__rec_20251130_030636__f004980.jpg,249.0,9,2.2489,20.60,2.21
rec_20251130_030636.avi,videos__rec_20251130_030636__f005000.jpg,250.0,8,2.2475,20.77,2.23
rec_20251130_030636.avi,videos__rec_20251130_030636__f005020.jpg,251.0,8,1.9378,19.93,2.14
rec_20251130_030636.avi,videos__rec_20251130_030636__f005040.jpg,252.0,8,2.6998,22.45,2.41
rec_20251130_030636.avi,videos__rec_20251130_030636__f005060.jpg,253.0,9,2.8162,22.48,2.42
rec_20251130_030636.avi,videos__rec_20251130_030636__f005080.jpg,254.0,9,2.5949,21.86,2.35
rec_20251130_030636.avi,videos__rec_20251130_030636__f005100.jpg,255.0,9,2.0224,20.45,2.20
rec_20251130_030636.avi,videos__rec_20251130_030636__f005120.jpg,256.0,9,1.9926,20.63,2.22
rec_20251130_030636.avi,videos__rec_20251130_030636__f005140.jpg,257.0,9,3.0972,23.08,2.48
rec_20251130_030636.avi,videos__rec_20251130_030636__f005160.jpg,258.0,9,1.7184,19.48,2.09
rec_20251130_030636.avi,videos__rec_20251130_030636__f005180.jpg,259.0,9,2.1091,20.85,2.24
rec_20251130_030636.avi,videos__rec_20251130_030636__f005200.jpg,260.0,9,1.5424,19.23,2.07
rec_20251130_030636.avi,videos__rec_20251130_030636__f005220.jpg,261.0,9,1.6867,19.15,2.06
rec_20251130_030636.avi,videos__rec_20251130_030636__f005240.jpg,262.0,9,2.1278,21.10,2.27
rec_20251130_030636.avi,videos__rec_20251130_030636__f005260.jpg,263.0,9,2.3896,21.78,2.34
rec_20251130_030636.avi,videos__rec_20251130_030636__f005280.jpg,264.0,9,1.7464,19.23,2.07
rec_20251130_030636.avi,videos__rec_20251130_030636__f005300.jpg,265.0,9,2.2096,21.11,2.27
rec_20251130_030636.avi,videos__rec_20251130_030636__f005320.jpg,266.0,9,1.5322,19.22,2.07
rec_20251130_030636.avi,videos__rec_20251130_030636__f005340.jpg,267.0,9,1.3839,18.71,2.01
rec_20251130_030636.avi,videos__rec_20251130_030636__f005360.jpg,268.0,9,1.6614,19.32,2.08
rec_20251130_030636.avi,videos__rec_20251130_030636__f005380.jpg,269.0,9,1.9599,20.35,2.19
rec_20251130_030636.avi,videos__rec_20251130_030636__f005400.jpg,270.0,8,2.2406,21.23,2.28
rec_20251130_030636.avi,videos__rec_20251130_030636__f005420.jpg,271.0,9,2.0011,20.28,2.18
rec_20251130_030636.avi,videos__rec_20251130_030636__f005440.jpg,272.0,7,1.8416,19.98,2.15
rec_20251130_030636.avi,videos__rec_20251130_030636__f005460.jpg,273.0,7,1.8498,20.49,2.20
rec_20251130_030636.avi,videos__rec_20251130_030636__f005480.jpg,274.0,7,2.8253,23.05,2.48
rec_20251130_030636.avi,videos__rec_20251130_030636__f005500.jpg,275.0,7,2.4013,21.71,2.33
rec_20251130_030636.avi,videos__rec_20251130_030636__f005520.jpg,276.0,7,1.0989,18.33,1.97
rec_20251130_030636.avi,videos__rec_20251130_030636__f005540.jpg,277.0,7,1.8563,20.46,2.20
rec_20251130_030636.avi,videos__rec_20251130_030636__f005560.jpg,278.0,7,2.0256,20.74,2.23
rec_20251130_030636.avi,videos__rec_20251130_030636__f005580.jpg,279.0,7,2.3753,21.74,2.34
rec_20251130_030636.avi,videos__rec_20251130_030636__f005600.jpg,280.0,7,2.2516,21.46,2.31
rec_20251130_030636.avi,videos__rec_20251130_030636__f005620.jpg,281.0,7,2.3306,21.65,2.33
rec_20251130_030636.avi,videos__rec_20251130_030636__f005640.jpg,282.0,7,2.0762,21.25,2.28
rec_20251130_030636.avi,videos__rec_20251130_030636__f005660.jpg,283.0,7,1.8063,20.32,2.18
rec_20251130_030636.avi,videos__rec_20251130_030636__f005680.jpg,284.0,7,1.8797,19.75,2.12
rec_20251130_030636.avi,videos__rec_20251130_030636__f005700.jpg,285.0,7,1.4660,19.60,2.11
rec_20251130_030636.avi,videos__rec_20251130_030636__f005720.jpg,286.0,7,1.6961,19.67,2.11
rec_20251130_030636.avi,videos__rec_20251130_030636__f005740.jpg,287.0,6,1.0188,17.25,1.85
rec_20251130_030636.avi,videos__rec_20251130_030636__f005760.jpg,288.0,6,2.3334,21.35,2.29
rec_20251130_030636.avi,videos__rec_20251130_030636__f005780.jpg,289.0,6,2.4656,21.57,2.32
rec_20251130_030636.avi,videos__rec_20251130_030636__f005800.jpg,290.0,6,2.6900,22.31,2.40
rec_20251130_030636.avi,videos__rec_20251130_030636__f005820.jpg,291.0,7,1.7889,19.83,2.13
rec_20251130_030636.avi,videos__rec_20251130_030636__f005840.jpg,292.0,8,2.1790,21.28,2.29
rec_20251130_030636.avi,videos__rec_20251130_030636__f005860.jpg,293.0,9,1.7374,19.77,2.13
rec_20251130_030636.avi,videos__rec_20251130_030636__f005880.jpg,294.0,9,3.0985,23.79,2.56
rec_20251130_030636.avi,videos__rec_20251130_030636__f005900.jpg,295.0,9,1.2508,18.47,1.99
rec_20251130_030636.avi,videos__rec_20251130_030636__f005920.jpg,296.0,9,1.3898,18.83,2.02
rec_20251130_030636.avi,videos__rec_20251130_030636__f005940.jpg,297.0,9,2.3251,20.51,2.20
rec_20251130_030636.avi,videos__rec_20251130_030636__f005960.jpg,298.0,9,1.4196,19.13,2.06
rec_20251130_030636.avi,videos__rec_20251130_030636__f005980.jpg,299.0,7,2.2091,21.02,2.26
rec_20251130_030636.avi,videos__rec_20251130_030636__f006000.jpg,300.0,7,1.8151,20.25,2.18
rec_20251130_030636.avi,videos__rec_20251130_030636__f006020.jpg,301.0,8,1.5407,19.25,2.07
rec_20251130_030636.avi,videos__rec_20251130_030636__f006040.jpg,302.0,9,1.4720,19.23,2.07
rec_20251130_030636.avi,videos__rec_20251130_030636__f006060.jpg,303.0,9,1.3346,18.65,2.00
rec_20251130_030636.avi,videos__rec_20251130_030636__f006080.jpg,304.0,9,1.8992,20.42,2.19
rec_20251130_030636.avi,videos__rec_20251130_030636__f006100.jpg,305.0,9,1.0954,18.07,1.94
rec_20251130_030636.avi,videos__rec_20251130_030636__f006120.jpg,306.0,9,1.4491,19.37,2.08
rec_20251130_030636.avi,videos__rec_20251130_030636__f006140.jpg,307.0,9,1.5257,19.37,2.08
rec_20251130_030636.avi,videos__rec_20251130_030636__f006160.jpg,308.0,9,1.4568,19.29,2.07
rec_20251130_030636.avi,videos__rec_20251130_030636__f006180.jpg,309.0,9,1.8321,20.75,2.23
rec_20251130_030636.avi,videos__rec_20251130_030636__f006200.jpg,310.0,9,1.8995,20.88,2.24
rec_20251130_030636.avi,videos__rec_20251130_030636__f006240.jpg,312.0,7,1.2514,18.28,1.96
rec_20251130_030636.avi,videos__rec_20251130_030636__f006260.jpg,313.0,7,1.1163,18.85,2.03
rec_20251130_030636.avi,videos__rec_20251130_030636__f006280.jpg,314.0,9,1.0001,17.85,1.92
rec_20251130_030636.avi,videos__rec_20251130_030636__f006320.jpg,316.0,8,1.0711,18.04,1.94
rec_20251130_030636.avi,videos__rec_20251130_030636__f006340.jpg,317.0,7,2.0924,21.12,2.27
rec_20251130_030636.avi,videos__rec_20251130_030636__f006360.jpg,318.0,7,1.2621,18.91,2.03
rec_20251130_030636.avi,videos__rec_20251130_030636__f006380.jpg,319.0,7,1.0161,17.79,1.91
rec_20251130_030636.avi,videos__rec_20251130_030636__f006400.jpg,320.0,7,1.3465,19.28,2.07
rec_20251130_030636.avi,videos__rec_20251130_030636__f006420.jpg,321.0,7,1.2419,19.30,2.07
rec_20251130_030636.avi,videos__rec_20251130_030636__f006440.jpg,322.0,7,1.6417,20.07,2.16
rec_20251130_030636.avi,videos__rec_20251130_030636__f006460.jpg,323.0,7,1.0030,18.45,1.98
rec_20251130_030636.avi,videos__rec_20251130_030636__f006480.jpg,324.0,7,1.9656,20.97,2.25
rec_20251130_030636.avi,videos__rec_20251130_030636__f006500.jpg,325.0,7,1.3320,18.77,2.02
rec_20251130_030636.avi,videos__rec_20251130_030636__f006520.jpg,326.0,8,1.3097,18.34,1.97
rec_20251130_030636.avi,videos__rec_20251130_030636__f006540.jpg,327.0,8,0.8290,17.31,1.86
rec_20251130_030636.avi,videos__rec_20251130_030636__f006560.jpg,328.0,8,2.3392,22.06,2.37
rec_20251130_030636.avi,videos__rec_20251130_030636__f006580.jpg,329.0,8,1.3006,18.72,2.01
rec_20251130_030636.avi,videos__rec_20251130_030636__f006600.jpg,330.0,8,1.6735,20.07,2.16
rec_20251130_030636.avi,videos__rec_20251130_030636__f006620.jpg,331.0,8,0.3993,16.64,1.79
rec_20251130_030636.avi,videos__rec_20251130_030636__f006640.jpg,332.0,8,1.4381,19.74,2.12
rec_20251130_030636.avi,videos__rec_20251130_030636__f006660.jpg,333.0,8,1.8125,20.04,2.15
rec_20251130_030636.avi,videos__rec_20251130_030636__f006680.jpg,334.0,8,1.4009,18.83,2.02
rec_20251130_030636.avi,videos__rec_20251130_030636__f006700.jpg,335.0,8,1.5111,19.31,2.08
rec_20251130_030636.avi,videos__rec_20251130_030636__f006720.jpg,336.0,8,1.2393,18.80,2.02
rec_20251130_030636.avi,videos__rec_20251130_030636__f006740.jpg,337.0,8,1.6042,19.93,2.14
rec_20251130_030636.avi,videos__rec_20251130_030636__f006760.jpg,338.0,8,1.6300,19.73,2.12
rec_20251130_030636.avi,videos__rec_20251130_030636__f006780.jpg,339.0,8,3.4961,25.26,2.71
rec_20251130_030636.avi,videos__rec_20251130_030636__f006800.jpg,340.0,8,3.4244,24.97,2.68
rec_20251130_030636.avi,videos__rec_20251130_030636__f006820.jpg,341.0,8,3.1124,24.44,2.63
rec_20251130_030636.avi,videos__rec_20251130_030636__f006840.jpg,342.0,8,3.7052,26.09,2.80
rec_20251130_030636.avi,videos__rec_20251130_030636__f006860.jpg,343.0,8,3.1152,24.38,2.62
rec_20251130_030636.avi,videos__rec_20251130_030636__f006880.jpg,344.0,8,3.5965,26.12,2.81
rec_20251130_030636.avi,videos__rec_20251130_030636__f006900.jpg,345.0,8,2.9052,23.33,2.51
rec_20251130_030636.avi,videos__rec_20251130_030636__f006920.jpg,346.0,9,2.8404,23.56,2.53
rec_20251130_030636.avi,videos__rec_20251130_030636__f006940.jpg,347.0,9,4.0661,26.62,2.86
rec_20251130_030636.avi,videos__rec_20251130_030636__f006960.jpg,348.0,9,3.6692,25.57,2.75
rec_20251130_030636.avi,videos__rec_20251130_030636__f006980.jpg,349.0,8,3.8217,25.80,2.77
rec_20251130_030636.avi,videos__rec_20251130_030636__f007000.jpg,350.0,8,2.7116,23.35,2.51
rec_20251130_030636.avi,videos__rec_20251130_030636__f007020.jpg,351.0,9,3.5186,25.16,2.70
rec_20251130_030636.avi,videos__rec_20251130_030636__f007040.jpg,352.0,9,3.2937,25.15,2.70
rec_20251130_030636.avi,videos__rec_20251130_030636__f007060.jpg,353.0,9,2.8223,23.28,2.50
rec_20251130_030636.avi,videos__rec_20251130_030636__f007080.jpg,354.0,9,3.5070,25.48,2.74
rec_20251130_030636.avi,videos__rec_20251130_030636__f007100.jpg,355.0,9,3.3908,24.49,2.63
rec_20251130_030636.avi,videos__rec_20251130_030636__f007120.jpg,356.0,9,3.7833,26.02,2.80
rec_20251130_030636.avi,videos__rec_20251130_030636__f007140.jpg,357.0,9,3.1737,23.98,2.58
rec_20251130_030636.avi,videos__rec_20251130_030636__f007160.jpg,358.0,8,4.1903,26.88,2.89
rec_20251130_030636.avi,videos__rec_20251130_030636__f007180.jpg,359.0,7,3.0006,23.45,2.52
rec_20251130_030636.avi,videos__rec_20251130_030636__f008380.jpg,419.0,6,3.4315,23.39,2.51
rec_20251130_030636.avi,videos__rec_20251130_030636__f008400.jpg,420.0,6,3.3237,23.04,2.48
rec_20251130_030636.avi,videos__rec_20251130_030636__f008420.jpg,421.0,6,3.6484,24.05,2.59
rec_20251130_030636.avi,videos__rec_20251130_030636__f008440.jpg,422.0,7,3.2442,22.81,2.45
rec_20251130_030636.avi,videos__rec_20251130_030636__f008460.jpg,423.0,7,3.6016,23.59,2.54
rec_20251130_030636.avi,videos__rec_20251130_030636__f008480.jpg,424.0,8,3.7247,24.22,2.60
rec_20251130_030636.avi,videos__rec_20251130_030636__f008540.jpg,427.0,6,4.7010,27.99,3.01
rec_20251130_030636.avi,videos__rec_20251130_030636__f008560.jpg,428.0,6,3.6877,25.21,2.71
rec_20251130_030636.avi,videos__rec_20251130_030636__f008580.jpg,429.0,6,3.4197,23.97,2.58
rec_20251130_030636.avi,videos__rec_20251130_030636__f008600.jpg,430.0,6,1.6605,20.14,2.16
rec_20251130_030636.avi,videos__rec_20251130_030636__f008620.jpg,431.0,6,2.6078,21.52,2.31
rec_20251130_030636.avi,videos__rec_20251130_030636__f008640.jpg,432.0,6,4.0412,24.71,2.66
rec_20251130_030636.avi,videos__rec_20251130_030636__f008660.jpg,433.0,6,3.3573,22.64,2.43
rec_20251130_030636.avi,videos__rec_20251130_030636__f008680.jpg,434.0,6,2.3848,23.75,2.55
rec_20251130_030636.avi,videos__rec_20251130_030636__f008700.jpg,435.0,6,1.8828,20.85,2.24
rec_20251130_030636.avi,videos__rec_20251130_030636__f008720.jpg,436.0,6,2.0875,21.69,2.33
rec_20251130_030636.avi,videos__rec_20251130_030636__f008740.jpg,437.0,6,1.5008,20.89,2.24
rec_20251130_030636.avi,videos__rec_20251130_030636__f008760.jpg,438.0,6,0.5848,18.17,1.95
rec_20251130_030636.avi,videos__rec_20251130_030636__f008780.jpg,439.0,6,1.6115,20.34,2.19
rec_20251130_030636.avi,videos__rec_20251130_030636__f008800.jpg,440.0,6,1.6496,21.16,2.27
rec_20251130_030636.avi,videos__rec_20251130_030636__f008820.jpg,441.0,6,1.8556,21.44,2.30
rec_20251130_030636.avi,videos__rec_20251130_030636__f008840.jpg,442.0,6,1.6061,20.31,2.18
rec_20251130_030636.avi,videos__rec_20251130_030636__f008860.jpg,443.0,6,1.7213,20.70,2.23
rec_20251130_030636.avi,videos__rec_20251130_030636__f008880.jpg,444.0,6,1.5305,19.83,2.13
rec_20251130_030636.avi,videos__rec_20251130_030636__f008900.jpg,445.0,6,1.8806,21.01,2.26
rec_20251130_030636.avi,videos__rec_20251130_030636__f008920.jpg,446.0,6,2.0382,21.41,2.30
rec_20251130_030636.avi,videos__rec_20251130_030636__f008940.jpg,447.0,6,1.8752,21.47,2.31
rec_20251130_030636.avi,videos__rec_20251130_030636__f008960.jpg,448.0,6,1.5847,20.46,2.20
rec_20251130_030636.avi,videos__rec_20251130_030636__f009000.jpg,450.0,7,1.6121,20.29,2.18
rec_20251130_030636.avi,videos__rec_20251130_030636__f009020.jpg,451.0,7,1.1172,19.38,2.08
rec_20251130_030636.avi,videos__rec_20251130_030636__f009040.jpg,452.0,7,1.5869,20.58,2.21
rec_20251130_030636.avi,videos__rec_20251130_030636__f009060.jpg,453.0,7,0.9816,18.81,2.02
rec_20251130_030636.avi,videos__rec_20251130_030636__f009080.jpg,454.0,7,1.8340,21.30,2.29
rec_20251130_030636.avi,videos__rec_20251130_030636__f009100.jpg,455.0,8,1.5631,20.55,2.21
rec_20251130_030636.avi,videos__rec_20251130_030636__f009120.jpg,456.0,8,1.6250,20.84,2.24
rec_20251130_030636.avi,videos__rec_20251130_030636__f009140.jpg,457.0,8,1.6557,21.11,2.27
rec_20251130_030636.avi,videos__rec_20251130_030636__f009160.jpg,458.0,8,1.6060,21.09,2.27
rec_20251130_030636.avi,videos__rec_20251130_030636__f009180.jpg,459.0,8,1.7872,21.63,2.32
rec_20251130_030636.avi,videos__rec_20251130_030636__f009200.jpg,460.0,8,1.5843,20.43,2.20
rec_20251130_030636.avi,videos__rec_20251130_030636__f009220.jpg,461.0,8,1.5052,20.97,2.25
rec_20251130_030636.avi,videos__rec_20251130_030636__f009240.jpg,462.0,8,1.6799,20.65,2.22
rec_20251130_030636.avi,videos__rec_20251130_030636__f009260.jpg,463.0,8,1.0168,18.50,1.99
rec_20251130_030636.avi,videos__rec_20251130_030636__f009280.jpg,464.0,8,0.8790,18.57,2.00
rec_20251130_030636.avi,videos__rec_20251130_030636__f009300.jpg,465.0,8,0.9479,18.25,1.96
rec_20251130_030636.avi,videos__rec_20251130_030636__f009320.jpg,466.0,8,1.0233,18.71,2.01
rec_20251130_030636.avi,videos__rec_20251130_030636__f009340.jpg,467.0,8,1.2171,19.05,2.05
rec_20251130_030636.avi,videos__rec_20251130_030636__f009360.jpg,468.0,8,1.0102,17.94,1.93
rec_20251130_030636.avi,videos__rec_20251130_030636__f009380.jpg,469.0,8,0.6399,17.42,1.87
rec_20251130_030636.avi,videos__rec_20251130_030636__f009400.jpg,470.0,8,0.9909,18.36,1.97
rec_20251130_030636.avi,videos__rec_20251130_030636__f009420.jpg,471.0,8,0.9388,17.92,1.93
rec_20251130_030636.avi,videos__rec_20251130_030636__f009440.jpg,472.0,8,0.8316,17.93,1.93
rec_20251130_030636.avi,videos__rec_20251130_030636__f009460.jpg,473.0,8,1.0685,18.84,2.02
rec_20251130_030636.avi,videos__rec_20251130_030636__f009480.jpg,474.0,8,0.9315,18.34,1.97
rec_20251130_030636.avi,videos__rec_20251130_030636__f009500.jpg,475.0,8,1.9602,20.13,2.16
rec_20251130_030636.avi,videos__rec_20251130_030636__f009520.jpg,476.0,8,2.6763,20.67,2.22
rec_20251130_030636.avi,videos__rec_20251130_030636__f009540.jpg,477.0,8,1.6950,18.08,1.94
rec_20251130_030636.avi,videos__rec_20251130_030636__f009560.jpg,478.0,8,1.8422,17.87,1.92
rec_20251130_030636.avi,videos__rec_20251130_030636__f009580.jpg,479.0,7,2.3000,19.14,2.06
rec_20251130_030636.avi,videos__rec_20251130_030636__f009600.jpg,480.0,8,1.7848,17.64,1.90
rec_20251130_030636.avi,videos__rec_20251130_030636__f009620.jpg,481.0,7,1.9482,21.52,2.31
rec_20251130_030636.avi,videos__rec_20251130_030636__f009640.jpg,482.0,8,1.8979,21.19,2.28
rec_20251130_030636.avi,videos__rec_20251130_030636__f009660.jpg,483.0,8,2.5481,19.49,2.09
rec_20251130_030636.avi,videos__rec_20251130_030636__f009680.jpg,484.0,8,2.3391,19.86,2.13
rec_20251130_030636.avi,videos__rec_20251130_030636__f009700.jpg,485.0,8,4.0025,27.17,2.92
rec_20251130_030636.avi,videos__rec_20251130_030636__f009720.jpg,486.0,7,3.9247,23.39,2.51
rec_20251130_030636.avi,videos__rec_20251130_030636__f009740.jpg,487.0,8,3.8270,22.08,2.37
rec_20251130_030636.avi,videos__rec_20251130_030636__f009760.jpg,488.0,9,4.7298,25.89,2.78
rec_20251130_030636.avi,videos__rec_20251130_030636__f009780.jpg,489.0,8,3.8805,20.50,2.20
rec_20251130_030636.avi,videos__rec_20251130_030636__f009800.jpg,490.0,8,3.7584,22.24,2.39
rec_20251130_030636.avi,videos__rec_20251130_030636__f009820.jpg,491.0,8,4.2199,19.97,2.15
rec_20251130_030636.avi,videos__rec_20251130_030636__f009840.jpg,492.0,8,4.3365,23.57,2.53
rec_20251130_030636.avi,videos__rec_20251130_030636__f009860.jpg,493.0,7,3.9653,19.26,2.07
rec_20251130_030636.avi,videos__rec_20251130_030636__f009880.jpg,494.0,6,3.7803,22.57,2.43
rec_20251130_030636.avi,videos__rec_20251130_030636__f009900.jpg,495.0,7,2.4729,16.58,1.78
rec_20251130_030636.avi,videos__rec_20251130_030636__f009920.jpg,496.0,7,3.3473,20.50,2.20
rec_20251130_030636.avi,videos__rec_20251130_030636__f009940.jpg,497.0,8,2.5976,15.59,1.68
rec_20251130_030636.avi,videos__rec_20251130_030636__f009960.jpg,498.0,8,3.2825,16.85,1.81
rec_20251130_030636.avi,videos__rec_20251130_030636__f009980.jpg,499.0,8,3.6634,18.25,1.96
rec_20251130_030636.avi,videos__rec_20251130_030636__f010000.jpg,500.0,8,3.4986,17.59,1.89
rec_20251130_030636.avi,videos__rec_20251130_030636__f010020.jpg,501.0,8,4.2509,19.95,2.14
rec_20251130_030636.avi,videos__rec_20251130_030636__f010080.jpg,504.0,6,3.5695,18.12,1.95
rec_20251130_030636.avi,videos__rec_20251130_030636__f010100.jpg,505.0,8,3.6951,18.35,1.97
rec_20251130_030636.avi,videos__rec_20251130_030636__f010120.jpg,506.0,8,4.0201,19.34,2.08
rec_20251130_030636.avi,videos__rec_20251130_030636__f010140.jpg,507.0,10,3.5341,17.62,1.89
rec_20251130_030636.avi,videos__rec_20251130_030636__f010160.jpg,508.0,8,3.9439,16.14,1.73
rec_20251130_030636.avi,videos__rec_20251130_030636__f010180.jpg,509.0,8,7.5078,15.37,1.65
rec_20251130_030636.avi,videos__rec_20251130_030636__f010200.jpg,510.0,10,10.2551,22.09,2.37
rec_20251130_030636.avi,videos__rec_20251130_030636__f010220.jpg,511.0,9,7.9723,14.72,1.58
rec_20251130_030636.avi,videos__rec_20251130_030636__f010240.jpg,512.0,9,7.8988,20.61,2.21
rec_20251130_030636.avi,videos__rec_20251130_030636__f010260.jpg,513.0,9,7.2548,19.12,2.05
rec_20251130_030636.avi,videos__rec_20251130_030636__f010280.jpg,514.0,8,7.4310,19.17,2.06
rec_20251130_030636.avi,videos__rec_20251130_030636__f010300.jpg,515.0,9,7.4171,18.98,2.04
rec_20251130_030636.avi,videos__rec_20251130_030636__f010320.jpg,516.0,8,7.5348,19.42,2.09
rec_20251130_030636.avi,videos__rec_20251130_030636__f010340.jpg,517.0,8,7.2817,18.96,2.04
rec_20251130_030636.avi,videos__rec_20251130_030636__f010360.jpg,518.0,9,7.5900,19.66,2.11
rec_20251130_030636.avi,videos__rec_20251130_030636__f010380.jpg,519.0,9,7.5339,19.43,2.09
rec_20251130_030636.avi,videos__rec_20251130_030636__f010400.jpg,520.0,5,-0.8398,17.99,1.93
rec_20251130_030636.avi,videos__rec_20251130_030636__f010420.jpg,521.0,7,7.5408,14.00,1.50
rec_20251130_030636.avi,videos__rec_20251130_030636__f010440.jpg,522.0,7,5.9402,9.79,1.05
rec_20251130_030636.avi,videos__rec_20251130_030636__f010460.jpg,523.0,7,9.3656,18.59,2.00
rec_20251130_030636.avi,videos__rec_20251130_030636__f010480.jpg,524.0,4,14.4078,25.60,2.75
rec_20251130_030636.avi,videos__rec_20251130_030636__f010500.jpg,525.0,8,19.3539,21.78,2.34
rec_20251130_030636.avi,videos__rec_20251130_030636__f010520.jpg,526.0,7,18.6733,10.99,1.18
rec_20251130_030636.avi,videos__rec_20251130_030636__f010540.jpg,527.0,8,18.9725,6.16,0.66
rec_20251130_030636.avi,videos__rec_20251130_030636__f010560.jpg,528.0,4,20.4530,2.53,0.27
rec_20251130_030636.avi,videos__rec_20251130_030636__f010580.jpg,529.0,9,20.1978,-1.02,-0.11
rec_20251130_030636.avi,videos__rec_20251130_030636__f010600.jpg,530.0,8,19.9209,-5.98,-0.64
rec_20251130_030636.avi,videos__rec_20251130_030636__f010620.jpg,531.0,10,21.4534,-19.99,-2.15
rec_20251130_030636.avi,videos__rec_20251130_030636__f010640.jpg,532.0,8,27.3158,-35.26,-3.79
rec_20251130_030636.avi,videos__rec_20251130_030636__f010660.jpg,533.0,9,32.3843,-60.20,-6.47
rec_20251130_030636.avi,videos__rec_20251130_030636__f010680.jpg,534.0,9,32.9280,-62.36,-6.70
rec_20251130_030636.avi,videos__rec_20251130_030636__f010700.jpg,535.0,9,33.9811,-68.82,-7.39
rec_20251130_030636.avi,videos__rec_20251130_030636__f010720.jpg,536.0,7,-2.6406,-146.89,-15.77
rec_20251130_030636.avi,videos__rec_20251130_030636__f010740.jpg,537.0,8,6.6583,-82.55,-8.87
rec_20251130_030636.avi,videos__rec_20251130_030636__f010760.jpg,538.0,8,-2.8999,-133.40,-14.32
rec_20251130_030636.avi,videos__rec_20251130_030636__f010780.jpg,539.0,8,34.0724,-61.41,-6.60
rec_20251130_030636.avi,videos__rec_20251130_030636__f010800.jpg,540.0,9,31.6137,-67.60,-7.26
rec_20251130_030636.avi,videos__rec_20251130_030636__f010820.jpg,541.0,8,32.2268,-65.09,-6.99
rec_20251130_030636.avi,videos__rec_20251130_030636__f010840.jpg,542.0,9,33.2542,-65.75,-7.06
rec_20251130_030636.avi,videos__rec_20251130_030636__f010860.jpg,543.0,9,32.3484,-67.20,-7.22
rec_20251130_030636.avi,videos__rec_20251130_030636__f010880.jpg,544.0,9,34.2418,-65.20,-7.01
rec_20251130_030636.avi,videos__rec_20251130_030636__f010900.jpg,545.0,9,34.1942,-65.34,-7.02
rec_20251130_030636.avi,videos__rec_20251130_030636__f010920.jpg,546.0,8,6.2994,-83.62,-8.98
rec_20251130_030636.avi,videos__rec_20251130_030636__f010940.jpg,547.0,9,-2.7158,-155.66,-16.70
rec_20251130_030636.avi,videos__rec_20251130_030636__f010960.jpg,548.0,9,-50.2518,-166.00,-17.81
rec_20251130_030636.avi,videos__rec_20251130_030636__f010980.jpg,549.0,8,-5.6301,-180.99,-19.41
rec_20251130_030636.avi,videos__rec_20251130_030636__f011000.jpg,550.0,9,-5.2971,-183.07,-19.63
rec_20251130_030636.avi,videos__rec_20251130_030636__f011020.jpg,551.0,8,-29.1083,-194.07,-20.80
rec_20251130_030636.avi,videos__rec_20251130_030636__f011040.jpg,552.0,8,-6.4939,-180.04,-19.31
rec_20251130_030636.avi,videos__rec_20251130_030636__f011060.jpg,553.0,7,-6.7216,-177.74,-19.06
rec_20251130_030636.avi,videos__rec_20251130_030636__f011080.jpg,554.0,8,-6.1757,-169.21,-18.15
rec_20251130_030636.avi,videos__rec_20251130_030636__f011100.jpg,555.0,8,-9.9282,-152.91,-16.41
rec_20251130_030636.avi,videos__rec_20251130_030636__f011120.jpg,556.0,8,-7.8196,-157.26,-16.87
rec_20251130_030636.avi,videos__rec_20251130_030636__f011140.jpg,557.0,7,-7.3359,-158.56,-17.01
rec_20251130_030636.avi,videos__rec_20251130_030636__f011160.jpg,558.0,7,-7.5416,-159.17,-17.08
rec_20251130_030636.avi,videos__rec_20251130_030636__f011200.jpg,560.0,7,-7.3523,-159.27,-17.09
rec_20251130_030636.avi,videos__rec_20251130_030636__f011220.jpg,561.0,7,-6.9780,-158.00,-16.95
rec_20251130_030636.avi,videos__rec_20251130_030636__f011240.jpg,562.0,8,-8.0434,-157.75,-16.93
rec_20251130_030636.avi,videos__rec_20251130_030636__f011260.jpg,563.0,9,-10.0936,-151.13,-16.22
rec_20251130_030636.avi,videos__rec_20251130_030636__f011280.jpg,564.0,10,-9.9770,-116.14,-12.47
rec_20251130_030636.avi,videos__rec_20251130_030636__f011300.jpg,565.0,8,-10.3374,-65.06,-6.99
rec_20251130_030636.avi,videos__rec_20251130_030636__f011320.jpg,566.0,8,-8.6190,-47.46,-5.10
rec_20251130_030636.avi,videos__rec_20251130_030636__f011340.jpg,567.0,8,-10.9146,-66.49,-7.14
rec_20251130_030636.avi,videos__rec_20251130_030636__f011360.jpg,568.0,7,-7.7250,-53.66,-5.77
rec_20251130_030636.avi,videos__rec_20251130_030636__f011380.jpg,569.0,8,-7.5170,-57.70,-6.20
rec_20251130_030636.avi,videos__rec_20251130_030636__f011400.jpg,570.0,7,-7.2466,-61.67,-6.63
rec_20251130_030636.avi,videos__rec_20251130_030636__f011420.jpg,571.0,7,-7.5544,-58.44,-6.28
rec_20251130_030636.avi,videos__rec_20251130_030636__f011440.jpg,572.0,7,-11.6829,-69.28,-7.44
rec_20251130_030636.avi,videos__rec_20251130_030636__f011460.jpg,573.0,8,-10.5866,-66.80,-7.18
rec_20251130_030636.avi,videos__rec_20251130_030636__f011480.jpg,574.0,8,-11.7403,-68.89,-7.40
rec_20251130_030636.avi,videos__rec_20251130_030636__f011500.jpg,575.0,8,-12.6784,-73.83,-7.93
rec_20251130_030636.avi,videos__rec_20251130_030636__f011520.jpg,576.0,8,-12.7640,-74.15,-7.97
rec_20251130_030636.avi,videos__rec_20251130_030636__f011540.jpg,577.0,9,-15.3922,-62.32,-6.70
rec_20251130_030636.avi,videos__rec_20251130_030636__f011560.jpg,578.0,10,-17.0128,-43.37,-4.66
rec_20251130_030636.avi,videos__rec_20251130_030636__f011580.jpg,579.0,8,-22.4199,-31.30,-3.36
rec_20251130_030636.avi,videos__rec_20251130_030636__f011600.jpg,580.0,7,-21.8203,-4.31,-0.46
rec_20251130_030636.avi,videos__rec_20251130_030636__f011620.jpg,581.0,7,-11.9124,9.78,1.05
rec_20251130_030636.avi,videos__rec_20251130_030636__f011640.jpg,582.0,5,-6.4271,44.66,4.80
rec_20251130_030636.avi,videos__rec_20251130_030636__f011660.jpg,583.0,5,-5.8524,47.59,5.11
rec_20251130_030636.avi,videos__rec_20251130_030636__f011680.jpg,584.0,5,-6.4805,45.58,4.90
rec_20251130_030636.avi,videos__rec_20251130_030636__f011700.jpg,585.0,5,-5.7840,47.66,5.12
rec_20251130_030636.avi,videos__rec_20251130_030636__f011720.jpg,586.0,5,-4.6314,52.54,5.65
rec_20251130_030636.avi,videos__rec_20251130_030636__f011740.jpg,587.0,6,-4.6221,59.85,6.43
rec_20251130_030636.avi,videos__rec_20251130_030636__f011760.jpg,588.0,5,-6.3479,64.79,6.96
rec_20251130_030636.avi,videos__rec_20251130_030636__f011780.jpg,589.0,5,-6.2552,80.51,8.65
rec_20251130_030636.avi,videos__rec_20251130_030636__f011800.jpg,590.0,5,-8.0096,95.84,10.30
rec_20251130_030636.avi,videos__rec_20251130_030636__f011820.jpg,591.0,6,-6.0022,108.05,11.61
rec_20251130_030636.avi,videos__rec_20251130_030636__f011840.jpg,592.0,6,-3.4995,118.30,12.71
rec_20251130_030636.avi,videos__rec_20251130_030636__f011860.jpg,593.0,6,-6.1088,115.62,12.42
rec_20251130_030636.avi,videos__rec_20251130_030636__f011880.jpg,594.0,6,-2.0774,130.97,14.07
rec_20251130_030636.avi,videos__rec_20251130_030636__f011900.jpg,595.0,6,-1.0355,138.40,14.86
rec_20251130_030636.avi,videos__rec_20251130_030636__f011920.jpg,596.0,6,0.5025,136.85,14.70
rec_20251130_030636.avi,videos__rec_20251130_030636__f011940.jpg,597.0,6,2.6650,141.24,15.17
rec_20251130_030636.avi,videos__rec_20251130_030636__f011960.jpg,598.0,6,3.9920,144.10,15.47
rec_20251130_030636.avi,videos__rec_20251130_030636__f011980.jpg,599.0,6,4.1279,149.62,16.07
rec_20251130_030636.avi,videos__rec_20251130_030636__f012000.jpg,600.0,6,5.4020,154.95,16.64
rec_20251130_030636.avi,videos__rec_20251130_030636__f012020.jpg,601.0,6,5.9247,159.00,17.07
rec_20251130_030636.avi,videos__rec_20251130_030636__f012040.jpg,602.0,6,1.0728,152.45,16.37
rec_20251130_030636.avi,videos__rec_20251130_030636__f012060.jpg,603.0,5,-21.8746,108.92,11.70
rec_20251130_030636.avi,videos__rec_20251130_030636__f012080.jpg,604.0,4,-13.0338,123.12,13.23
rec_20251130_030636.avi,videos__rec_20251130_030636__f012100.jpg,605.0,4,-13.4682,121.66,13.07
rec_20251130_030636.avi,videos__rec_20251130_030636__f012120.jpg,606.0,4,-13.2164,122.17,13.12
rec_20251130_030636.avi,videos__rec_20251130_030636__f012140.jpg,607.0,4,-12.6241,126.58,13.60
rec_20251130_030636.avi,videos__rec_20251130_030636__f012160.jpg,608.0,5,-13.0328,124.44,13.37
rec_20251130_030636.avi,videos__rec_20251130_030636__f012180.jpg,609.0,5,-7.9218,126.31,13.57
rec_20251130_030636.avi,videos__rec_20251130_030636__f012200.jpg,610.0,5,-5.0375,120.13,12.90
rec_20251130_030636.avi,videos__rec_20251130_030636__f012220.jpg,611.0,4,-8.5687,93.95,10.09
rec_20251130_030636.avi,videos__rec_20251130_030636__f012240.jpg,612.0,5,0.2279,111.07,11.93
rec_20251130_030636.avi,videos__rec_20251130_030636__f012260.jpg,613.0,5,0.1002,101.92,10.95
rec_20251130_030636.avi,videos__rec_20251130_030636__f012280.jpg,614.0,5,1.4202,101.19,10.87
rec_20251130_030636.avi,videos__rec_20251130_030636__f012300.jpg,615.0,5,1.6527,103.58,11.13
rec_20251130_030636.avi,videos__rec_20251130_030636__f012320.jpg,616.0,5,1.7810,103.54,11.12
rec_20251130_030636.avi,videos__rec_20251130_030636__f012340.jpg,617.0,5,1.7397,102.36,11.00
rec_20251130_030636.avi,videos__rec_20251130_030636__f012360.jpg,618.0,6,45.7152,151.50,16.27
rec_20251130_030636.avi,videos__rec_20251130_030636__f012380.jpg,619.0,5,2.0005,104.02,11.18
rec_20251130_030636.avi,videos__rec_20251130_030636__f012400.jpg,620.0,5,2.0230,104.11,11.19
rec_20251130_030636.avi,videos__rec_20251130_030636__f012420.jpg,621.0,4,2.2845,104.58,11.24
rec_20251130_030636.avi,videos__rec_20251130_030636__f012440.jpg,622.0,5,1.7912,111.24,11.95
rec_20251130_030636.avi,videos__rec_20251130_030636__f012460.jpg,623.0,4,-1.8628,118.66,12.75
rec_20251130_030636.avi,videos__rec_20251130_030636__f012480.jpg,624.0,5,22.9670,109.93,11.81
rec_20251130_030636.avi,videos__rec_20251130_030636__f012500.jpg,625.0,4,3.0935,118.42,12.72
rec_20251130_030636.avi,videos__rec_20251130_030636__f012520.jpg,626.0,4,2.7024,117.45,12.62
rec_20251130_030636.avi,videos__rec_20251130_030636__f012540.jpg,627.0,4,3.1312,118.07,12.68
rec_20251130_030636.avi,videos__rec_20251130_030636__f012560.jpg,628.0,4,2.7806,117.45,12.62
rec_20251130_030636.avi,videos__rec_20251130_030636__f012580.jpg,629.0,4,2.7575,117.50,12.62
rec_20251130_030636.avi,videos__rec_20251130_030636__f012600.jpg,630.0,4,2.8478,117.90,12.66
rec_20251130_030636.avi,videos__rec_20251130_030636__f012620.jpg,631.0,5,2.8257,118.01,12.68
rec_20251130_030636.avi,videos__rec_20251130_030636__f012640.jpg,632.0,4,2.7600,117.96,12.67
rec_20251130_030636.avi,videos__rec_20251130_030636__f012660.jpg,633.0,4,2.7273,117.25,12.60
rec_20251130_030636.avi,videos__rec_20251130_030636__f012680.jpg,634.0,4,2.5052,116.61,12.53
rec_20251130_030636.avi,videos__rec_20251130_030636__f012700.jpg,635.0,5,2.6768,116.99,12.57
rec_20251130_030636.avi,videos__rec_20251130_030636__f012720.jpg,636.0,4,2.6258,116.58,12.52
rec_20251130_030636.avi,videos__rec_20251130_030636__f012740.jpg,637.0,4,2.8214,116.80,12.55
rec_20251130_030636.avi,videos__rec_20251130_030636__f012760.jpg,638.0,4,2.8242,117.17,12.59
rec_20251130_030636.avi,videos__rec_20251130_030636__f012780.jpg,639.0,4,2.1696,115.92,12.45
rec_20251130_030636.avi,videos__rec_20251130_030636__f012800.jpg,640.0,4,2.3639,116.68,12.53
rec_20251130_030636.avi,videos__rec_20251130_030636__f012820.jpg,641.0,5,2.1862,115.65,12.42
rec_20251130_030636.avi,videos__rec_20251130_030636__f012840.jpg,642.0,5,-62.8916,106.27,11.42
rec_20251130_030636.avi,videos__rec_20251130_030636__f012860.jpg,643.0,4,2.6037,115.65,12.42
rec_20251130_030636.avi,videos__rec_20251130_030636__f012880.jpg,644.0,5,-0.2918,104.82,11.26
rec_20251130_030636.avi,videos__rec_20251130_030636__f012900.jpg,645.0,5,0.0596,105.82,11.37
rec_20251130_030636.avi,videos__rec_20251130_030636__f012920.jpg,646.0,5,0.7220,109.18,11.73
rec_20251130_030636.avi,videos__rec_20251130_030636__f012940.jpg,647.0,6,-0.0988,106.33,11.42
rec_20251130_030636.avi,videos__rec_20251130_030636__f012960.jpg,648.0,6,22.3440,81.20,8.73
rec_20251130_030636.avi,videos__rec_20251130_030636__f012980.jpg,649.0,5,0.0347,104.87,11.27
rec_20251130_030636.avi,videos__rec_20251130_030636__f013000.jpg,650.0,6,-65.6408,73.10,7.86
rec_20251130_030636.avi,videos__rec_20251130_030636__f013020.jpg,651.0,5,0.3425,105.24,11.31
rec_20251130_030636.avi,videos__rec_20251130_030636__f013040.jpg,652.0,6,24.0735,85.96,9.24
rec_20251130_030636.avi,videos__rec_20251130_030636__f013060.jpg,653.0,5,-0.0727,105.18,11.30
rec_20251130_030636.avi,videos__rec_20251130_030636__f013080.jpg,654.0,5,0.3396,110.13,11.83
rec_20251130_030636.avi,videos__rec_20251130_030636__f013100.jpg,655.0,5,1.0114,111.43,11.97
rec_20251130_030636.avi,videos__rec_20251130_030636__f013120.jpg,656.0,5,0.7279,111.47,11.98
rec_20251130_030636.avi,videos__rec_20251130_030636__f013140.jpg,657.0,5,0.6447,110.36,11.86
rec_20251130_030636.avi,videos__rec_20251130_030636__f013160.jpg,658.0,5,0.8956,111.14,11.94
rec_20251130_030636.avi,videos__rec_20251130_030636__f013180.jpg,659.0,5,0.5811,110.20,11.84
rec_20251130_030636.avi,videos__rec_20251130_030636__f013200.jpg,660.0,5,0.5240,110.29,11.85
rec_20251130_030636.avi,videos__rec_20251130_030636__f013220.jpg,661.0,5,0.5320,110.84,11.91
rec_20251130_030636.avi,videos__rec_20251130_030636__f013240.jpg,662.0,5,1.1391,112.40,12.08
rec_20251130_030636.avi,videos__rec_20251130_030636__f013260.jpg,663.0,7,22.6551,82.18,8.83
rec_20251130_030636.avi,videos__rec_20251130_030636__f013280.jpg,664.0,6,21.9102,80.51,8.65
rec_20251130_030636.avi,videos__rec_20251130_030636__f013300.jpg,665.0,7,22.6551,81.35,8.74
rec_20251130_030636.avi,videos__rec_20251130_030636__f013320.jpg,666.0,7,23.0320,82.57,8.87
rec_20251130_030636.avi,videos__rec_20251130_030636__f013340.jpg,667.0,6,23.2619,82.76,8.89
rec_20251130_030636.avi,videos__rec_20251130_030636__f013360.jpg,668.0,7,22.7354,81.82,8.79
rec_20251130_030636.avi,videos__rec_20251130_030636__f013380.jpg,669.0,6,22.2572,81.27,8.73
rec_20251130_030636.avi,videos__rec_20251130_030636__f013400.jpg,670.0,6,22.0925,80.74,8.68
rec_20251130_030636.avi,videos__rec_20251130_030636__f013420.jpg,671.0,7,22.1671,80.90,8.69
rec_20251130_030636.avi,videos__rec_20251130_030636__f013440.jpg,672.0,5,-0.0596,103.96,11.17
rec_20251130_030636.avi,videos__rec_20251130_030636__f013460.jpg,673.0,6,0.8246,97.20,10.44
rec_20251130_030636.avi,videos__rec_20251130_030636__f013480.jpg,674.0,7,22.6357,74.14,7.97
rec_20251130_030636.avi,videos__rec_20251130_030636__f013500.jpg,675.0,7,22.4608,74.63,8.02
rec_20251130_030636.avi,videos__rec_20251130_030636__f013520.jpg,676.0,7,23.5125,77.88,8.37
rec_20251130_030636.avi,videos__rec_20251130_030636__f013540.jpg,677.0,7,23.3641,77.57,8.34
rec_20251130_030636.avi,videos__rec_20251130_030636__f013560.jpg,678.0,7,22.2099,74.05,7.96
rec_20251130_030636.avi,videos__rec_20251130_030636__f013580.jpg,679.0,7,22.9473,75.37,8.10
rec_20251130_030636.avi,videos__rec_20251130_030636__f013600.jpg,680.0,7,23.3047,77.52,8.33
rec_20251130_030636.avi,videos__rec_20251130_030636__f013620.jpg,681.0,5,-1.3581,90.19,9.69
rec_20251130_030636.avi,videos__rec_20251130_030636__f013640.jpg,682.0,7,-0.9927,71.39,7.67
rec_20251130_030636.avi,videos__rec_20251130_030636__f013660.jpg,683.0,6,-1.0154,74.95,8.05
rec_20251130_030636.avi,videos__rec_20251130_030636__f013680.jpg,684.0,8,-4.2265,26.28,2.82
rec_20251130_030636.avi,videos__rec_20251130_030636__f013700.jpg,685.0,6,17.0471,83.40,8.96
rec_20251130_030636.avi,videos__rec_20251130_030636__f013720.jpg,686.0,6,18.4963,81.73,8.78
rec_20251130_030636.avi,videos__rec_20251130_030636__f013740.jpg,687.0,5,18.2386,83.16,8.94
rec_20251130_030636.avi,videos__rec_20251130_030636__f013760.jpg,688.0,5,17.4546,83.15,8.94
rec_20251130_030636.avi,videos__rec_20251130_030636__f013780.jpg,689.0,5,19.1463,87.52,9.40
rec_20251130_030636.avi,videos__rec_20251130_030636__f013800.jpg,690.0,6,18.3136,82.31,8.84
rec_20251130_030636.avi,videos__rec_20251130_030636__f013820.jpg,691.0,6,17.6508,78.60,8.45
rec_20251130_030636.avi,videos__rec_20251130_030636__f013840.jpg,692.0,6,17.4558,75.71,8.14
rec_20251130_030636.avi,videos__rec_20251130_030636__f013860.jpg,693.0,5,15.4571,63.09,6.78
rec_20251130_030636.avi,videos__rec_20251130_030636__f013880.jpg,694.0,6,16.3645,53.16,5.71
rec_20251130_030636.avi,videos__rec_20251130_030636__f013900.jpg,695.0,5,16.2336,45.72,4.91
rec_20251130_030636.avi,videos__rec_20251130_030636__f013920.jpg,696.0,5,17.1759,46.01,4.94
rec_20251130_030636.avi,videos__rec_20251130_030636__f013940.jpg,697.0,6,16.0289,33.88,3.64
rec_20251130_030636.avi,videos__rec_20251130_030636__f013960.jpg,698.0,6,23.1825,47.96,5.15
rec_20251130_030636.avi,videos__rec_20251130_030636__f013980.jpg,699.0,7,16.1795,22.20,2.39
rec_20251130_030636.avi,videos__rec_20251130_030636__f014000.jpg,700.0,6,-1.2561,-16.41,-1.76
rec_20251130_030636.avi,videos__rec_20251130_030636__f014020.jpg,701.0,7,-1.0653,-12.96,-1.39
rec_20251130_030636.avi,videos__rec_20251130_030636__f014040.jpg,702.0,6,-1.2190,-13.42,-1.44
rec_20251130_030636.avi,videos__rec_20251130_030636__f014060.jpg,703.0,6,-1.2774,-14.37,-1.54
rec_20251130_030636.avi,videos__rec_20251130_030636__f014080.jpg,704.0,8,-2.8530,-16.18,-1.74
rec_20251130_030636.avi,videos__rec_20251130_030636__f014100.jpg,705.0,7,-1.8580,-9.90,-1.06
rec_20251130_030636.avi,videos__rec_20251130_030636__f014120.jpg,706.0,7,-8.8761,-21.23,-2.28
rec_20251130_030636.avi,videos__rec_20251130_030636__f014140.jpg,707.0,6,12.4700,19.40,2.08
rec_20251130_030636.avi,videos__rec_20251130_030636__f014160.jpg,708.0,7,10.6801,23.35,2.51
rec_20251130_030636.avi,videos__rec_20251130_030636__f014180.jpg,709.0,5,8.2044,24.72,2.66
rec_20251130_030636.avi,videos__rec_20251130_030636__f014200.jpg,710.0,6,7.9075,23.48,2.52
rec_20251130_030636.avi,videos__rec_20251130_030636__f014220.jpg,711.0,6,8.2132,24.01,2.58
rec_20251130_030636.avi,videos__rec_20251130_030636__f014240.jpg,712.0,6,7.9997,23.90,2.57
rec_20251130_030636.avi,videos__rec_20251130_030636__f014260.jpg,713.0,6,8.2289,23.87,2.57
rec_20251130_030636.avi,videos__rec_20251130_030636__f014280.jpg,714.0,6,8.1512,23.55,2.53
rec_20251130_030636.avi,videos__rec_20251130_030636__f014300.jpg,715.0,6,8.1877,23.79,2.56
rec_20251130_030636.avi,videos__rec_20251130_030636__f014320.jpg,716.0,6,8.1937,24.10,2.59
rec_20251130_030636.avi,videos__rec_20251130_030636__f014340.jpg,717.0,6,8.2833,24.32,2.61
rec_20251130_030636.avi,videos__rec_20251130_030636__f014360.jpg,718.0,6,8.2503,24.28,2.61
rec_20251130_030636.avi,videos__rec_20251130_030636__f014380.jpg,719.0,6,8.2042,24.26,2.61
rec_20251130_030636.avi,videos__rec_20251130_030636__f014400.jpg,720.0,6,8.2854,24.56,2.64
rec_20251130_030636.avi,videos__rec_20251130_030636__f014420.jpg,721.0,6,8.3101,24.19,2.60
rec_20251130_030636.avi,videos__rec_20251130_030636__f014440.jpg,722.0,6,8.1533,23.98,2.58
rec_20251130_030636.avi,videos__rec_20251130_030636__f014460.jpg,723.0,6,8.2793,24.17,2.60
rec_20251130_030636.avi,videos__rec_20251130_030636__f014480.jpg,724.0,6,8.3542,24.33,2.61
rec_20251130_030636.avi,videos__rec_20251130_030636__f014500.jpg,725.0,6,8.5269,24.75,2.66
rec_20251130_030636.avi,videos__rec_20251130_030636__f014520.jpg,726.0,6,8.1903,23.86,2.56
rec_20251130_030636.avi,videos__rec_20251130_030636__f014540.jpg,727.0,6,8.3539,24.40,2.62
rec_20251130_030636.avi,videos__rec_20251130_030636__f014560.jpg,728.0,6,8.2170,24.11,2.59
rec_20251130_030636.avi,videos__rec_20251130_030636__f014580.jpg,729.0,6,8.0046,23.51,2.53
rec_20251130_030636.avi,videos__rec_20251130_030636__f014600.jpg,730.0,6,8.2012,23.92,2.57
rec_20251130_030636.avi,videos__rec_20251130_030636__f014620.jpg,731.0,6,8.2560,23.97,2.58
rec_20251130_030636.avi,videos__rec_20251130_030636__f014640.jpg,732.0,6,8.0990,23.78,2.56
rec_20251130_030636.avi,videos__rec_20251130_030636__f014660.jpg,733.0,6,8.3199,24.27,2.61
rec_20251130_030636.avi,videos__rec_20251130_030636__f014680.jpg,734.0,6,8.0857,24.00,2.58
rec_20251130_030636.avi,videos__rec_20251130_030636__f014700.jpg,735.0,6,8.2133,24.07,2.59
rec_20251130_030636.avi,videos__rec_20251130_030636__f014720.jpg,736.0,5,5.4772,20.46,2.20
rec_20251130_030636.avi,videos__rec_20251130_030636__f014740.jpg,737.0,5,5.3958,24.35,2.62
rec_20251130_030636.avi,videos__rec_20251130_030636__f014760.jpg,738.0,6,7.9269,23.53,2.53
rec_20251130_030636.avi,videos__rec_20251130_030636__f014780.jpg,739.0,6,8.0022,23.38,2.51
rec_20251130_030636.avi,videos__rec_20251130_030636__f014800.jpg,740.0,6,7.9440,23.17,2.49
rec_20251130_030636.avi,videos__rec_20251130_030636__f014820.jpg,741.0,6,8.0344,23.60,2.54
rec_20251130_030636.avi,videos__rec_20251130_030636__f014840.jpg,742.0,6,8.0605,23.63,2.54
rec_20251130_030636.avi,videos__rec_20251130_030636__f014860.jpg,743.0,6,7.8694,23.13,2.49
rec_20251130_030636.avi,videos__rec_20251130_030636__f014880.jpg,744.0,8,9.3269,10.12,1.09
rec_20251130_030636.avi,videos__rec_20251130_030636__f014900.jpg,745.0,8,8.8759,13.77,1.48
rec_20251130_030636.avi,videos__rec_20251130_030636__f014920.jpg,746.0,7,8.9156,13.25,1.42
rec_20251130_030636.avi,videos__rec_20251130_030636__f014940.jpg,747.0,8,9.8972,8.19,0.88
rec_20251130_030636.avi,videos__rec_20251130_030636__f014960.jpg,748.0,8,9.0320,15.51,1.67
rec_20251130_030636.avi,videos__rec_20251130_030636__f014980.jpg,749.0,8,8.7098,14.58,1.57
rec_20251130_030636.avi,videos__rec_20251130_030636__f015000.jpg,750.0,7,7.5395,17.14,1.84
rec_20251130_030636.avi,videos__rec_20251130_030636__f015020.jpg,751.0,10,9.5537,-12.62,-1.36
rec_20251130_030636.avi,videos__rec_20251130_030636__f015040.jpg,752.0,8,23.5731,-17.58,-1.89
rec_20251130_030636.avi,videos__rec_20251130_030636__f015060.jpg,753.0,9,22.5166,-22.42,-2.41
rec_20251130_030636.avi,videos__rec_20251130_030636__f015080.jpg,754.0,9,-5.7341,-85.98,-9.24
rec_20251130_030636.avi,videos__rec_20251130_030636__f015100.jpg,755.0,8,-5.0848,-43.41,-4.66
rec_20251130_030636.avi,videos__rec_20251130_030636__f015120.jpg,756.0,9,-3.4525,-58.71,-6.31
rec_20251130_030636.avi,videos__rec_20251130_030636__f015140.jpg,757.0,8,-4.7693,-53.79,-5.78
rec_20251130_030636.avi,videos__rec_20251130_030636__f015160.jpg,758.0,8,-12.9200,-1.43,-0.15
rec_20251130_030636.avi,videos__rec_20251130_030636__f015180.jpg,759.0,7,-2.8475,3.70,0.40
rec_20251130_030636.avi,videos__rec_20251130_030636__f015200.jpg,760.0,8,-4.5021,-79.84,-8.58
rec_20251130_030636.avi,videos__rec_20251130_030636__f015220.jpg,761.0,9,-2.7688,-48.71,-5.23
rec_20251130_030636.avi,videos__rec_20251130_030636__f015240.jpg,762.0,9,0.1687,-37.40,-4.02
rec_20251130_030636.avi,videos__rec_20251130_030636__f015260.jpg,763.0,10,-19.1919,-69.28,-7.44
rec_20251130_030636.avi,videos__rec_20251130_030636__f015280.jpg,764.0,8,-5.2463,18.32,1.97
rec_20251130_030636.avi,videos__rec_20251130_030636__f015300.jpg,765.0,8,0.6852,-3.46,-0.37
rec_20251130_030636.avi,videos__rec_20251130_030636__f015320.jpg,766.0,8,5.4042,30.11,3.24
rec_20251130_030636.avi,videos__rec_20251130_030636__f015340.jpg,767.0,9,5.6483,35.46,3.81
rec_20251130_030636.avi,videos__rec_20251130_030636__f015360.jpg,768.0,9,5.5827,35.70,3.84
rec_20251130_030636.avi,videos__rec_20251130_030636__f015380.jpg,769.0,9,5.8187,35.94,3.86
rec_20251130_030636.avi,videos__rec_20251130_030636__f015400.jpg,770.0,9,5.7007,35.75,3.84
rec_20251130_030636.avi,videos__rec_20251130_030636__f015420.jpg,771.0,9,5.4738,35.58,3.82
rec_20251130_030636.avi,videos__rec_20251130_030636__f015440.jpg,772.0,8,4.3238,33.70,3.62
rec_20251130_030636.avi,videos__rec_20251130_030636__f015460.jpg,773.0,8,4.6124,31.68,3.41
rec_20251130_030636.avi,videos__rec_20251130_030636__f015480.jpg,774.0,8,3.7732,33.87,3.64
rec_20251130_030636.avi,videos__rec_20251130_030636__f015500.jpg,775.0,9,4.0430,33.99,3.65
rec_20251130_030636.avi,videos__rec_20251130_030636__f015520.jpg,776.0,9,3.9000,33.83,3.64
rec_20251130_030636.avi,videos__rec_20251130_030636__f015540.jpg,777.0,9,3.9981,33.91,3.64
rec_20251130_030636.avi,videos__rec_20251130_030636__f015560.jpg,778.0,8,4.3848,33.53,3.60
rec_20251130_030636.avi,videos__rec_20251130_030636__f015580.jpg,779.0,8,4.2864,32.18,3.46
rec_20251130_030636.avi,videos__rec_20251130_030636__f015600.jpg,780.0,9,4.3104,31.86,3.42
rec_20251130_030636.avi,videos__rec_20251130_030636__f015620.jpg,781.0,8,3.9895,31.68,3.41
rec_20251130_030636.avi,videos__rec_20251130_030636__f015640.jpg,782.0,8,4.5595,27.79,2.99
rec_20251130_030636.avi,videos__rec_20251130_030636__f015660.jpg,783.0,9,4.5006,30.80,3.31
rec_20251130_030636.avi,videos__rec_20251130_030636__f015680.jpg,784.0,9,4.0711,27.19,2.92
rec_20251130_030636.avi,videos__rec_20251130_030636__f015700.jpg,785.0,9,4.0681,27.57,2.96
rec_20251130_030636.avi,videos__rec_20251130_030636__f015720.jpg,786.0,9,3.9717,27.63,2.97
rec_20251130_030636.avi,videos__rec_20251130_030636__f015740.jpg,787.0,9,4.0177,25.97,2.79
rec_20251130_030636.avi,videos__rec_20251130_030636__f015760.jpg,788.0,8,3.8841,30.55,3.28
rec_20251130_030636.avi,videos__rec_20251130_030636__f015780.jpg,789.0,8,0.8655,39.23,4.22
rec_20251130_030636.avi,videos__rec_20251130_030636__f015800.jpg,790.0,7,0.3519,52.99,5.69
rec_20251130_030636.avi,videos__rec_20251130_030636__f015820.jpg,791.0,7,-1.7272,63.38,6.81
rec_20251130_030636.avi,videos__rec_20251130_030636__f015840.jpg,792.0,7,-3.0884,64.48,6.93
rec_20251130_030636.avi,videos__rec_20251130_030636__f015860.jpg,793.0,8,-1.7841,73.99,7.95
rec_20251130_030636.avi,videos__rec_20251130_030636__f015880.jpg,794.0,7,-0.4525,80.52,8.65
rec_20251130_030636.avi,videos__rec_20251130_030636__f015900.jpg,795.0,7,1.0158,89.23,9.59
rec_20251130_030636.avi,videos__rec_20251130_030636__f015920.jpg,796.0,8,0.6691,94.24,10.13
rec_20251130_030636.avi,videos__rec_20251130_030636__f015940.jpg,797.0,8,0.8821,100.93,10.84
rec_20251130_030636.avi,videos__rec_20251130_030636__f015960.jpg,798.0,7,0.8388,109.71,11.79
rec_20251130_030636.avi,videos__rec_20251130_030636__f015980.jpg,799.0,7,-0.4077,106.73,11.47
rec_20251130_030636.avi,videos__rec_20251130_030636__f016000.jpg,800.0,7,-0.8495,112.64,12.10
rec_20251130_030636.avi,videos__rec_20251130_030636__f016020.jpg,801.0,6,20.0523,188.18,20.19
rec_20251130_030636.avi,videos__rec_20251130_030636__f016040.jpg,802.0,8,15.2390,165.01,17.71
rec_20251130_030636.avi,videos__rec_20251130_030636__f016060.jpg,803.0,6,15.8666,155.75,16.72
rec_20251130_030636.avi,videos__rec_20251130_030636__f016080.jpg,804.0,6,14.3649,140.34,15.07
rec_20251130_030636.avi,videos__rec_20251130_030636__f016100.jpg,805.0,6,13.3964,134.37,14.43
rec_20251130_030636.avi,videos__rec_20251130_030636__f016120.jpg,806.0,6,15.7156,147.18,15.80
rec_20251130_030636.avi,videos__rec_20251130_030636__f016140.jpg,807.0,5,17.7191,171.62,18.42
rec_20251130_030636.avi,videos__rec_20251130_030636__f016160.jpg,808.0,6,20.3328,179.38,19.25
rec_20251130_030636.avi,videos__rec_20251130_030636__f016180.jpg,809.0,6,19.6097,179.53,19.27
rec_20251130_030636.avi,videos__rec_20251130_030636__f016200.jpg,810.0,5,22.7797,189.11,20.29
rec_20251130_030636.avi,videos__rec_20251130_030636__f016220.jpg,811.0,4,18.6094,180.11,19.33
rec_20251130_030636.avi,videos__rec_20251130_030636__f016240.jpg,812.0,3,7.2249,167.47,17.98
rec_20251130_030636.avi,videos__rec_20251130_030636__f016260.jpg,813.0,3,7.2495,173.33,18.60
rec_20251130_030636.avi,videos__rec_20251130_030636__f016280.jpg,814.0,3,7.1228,175.83,18.87
rec_20251130_030636.avi,videos__rec_20251130_030636__f016300.jpg,815.0,3,7.8078,179.62,19.27
rec_20251130_030636.avi,videos__rec_20251130_030636__f016380.jpg,819.0,3,10.6713,171.36,18.39
rec_20251130_030636.avi,videos__rec_20251130_030636__f016400.jpg,820.0,3,16.0467,175.47,18.83
rec_20251130_030636.avi,videos__rec_20251130_030636__f016420.jpg,821.0,4,17.4223,168.07,18.04
rec_20251130_030636.avi,videos__rec_20251130_030636__f016440.jpg,822.0,4,11.5649,147.68,15.86
rec_20251130_030636.avi,videos__rec_20251130_030636__f016460.jpg,823.0,3,9.0015,146.63,15.75
rec_20251130_030636.avi,videos__rec_20251130_030636__f016480.jpg,824.0,2,11.9352,153.34,16.46
rec_20251130_030636.avi,videos__rec_20251130_030636__f016500.jpg,825.0,2,11.9273,153.02,16.43
rec_20251130_030636.avi,videos__rec_20251130_030636__f016520.jpg,826.0,3,18.0287,170.74,18.33
rec_20251130_030636.avi,videos__rec_20251130_030636__f016540.jpg,827.0,3,13.9614,162.84,17.48
rec_20251130_030636.avi,videos__rec_20251130_030636__f016560.jpg,828.0,4,14.8141,162.56,17.45
rec_20251130_030636.avi,videos__rec_20251130_030636__f016720.jpg,836.0,4,-10.4050,50.14,5.39
rec_20251130_030636.avi,videos__rec_20251130_030636__f016740.jpg,837.0,3,-5.2645,72.95,7.84
rec_20251130_030636.avi,videos__rec_20251130_030636__f016760.jpg,838.0,4,-1.2475,91.18,9.80
rec_20251130_030636.avi,videos__rec_20251130_030636__f016780.jpg,839.0,5,14.7077,155.01,16.64
rec_20251130_030636.avi,videos__rec_20251130_030636__f016800.jpg,840.0,5,16.5823,155.30,16.67
rec_20251130_030636.avi,videos__rec_20251130_030636__f016820.jpg,841.0,6,13.1705,144.52,15.52
rec_20251130_030636.avi,videos__rec_20251130_030636__f016840.jpg,842.0,6,13.2157,142.94,15.35
rec_20251130_030636.avi,videos__rec_20251130_030636__f016860.jpg,843.0,6,14.6101,139.23,14.95
rec_20251130_030636.avi,videos__rec_20251130_030636__f016880.jpg,844.0,6,14.5234,132.00,14.18
rec_20251130_030636.avi,videos__rec_20251130_030636__f016900.jpg,845.0,7,16.0093,118.96,12.78
rec_20251130_030636.avi,videos__rec_20251130_030636__f016920.jpg,846.0,9,17.9840,107.13,11.51
rec_20251130_030636.avi,videos__rec_20251130_030636__f016940.jpg,847.0,7,18.0415,105.99,11.39
rec_20251130_030636.avi,videos__rec_20251130_030636__f016960.jpg,848.0,8,21.5556,114.31,12.28
rec_20251130_030636.avi,videos__rec_20251130_030636__f016980.jpg,849.0,7,19.6100,104.89,11.27
rec_20251130_030636.avi,videos__rec_20251130_030636__f017000.jpg,850.0,7,17.8117,95.14,10.22
rec_20251130_030636.avi,videos__rec_20251130_030636__f017020.jpg,851.0,8,19.8663,97.16,10.44
rec_20251130_030636.avi,videos__rec_20251130_030636__f017040.jpg,852.0,7,26.1366,118.81,12.76
rec_20251130_030636.avi,videos__rec_20251130_030636__f017060.jpg,853.0,8,28.0921,105.79,11.37
rec_20251130_030636.avi,videos__rec_20251130_030636__f017080.jpg,854.0,8,31.6468,104.60,11.24
rec_20251130_030636.avi,videos__rec_20251130_030636__f017100.jpg,855.0,9,34.1140,100.02,10.75
rec_20251130_030636.avi,videos__rec_20251130_030636__f017120.jpg,856.0,11,32.5449,79.02,8.49
rec_20251130_030636.avi,videos__rec_20251130_030636__f017140.jpg,857.0,10,3.7952,46.64,5.01
rec_20251130_030636.avi,videos__rec_20251130_030636__f017160.jpg,858.0,8,-6.1403,0.48,0.05
rec_20251130_030636.avi,videos__rec_20251130_030636__f017180.jpg,859.0,8,-5.5949,-5.63,-0.60
rec_20251130_030636.avi,videos__rec_20251130_030636__f017200.jpg,860.0,9,-7.0521,-11.99,-1.29
rec_20251130_030636.avi,videos__rec_20251130_030636__f017220.jpg,861.0,9,-8.1740,-8.73,-0.94
rec_20251130_030636.avi,videos__rec_20251130_030636__f017240.jpg,862.0,9,-10.1512,-7.29,-0.78
rec_20251130_030636.avi,videos__rec_20251130_030636__f017260.jpg,863.0,8,-18.9668,-1.25,-0.13
rec_20251130_030636.avi,videos__rec_20251130_030636__f017280.jpg,864.0,12,-4.3865,9.12,0.98
rec_20251130_030636.avi,videos__rec_20251130_030636__f017300.jpg,865.0,9,4.2481,22.38,2.40
rec_20251130_030636.avi,videos__rec_20251130_030636__f017320.jpg,866.0,8,4.7137,21.87,2.35
rec_20251130_030636.avi,videos__rec_20251130_030636__f017340.jpg,867.0,9,3.7509,27.74,2.98
rec_20251130_030636.avi,videos__rec_20251130_030636__f017360.jpg,868.0,9,3.8567,23.25,2.50
rec_20251130_030636.avi,videos__rec_20251130_030636__f017380.jpg,869.0,9,5.6951,22.40,2.41
rec_20251130_030636.avi,videos__rec_20251130_030636__f017400.jpg,870.0,9,18.0135,53.73,5.77
rec_20251130_030636.avi,videos__rec_20251130_030636__f017420.jpg,871.0,9,17.1482,58.95,6.33
rec_20251130_030636.avi,videos__rec_20251130_030636__f017440.jpg,872.0,9,17.0007,53.37,5.74
rec_20251130_030636.avi,videos__rec_20251130_030636__f017460.jpg,873.0,9,15.0415,50.71,5.45
rec_20251130_030636.avi,videos__rec_20251130_030636__f017480.jpg,874.0,9,14.4427,41.62,4.47
rec_20251130_030636.avi,videos__rec_20251130_030636__f017500.jpg,875.0,10,15.8429,45.77,4.92
rec_20251130_030636.avi,videos__rec_20251130_030636__f017520.jpg,876.0,9,17.6669,38.28,4.11
rec_20251130_030636.avi,videos__rec_20251130_030636__f017540.jpg,877.0,8,19.5742,33.45,3.59
rec_20251130_030636.avi,videos__rec_20251130_030636__f017560.jpg,878.0,9,14.1987,10.46,1.12
rec_20251130_030636.avi,videos__rec_20251130_030636__f017580.jpg,879.0,9,-6.5785,-57.90,-6.22
rec_20251130_030636.avi,videos__rec_20251130_030636__f017600.jpg,880.0,8,6.0388,-12.30,-1.32
rec_20251130_030636.avi,videos__rec_20251130_030636__f017620.jpg,881.0,10,-2.7813,-43.86,-4.71
rec_20251130_030636.avi,videos__rec_20251130_030636__f017640.jpg,882.0,9,-0.2307,-34.62,-3.72
rec_20251130_030636.avi,videos__rec_20251130_030636__f017660.jpg,883.0,8,-2.1007,-33.46,-3.60
rec_20251130_030636.avi,videos__rec_20251130_030636__f017680.jpg,884.0,8,0.1653,-32.20,-3.46
rec_20251130_030636.avi,videos__rec_20251130_030636__f017700.jpg,885.0,9,1.3289,-26.51,-2.85
rec_20251130_030636.avi,videos__rec_20251130_030636__f017720.jpg,886.0,8,7.0457,-9.11,-0.98
rec_20251130_030636.avi,videos__rec_20251130_030636__f017740.jpg,887.0,9,-0.5435,-34.42,-3.70
rec_20251130_030636.avi,videos__rec_20251130_030636__f017760.jpg,888.0,10,-4.4235,-42.68,-4.59
rec_20251130_030636.avi,videos__rec_20251130_030636__f017780.jpg,889.0,10,9.0194,-6.39,-0.69
rec_20251130_124123.avi,videos__rec_20251130_124123__f000000.jpg,0.0,13,-5.9814,-21.26,-2.28
rec_20251130_124123.avi,videos__rec_20251130_124123__f000020.jpg,1.0,11,-5.8964,-20.63,-2.22
rec_20251130_124123.avi,videos__rec_20251130_124123__f000040.jpg,2.0,11,-6.1719,-22.06,-2.37
rec_20251130_124123.avi,videos__rec_20251130_124123__f000060.jpg,3.0,11,-5.3796,-20.10,-2.16
rec_20251130_124123.avi,videos__rec_20251130_124123__f000080.jpg,4.0,11,-5.3965,-20.04,-2.15
rec_20251130_124123.avi,videos__rec_20251130_124123__f000100.jpg,5.0,12,-5.4266,-20.37,-2.19
rec_20251130_124123.avi,videos__rec_20251130_124123__f000120.jpg,6.0,12,-5.2207,-19.63,-2.11
rec_20251130_124123.avi,videos__rec_20251130_124123__f000140.jpg,7.0,11,-6.1109,-21.93,-2.36
rec_20251130_124123.avi,videos__rec_20251130_124123__f000160.jpg,8.0,12,-5.3149,-19.98,-2.15
rec_20251130_124123.avi,videos__rec_20251130_124123__f000180.jpg,9.0,11,-5.8616,-21.65,-2.33
rec_20251130_124123.avi,videos__rec_20251130_124123__f000200.jpg,10.0,11,-5.5866,-20.42,-2.19
rec_20251130_124123.avi,videos__rec_20251130_124123__f000220.jpg,11.0,11,-5.8639,-21.68,-2.33
rec_20251130_124123.avi,videos__rec_20251130_124123__f000240.jpg,12.0,10,-5.0629,-19.64,-2.11
rec_20251130_124123.avi,videos__rec_20251130_124123__f000260.jpg,13.0,10,-6.1248,-21.13,-2.27
rec_20251130_124123.avi,videos__rec_20251130_124123__f000280.jpg,14.0,10,-5.1556,-19.63,-2.11
rec_20251130_124123.avi,videos__rec_20251130_124123__f000300.jpg,15.0,10,-5.4061,-20.52,-2.21
rec_20251130_124123.avi,videos__rec_20251130_124123__f000320.jpg,16.0,10,-6.1697,-22.44,-2.41
rec_20251130_124123.avi,videos__rec_20251130_124123__f000340.jpg,17.0,11,-5.5330,-20.93,-2.25
rec_20251130_124123.avi,videos__rec_20251130_124123__f000360.jpg,18.0,11,-4.6941,-18.99,-2.04
rec_20251130_124123.avi,videos__rec_20251130_124123__f000380.jpg,19.0,10,-5.6224,-20.71,-2.23
rec_20251130_124123.avi,videos__rec_20251130_124123__f000400.jpg,20.0,10,-5.5396,-20.39,-2.19
rec_20251130_124123.avi,videos__rec_20251130_124123__f000420.jpg,21.0,10,-4.5431,-18.66,-2.01
rec_20251130_124123.avi,videos__rec_20251130_124123__f000440.jpg,22.0,11,-4.7592,-19.44,-2.09
rec_20251130_124123.avi,videos__rec_20251130_124123__f000460.jpg,23.0,12,-6.6512,-31.01,-3.33
rec_20251130_124123.avi,videos__rec_20251130_124123__f000480.jpg,24.0,11,-5.8147,-28.52,-3.07
rec_20251130_124123.avi,videos__rec_20251130_124123__f000500.jpg,25.0,11,-6.0347,-29.63,-3.18
rec_20251130_124123.avi,videos__rec_20251130_124123__f000520.jpg,26.0,11,-5.6102,-37.44,-4.02
rec_20251130_124123.avi,videos__rec_20251130_124123__f000540.jpg,27.0,11,-5.7548,-45.76,-4.92
rec_20251130_124123.avi,videos__rec_20251130_124123__f000560.jpg,28.0,11,-4.1650,-55.45,-5.96
rec_20251130_124123.avi,videos__rec_20251130_124123__f000580.jpg,29.0,11,-3.3689,-72.88,-7.83
rec_20251130_124123.avi,videos__rec_20251130_124123__f000600.jpg,30.0,10,11.6824,-63.97,-6.87
rec_20251130_124123.avi,videos__rec_20251130_124123__f000620.jpg,31.0,10,-55.5037,-228.70,-24.49
rec_20251130_124123.avi,videos__rec_20251130_124123__f000780.jpg,39.0,24,2.7003,109.38,11.75
rec_20251130_124123.avi,videos__rec_20251130_124123__f000800.jpg,40.0,27,-1.3575,13.33,1.43
rec_20251130_124123.avi,videos__rec_20251130_124123__f000820.jpg,41.0,27,-0.2031,14.35,1.54
rec_20251130_124123.avi,videos__rec_20251130_124123__f000840.jpg,42.0,28,0.7472,18.55,1.99
rec_20251130_124123.avi,videos__rec_20251130_124123__f000860.jpg,43.0,27,0.2689,18.84,2.03
rec_20251130_124123.avi,videos__rec_20251130_124123__f000880.jpg,44.0,16,-0.2270,18.92,2.03
rec_20251130_124123.avi,videos__rec_20251130_124123__f000900.jpg,45.0,23,-0.3632,18.40,1.98
rec_20251130_124123.avi,videos__rec_20251130_124123__f000920.jpg,46.0,23,-0.4459,18.15,1.95
rec_20251130_124123.avi,videos__rec_20251130_124123__f000940.jpg,47.0,27,-0.0778,18.38,1.98
rec_20251130_124123.avi,videos__rec_20251130_124123__f000960.jpg,48.0,27,0.2869,18.59,2.00
rec_20251130_124123.avi,videos__rec_20251130_124123__f000980.jpg,49.0,29,0.1204,18.46,1.98
rec_20251130_124123.avi,videos__rec_20251130_124123__f001000.jpg,50.0,26,4.2030,49.71,5.34
rec_20251130_124123.avi,videos__rec_20251130_124123__f001020.jpg,51.0,25,3.1052,51.51,5.54
rec_20251130_124123.avi,videos__rec_20251130_124123__f001040.jpg,52.0,25,4.5294,52.10,5.60
rec_20251130_124123.avi,videos__rec_20251130_124123__f001060.jpg,53.0,24,3.6160,52.75,5.67
rec_20251130_124123.avi,videos__rec_20251130_124123__f001080.jpg,54.0,25,4.0642,56.26,6.05
rec_20251130_124123.avi,videos__rec_20251130_124123__f001100.jpg,55.0,25,4.1321,53.94,5.80
rec_20251130_124123.avi,videos__rec_20251130_124123__f001120.jpg,56.0,24,3.2573,56.83,6.11
rec_20251130_124123.avi,videos__rec_20251130_124123__f001140.jpg,57.0,24,2.2741,56.35,6.06
rec_20251130_124123.avi,videos__rec_20251130_124123__f001160.jpg,58.0,24,1.9568,58.61,6.30
rec_20251130_124123.avi,videos__rec_20251130_124123__f001180.jpg,59.0,23,3.0467,63.41,6.81
rec_20251130_124123.avi,videos__rec_20251130_124123__f001200.jpg,60.0,22,2.5208,59.66,6.41
rec_20251130_124123.avi,videos__rec_20251130_124123__f001220.jpg,61.0,23,4.3912,67.00,7.20
rec_20251130_124123.avi,videos__rec_20251130_124123__f001240.jpg,62.0,22,6.0188,70.02,7.52
rec_20251130_124123.avi,videos__rec_20251130_124123__f001260.jpg,63.0,24,6.8408,71.64,7.70
rec_20251130_124123.avi,videos__rec_20251130_124123__f001280.jpg,64.0,23,7.5533,73.00,7.84
rec_20251130_124123.avi,videos__rec_20251130_124123__f001300.jpg,65.0,22,9.6881,80.76,8.68
rec_20251130_124123.avi,videos__rec_20251130_124123__f001320.jpg,66.0,23,4.2963,76.08,8.18
rec_20251130_124123.avi,videos__rec_20251130_124123__f001340.jpg,67.0,24,10.4267,85.18,9.15
rec_20251130_124123.avi,videos__rec_20251130_124123__f001360.jpg,68.0,21,5.1840,107.97,11.60
rec_20251130_124123.avi,videos__rec_20251130_124123__f001380.jpg,69.0,23,4.7584,102.85,11.05
rec_20251130_124123.avi,videos__rec_20251130_124123__f001400.jpg,70.0,21,3.8175,105.42,11.33
rec_20251130_124123.avi,videos__rec_20251130_124123__f001420.jpg,71.0,22,3.4695,75.24,8.08
rec_20251130_124123.avi,videos__rec_20251130_124123__f001440.jpg,72.0,24,0.8642,79.86,8.58
rec_20251130_124123.avi,videos__rec_20251130_124123__f001460.jpg,73.0,23,-1.3201,52.69,5.66
rec_20251130_124123.avi,videos__rec_20251130_124123__f001480.jpg,74.0,23,-2.8961,25.97,2.79
rec_20251130_124123.avi,videos__rec_20251130_124123__f001500.jpg,75.0,24,-3.2170,24.77,2.66
rec_20251130_124123.avi,videos__rec_20251130_124123__f001520.jpg,76.0,22,-1.9406,25.71,2.76
rec_20251130_124123.avi,videos__rec_20251130_124123__f001540.jpg,77.0,22,-2.0488,-6.25,-0.67
rec_20251130_124123.avi,videos__rec_20251130_124123__f001560.jpg,78.0,23,-1.6257,-6.20,-0.67
rec_20251130_124123.avi,videos__rec_20251130_124123__f001580.jpg,79.0,22,-2.4401,-8.09,-0.87
rec_20251130_124123.avi,videos__rec_20251130_124123__f001600.jpg,80.0,19,-2.4217,-0.76,-0.08
rec_20251130_124123.avi,videos__rec_20251130_124123__f001620.jpg,81.0,20,-3.4464,12.42,1.33
rec_20251130_124123.avi,videos__rec_20251130_124123__f001640.jpg,82.0,19,-3.4643,27.44,2.95
rec_20251130_124123.avi,videos__rec_20251130_124123__f001660.jpg,83.0,20,-3.5640,28.26,3.04
rec_20251130_124123.avi,videos__rec_20251130_124123__f001680.jpg,84.0,18,-5.1429,36.55,3.93
rec_20251130_124123.avi,videos__rec_20251130_124123__f001700.jpg,85.0,20,-9.5026,52.25,5.61
rec_20251130_124123.avi,videos__rec_20251130_124123__f001720.jpg,86.0,19,-10.2538,52.00,5.59
rec_20251130_124123.avi,videos__rec_20251130_124123__f001740.jpg,87.0,19,-10.0942,51.55,5.54
rec_20251130_124123.avi,videos__rec_20251130_124123__f001760.jpg,88.0,19,-10.0403,51.12,5.49
rec_20251130_124123.avi,videos__rec_20251130_124123__f001780.jpg,89.0,19,-7.2289,70.92,7.62
rec_20251130_124123.avi,videos__rec_20251130_124123__f001800.jpg,90.0,18,7.0389,87.06,9.35
rec_20251130_124123.avi,videos__rec_20251130_124123__f001820.jpg,91.0,18,7.4265,85.35,9.17
rec_20251130_124123.avi,videos__rec_20251130_124123__f001840.jpg,92.0,17,7.1042,87.62,9.42
rec_20251130_124123.avi,videos__rec_20251130_124123__f001860.jpg,93.0,16,6.4385,84.07,9.03
rec_20251130_124123.avi,videos__rec_20251130_124123__f001880.jpg,94.0,17,6.7854,87.94,9.45
rec_20251130_124123.avi,videos__rec_20251130_124123__f001900.jpg,95.0,17,7.2036,87.71,9.42
rec_20251130_124123.avi,videos__rec_20251130_124123__f001920.jpg,96.0,19,6.4895,88.69,9.53
rec_20251130_124123.avi,videos__rec_20251130_124123__f001940.jpg,97.0,17,7.2871,89.10,9.57
rec_20251130_124123.avi,videos__rec_20251130_124123__f001960.jpg,98.0,17,7.4712,89.67,9.64
rec_20251130_124123.avi,videos__rec_20251130_124123__f001980.jpg,99.0,17,6.6258,91.68,9.85
rec_20251130_124123.avi,videos__rec_20251130_124123__f002000.jpg,100.0,18,6.6863,91.01,9.78
rec_20251130_124123.avi,videos__rec_20251130_124123__f002020.jpg,101.0,21,9.5247,87.10,9.36
rec_20251130_124123.avi,videos__rec_20251130_124123__f002040.jpg,102.0,20,9.3286,69.86,7.51
rec_20251130_124123.avi,videos__rec_20251130_124123__f002060.jpg,103.0,17,10.0101,65.22,7.01
rec_20251130_124123.avi,videos__rec_20251130_124123__f002080.jpg,104.0,18,10.2078,65.01,6.99
rec_20251130_124123.avi,videos__rec_20251130_124123__f002100.jpg,105.0,22,9.2881,64.34,6.91
rec_20251130_124123.avi,videos__rec_20251130_124123__f002120.jpg,106.0,19,10.3119,60.14,6.46
rec_20251130_124123.avi,videos__rec_20251130_124123__f002140.jpg,107.0,17,10.5891,63.69,6.84
rec_20251130_124123.avi,videos__rec_20251130_124123__f002160.jpg,108.0,18,11.0911,65.50,7.04
rec_20251130_124123.avi,videos__rec_20251130_124123__f002180.jpg,109.0,21,13.5407,58.62,6.30
rec_20251130_124123.avi,videos__rec_20251130_124123__f002200.jpg,110.0,18,-2.6883,-38.47,-4.13
rec_20251130_124123.avi,videos__rec_20251130_124123__f002220.jpg,111.0,20,1.8535,-19.44,-2.09
rec_20251130_124123.avi,videos__rec_20251130_124123__f002240.jpg,112.0,21,8.2319,-3.44,-0.37
rec_20251130_124123.avi,videos__rec_20251130_124123__f002260.jpg,113.0,21,9.7075,8.82,0.95
rec_20251130_124123.avi,videos__rec_20251130_124123__f002280.jpg,114.0,21,13.7012,21.52,2.31
rec_20251130_124123.avi,videos__rec_20251130_124123__f002300.jpg,115.0,17,16.3566,62.37,6.70
rec_20251130_124123.avi,videos__rec_20251130_124123__f002320.jpg,116.0,17,15.8267,53.07,5.70
rec_20251130_124123.avi,videos__rec_20251130_124123__f002340.jpg,117.0,19,15.2227,62.13,6.68
rec_20251130_124123.avi,videos__rec_20251130_124123__f002360.jpg,118.0,18,15.8820,37.88,4.07
rec_20251130_124123.avi,videos__rec_20251130_124123__f002380.jpg,119.0,19,15.8165,36.41,3.91
rec_20251130_124123.avi,videos__rec_20251130_124123__f002400.jpg,120.0,20,15.3934,38.34,4.12
rec_20251130_124123.avi,videos__rec_20251130_124123__f002420.jpg,121.0,17,15.6798,28.77,3.09
rec_20251130_124123.avi,videos__rec_20251130_124123__f002440.jpg,122.0,19,15.5362,26.07,2.80
rec_20251130_124123.avi,videos__rec_20251130_124123__f002460.jpg,123.0,19,6.6515,18.22,1.96
rec_20251130_124123.avi,videos__rec_20251130_124123__f002480.jpg,124.0,18,6.4778,20.30,2.18
rec_20251130_124123.avi,videos__rec_20251130_124123__f002500.jpg,125.0,16,6.0447,7.81,0.84
rec_20251130_124123.avi,videos__rec_20251130_124123__f002520.jpg,126.0,18,6.5829,5.65,0.61
rec_20251130_124123.avi,videos__rec_20251130_124123__f002540.jpg,127.0,15,3.3757,5.83,0.63
rec_20251130_124123.avi,videos__rec_20251130_124123__f002560.jpg,128.0,19,6.1900,9.32,1.00
rec_20251130_124123.avi,videos__rec_20251130_124123__f002580.jpg,129.0,22,9.5711,9.58,1.03
rec_20251130_124123.avi,videos__rec_20251130_124123__f002600.jpg,130.0,21,6.6780,9.62,1.03
rec_20251130_124123.avi,videos__rec_20251130_124123__f002620.jpg,131.0,22,1.8877,-14.92,-1.60
rec_20251130_124123.avi,videos__rec_20251130_124123__f002640.jpg,132.0,22,12.4330,14.19,1.52
rec_20251130_124123.avi,videos__rec_20251130_124123__f002660.jpg,133.0,25,12.0835,17.02,1.83
rec_20251130_124123.avi,videos__rec_20251130_124123__f002680.jpg,134.0,23,0.1010,15.92,1.71
rec_20251130_124123.avi,videos__rec_20251130_124123__f002700.jpg,135.0,24,-3.9224,13.45,1.45
rec_20251130_124123.avi,videos__rec_20251130_124123__f002720.jpg,136.0,25,-6.9172,-1.53,-0.16
rec_20251130_124123.avi,videos__rec_20251130_124123__f002740.jpg,137.0,25,-14.3396,-39.20,-4.21
rec_20251130_124123.avi,videos__rec_20251130_124123__f002760.jpg,138.0,23,-13.5426,-24.37,-2.62
rec_20251130_124123.avi,videos__rec_20251130_124123__f002780.jpg,139.0,23,-7.5194,-93.17,-10.01
rec_20251130_124123.avi,videos__rec_20251130_124123__f002800.jpg,140.0,25,2.7894,-65.48,-7.03
rec_20251130_124123.avi,videos__rec_20251130_124123__f002820.jpg,141.0,24,4.5123,-42.80,-4.60
rec_20251130_124123.avi,videos__rec_20251130_124123__f002840.jpg,142.0,26,10.6880,-46.39,-4.99
rec_20251130_124123.avi,videos__rec_20251130_124123__f002860.jpg,143.0,27,16.0591,-40.39,-4.34
rec_20251130_124123.avi,videos__rec_20251130_124123__f002880.jpg,144.0,26,16.5484,-26.86,-2.89
rec_20251130_124123.avi,videos__rec_20251130_124123__f002900.jpg,145.0,22,18.7857,-13.42,-1.44
rec_20251130_124123.avi,videos__rec_20251130_124123__f002920.jpg,146.0,25,22.6140,32.52,3.50
rec_20251130_124123.avi,videos__rec_20251130_124123__f002940.jpg,147.0,22,12.9796,37.69,4.05
rec_20251130_124123.avi,videos__rec_20251130_124123__f002960.jpg,148.0,19,10.1208,41.07,4.41
rec_20251130_124123.avi,videos__rec_20251130_124123__f002980.jpg,149.0,23,3.9131,25.32,2.72
rec_20251130_124123.avi,videos__rec_20251130_124123__f003000.jpg,150.0,24,-1.6454,2.61,0.28
rec_20251130_124123.avi,videos__rec_20251130_124123__f003020.jpg,151.0,22,-3.8063,3.46,0.37
rec_20251130_124123.avi,videos__rec_20251130_124123__f003040.jpg,152.0,22,-5.8364,14.95,1.61
rec_20251130_124123.avi,videos__rec_20251130_124123__f003060.jpg,153.0,22,-5.2074,-13.16,-1.41
rec_20251130_124123.avi,videos__rec_20251130_124123__f003080.jpg,154.0,20,-9.0394,-14.23,-1.53
rec_20251130_124123.avi,videos__rec_20251130_124123__f003100.jpg,155.0,21,-9.4279,-28.60,-3.07
rec_20251130_124123.avi,videos__rec_20251130_124123__f003120.jpg,156.0,21,-8.8369,-38.05,-4.09
rec_20251130_124123.avi,videos__rec_20251130_124123__f003140.jpg,157.0,20,-3.0441,-34.11,-3.67
rec_20251130_124123.avi,videos__rec_20251130_124123__f003160.jpg,158.0,19,-2.3059,-42.79,-4.60
rec_20251130_124123.avi,videos__rec_20251130_124123__f003180.jpg,159.0,21,-0.1658,-33.94,-3.65
rec_20251130_124123.avi,videos__rec_20251130_124123__f003200.jpg,160.0,19,0.3397,-34.61,-3.72
rec_20251130_124123.avi,videos__rec_20251130_124123__f003220.jpg,161.0,20,-0.0192,-26.80,-2.88
rec_20251130_124123.avi,videos__rec_20251130_124123__f003240.jpg,162.0,21,1.1738,-16.76,-1.80
rec_20251130_124123.avi,videos__rec_20251130_124123__f003260.jpg,163.0,20,3.3721,-17.90,-1.92
rec_20251130_124123.avi,videos__rec_20251130_124123__f003280.jpg,164.0,20,6.3921,-25.90,-2.78
rec_20251130_124123.avi,videos__rec_20251130_124123__f003300.jpg,165.0,17,5.5458,-4.24,-0.46
rec_20251130_124123.avi,videos__rec_20251130_124123__f003320.jpg,166.0,19,3.3128,-4.84,-0.52
rec_20251130_124123.avi,videos__rec_20251130_124123__f003340.jpg,167.0,19,2.9713,-8.65,-0.93
rec_20251130_124123.avi,videos__rec_20251130_124123__f003360.jpg,168.0,19,2.9488,-12.80,-1.38
rec_20251130_124123.avi,videos__rec_20251130_124123__f003380.jpg,169.0,20,3.4801,-9.54,-1.03
rec_20251130_124123.avi,videos__rec_20251130_124123__f003400.jpg,170.0,19,1.3670,-22.38,-2.41
rec_20251130_124123.avi,videos__rec_20251130_124123__f003420.jpg,171.0,18,1.9625,-22.44,-2.41
rec_20251130_124123.avi,videos__rec_20251130_124123__f003440.jpg,172.0,18,1.3029,-22.50,-2.42
rec_20251130_124123.avi,videos__rec_20251130_124123__f003460.jpg,173.0,17,1.5564,-16.94,-1.82
rec_20251130_124123.avi,videos__rec_20251130_124123__f003480.jpg,174.0,18,2.3402,-18.07,-1.94
rec_20251130_124123.avi,videos__rec_20251130_124123__f003500.jpg,175.0,18,-0.2841,-17.95,-1.93
rec_20251130_124123.avi,videos__rec_20251130_124123__f003520.jpg,176.0,18,0.2950,-10.96,-1.18
rec_20251130_124123.avi,videos__rec_20251130_124123__f003540.jpg,177.0,18,-1.6116,-18.02,-1.94
rec_20251130_124123.avi,videos__rec_20251130_124123__f003560.jpg,178.0,16,-1.7761,-17.37,-1.87
rec_20251130_124123.avi,videos__rec_20251130_124123__f003580.jpg,179.0,18,-1.5105,-37.39,-4.02
rec_20251130_124123.avi,videos__rec_20251130_124123__f003600.jpg,180.0,16,-1.5933,-40.83,-4.39
rec_20251130_124123.avi,videos__rec_20251130_124123__f003620.jpg,181.0,16,-1.8055,-40.52,-4.35
rec_20251130_124123.avi,videos__rec_20251130_124123__f003640.jpg,182.0,17,-1.7119,-36.91,-3.97
rec_20251130_124123.avi,videos__rec_20251130_124123__f003660.jpg,183.0,14,-2.3057,-39.67,-4.26
rec_20251130_124123.avi,videos__rec_20251130_124123__f003680.jpg,184.0,16,-4.0869,-39.64,-4.26
rec_20251130_124123.avi,videos__rec_20251130_124123__f003700.jpg,185.0,15,-27.4325,-112.37,-12.07
rec_20251130_124123.avi,videos__rec_20251130_124123__f003720.jpg,186.0,14,-28.4490,-114.10,-12.25
rec_20251130_124123.avi,videos__rec_20251130_124123__f003740.jpg,187.0,14,-27.0338,-105.74,-11.36
rec_20251130_124123.avi,videos__rec_20251130_124123__f003760.jpg,188.0,15,-25.2409,-85.64,-9.20
rec_20251130_124123.avi,videos__rec_20251130_124123__f003780.jpg,189.0,16,-25.7867,-163.52,-17.54
rec_20251130_124123.avi,videos__rec_20251130_124123__f003800.jpg,190.0,14,-19.6069,-139.47,-14.97
rec_20251130_124123.avi,videos__rec_20251130_124123__f003820.jpg,191.0,13,-14.5075,-105.89,-11.37
rec_20251130_124123.avi,videos__rec_20251130_124123__f003840.jpg,192.0,14,-12.4312,-91.47,-9.83
rec_20251130_124123.avi,videos__rec_20251130_124123__f003860.jpg,193.0,13,-4.7450,-49.79,-5.35
rec_20251130_124123.avi,videos__rec_20251130_124123__f003880.jpg,194.0,14,1.2390,-38.42,-4.13
rec_20251130_124123.avi,videos__rec_20251130_124123__f003900.jpg,195.0,15,4.8907,-43.20,-4.64
rec_20251130_124123.avi,videos__rec_20251130_124123__f003920.jpg,196.0,16,11.8112,-44.81,-4.82
rec_20251130_124123.avi,videos__rec_20251130_124123__f003940.jpg,197.0,16,17.6919,-29.30,-3.15
rec_20251130_124123.avi,videos__rec_20251130_124123__f003960.jpg,198.0,15,-0.7192,-1.00,-0.11
rec_20251130_124123.avi,videos__rec_20251130_124123__f003980.jpg,199.0,16,-2.6892,6.66,0.72
rec_20251130_124123.avi,videos__rec_20251130_124123__f004000.jpg,200.0,14,-4.4418,0.46,0.05
rec_20251130_124123.avi,videos__rec_20251130_124123__f004020.jpg,201.0,17,-6.7857,5.97,0.64
rec_20251130_124123.avi,videos__rec_20251130_124123__f004040.jpg,202.0,16,-7.6732,6.08,0.65
rec_20251130_124123.avi,videos__rec_20251130_124123__f004060.jpg,203.0,15,-9.4831,-16.36,-1.76
rec_20251130_124123.avi,videos__rec_20251130_124123__f004080.jpg,204.0,14,-2.5840,-24.06,-2.59
rec_20251130_124123.avi,videos__rec_20251130_124123__f004100.jpg,205.0,12,-2.2101,-13.51,-1.45
rec_20251130_124123.avi,videos__rec_20251130_124123__f004120.jpg,206.0,14,-0.3581,-14.18,-1.52
rec_20251130_124123.avi,videos__rec_20251130_124123__f004140.jpg,207.0,14,1.3666,2.59,0.28
rec_20251130_124123.avi,videos__rec_20251130_124123__f004160.jpg,208.0,14,4.4972,8.94,0.96
rec_20251130_124123.avi,videos__rec_20251130_124123__f004180.jpg,209.0,14,6.3285,9.31,1.00
rec_20251130_124123.avi,videos__rec_20251130_124123__f004200.jpg,210.0,15,9.0606,29.07,3.12
rec_20251130_124123.avi,videos__rec_20251130_124123__f004220.jpg,211.0,14,9.2180,35.93,3.86
rec_20251130_124123.avi,videos__rec_20251130_124123__f004240.jpg,212.0,13,10.2390,37.30,4.01
rec_20251130_124123.avi,videos__rec_20251130_124123__f004260.jpg,213.0,13,10.7939,40.66,4.37
rec_20251130_124123.avi,videos__rec_20251130_124123__f004280.jpg,214.0,13,11.3801,37.97,4.08
rec_20251130_124123.avi,videos__rec_20251130_124123__f004300.jpg,215.0,13,8.4778,35.89,3.86
rec_20251130_124123.avi,videos__rec_20251130_124123__f004320.jpg,216.0,13,9.1252,37.87,4.07
rec_20251130_124123.avi,videos__rec_20251130_124123__f004340.jpg,217.0,12,6.7980,45.32,4.87
rec_20251130_124123.avi,videos__rec_20251130_124123__f004360.jpg,218.0,12,7.6334,37.90,4.07
rec_20251130_124123.avi,videos__rec_20251130_124123__f004380.jpg,219.0,12,9.1521,35.89,3.86
rec_20251130_124123.avi,videos__rec_20251130_124123__f004400.jpg,220.0,12,10.8144,29.76,3.20
rec_20251130_124123.avi,videos__rec_20251130_124123__f004420.jpg,221.0,12,11.5133,32.93,3.54
rec_20251130_124123.avi,videos__rec_20251130_124123__f004440.jpg,222.0,10,10.9855,30.17,3.24
rec_20251130_124123.avi,videos__rec_20251130_124123__f004460.jpg,223.0,11,11.5784,21.51,2.31
rec_20251130_124123.avi,videos__rec_20251130_124123__f004480.jpg,224.0,12,5.7578,6.68,0.72
rec_20251130_124123.avi,videos__rec_20251130_124123__f004500.jpg,225.0,11,5.6246,5.05,0.54
rec_20251130_124123.avi,videos__rec_20251130_124123__f004520.jpg,226.0,11,9.3644,-0.06,-0.01
rec_20251130_124123.avi,videos__rec_20251130_124123__f004540.jpg,227.0,11,8.5205,-0.36,-0.04
rec_20251130_124123.avi,videos__rec_20251130_124123__f004560.jpg,228.0,10,2.2485,-5.22,-0.56
rec_20251130_124123.avi,videos__rec_20251130_124123__f004580.jpg,229.0,10,0.5707,-18.10,-1.94
rec_20251130_124123.avi,videos__rec_20251130_124123__f004600.jpg,230.0,10,-0.1301,-8.35,-0.90
rec_20251130_124123.avi,videos__rec_20251130_124123__f004620.jpg,231.0,11,-1.0535,-23.90,-2.57
rec_20251130_124123.avi,videos__rec_20251130_124123__f004640.jpg,232.0,10,-2.3323,-9.45,-1.02
rec_20251130_124123.avi,videos__rec_20251130_124123__f004660.jpg,233.0,9,-3.6839,3.81,0.41
rec_20251130_124123.avi,videos__rec_20251130_124123__f004680.jpg,234.0,8,-5.8937,0.48,0.05
rec_20251130_124123.avi,videos__rec_20251130_124123__f004700.jpg,235.0,8,-9.1416,0.23,0.02
rec_20251130_124123.avi,videos__rec_20251130_124123__f004720.jpg,236.0,8,-6.8401,0.29,0.03
rec_20251130_124123.avi,videos__rec_20251130_124123__f004740.jpg,237.0,7,-6.6705,-48.68,-5.23
rec_20251130_124123.avi,videos__rec_20251130_124123__f004760.jpg,238.0,7,-7.0323,-50.77,-5.46
rec_20251130_124123.avi,videos__rec_20251130_124123__f004780.jpg,239.0,6,-7.7356,-52.56,-5.65
rec_20251130_124123.avi,videos__rec_20251130_124123__f004800.jpg,240.0,6,-7.2268,-41.80,-4.49
rec_20251130_124123.avi,videos__rec_20251130_124123__f004820.jpg,241.0,6,-6.7589,-33.95,-3.65
rec_20251130_124123.avi,videos__rec_20251130_124123__f004840.jpg,242.0,4,-5.1652,-45.01,-4.84
rec_20251130_124123.avi,videos__rec_20251130_124123__f004860.jpg,243.0,4,-4.6512,-45.91,-4.93
rec_20251130_124123.avi,videos__rec_20251130_124123__f004880.jpg,244.0,3,-3.9500,-46.23,-4.97
rec_20251130_124123.avi,videos__rec_20251130_124123__f004900.jpg,245.0,5,-4.6308,-47.67,-5.12
rec_20251130_124123.avi,videos__rec_20251130_124123__f004920.jpg,246.0,5,-5.1456,-46.06,-4.95
rec_20251130_124123.avi,videos__rec_20251130_124123__f004940.jpg,247.0,5,0.7125,-47.53,-5.11
rec_20251130_124123.avi,videos__rec_20251130_124123__f004960.jpg,248.0,5,2.0496,-40.40,-4.34
rec_20251130_124123.avi,videos__rec_20251130_124123__f006020.jpg,301.0,17,-8.6963,-55.38,-5.95
rec_20251130_124123.avi,videos__rec_20251130_124123__f006040.jpg,302.0,19,-9.1685,-52.81,-5.67
rec_20251130_124123.avi,videos__rec_20251130_124123__f006060.jpg,303.0,23,-8.9734,-51.78,-5.56
rec_20251130_124123.avi,videos__rec_20251130_124123__f006080.jpg,304.0,20,-7.5629,-47.78,-5.13
rec_20251130_124123.avi,videos__rec_20251130_124123__f006100.jpg,305.0,19,-5.7745,-43.28,-4.65
rec_20251130_124123.avi,videos__rec_20251130_124123__f006120.jpg,306.0,22,0.8790,-22.87,-2.46
rec_20251130_124123.avi,videos__rec_20251130_124123__f006140.jpg,307.0,24,0.0131,-22.56,-2.42
rec_20251130_124123.avi,videos__rec_20251130_124123__f006160.jpg,308.0,28,-0.2799,-25.73,-2.76
rec_20251130_124123.avi,videos__rec_20251130_124123__f006180.jpg,309.0,27,0.3594,-24.83,-2.67
rec_20251130_124123.avi,videos__rec_20251130_124123__f006200.jpg,310.0,28,0.2850,-22.66,-2.44
rec_20251130_124123.avi,videos__rec_20251130_124123__f006220.jpg,311.0,25,0.3593,-24.10,-2.59
rec_20251130_124123.avi,videos__rec_20251130_124123__f006240.jpg,312.0,25,0.5117,-24.25,-2.61
rec_20251130_124123.avi,videos__rec_20251130_124123__f006260.jpg,313.0,27,2.9840,-18.46,-1.98
rec_20251130_124123.avi,videos__rec_20251130_124123__f006280.jpg,314.0,23,6.2220,-10.81,-1.16
rec_20251130_124123.avi,videos__rec_20251130_124123__f006300.jpg,315.0,22,0.8366,28.49,3.06
rec_20251130_124123.avi,videos__rec_20251130_124123__f006320.jpg,316.0,21,0.2832,36.56,3.93
rec_20251130_124123.avi,videos__rec_20251130_124123__f006340.jpg,317.0,24,-0.7037,28.07,3.02
rec_20251130_124123.avi,videos__rec_20251130_124123__f006360.jpg,318.0,26,-4.8889,37.78,4.06
rec_20251130_124123.avi,videos__rec_20251130_124123__f006380.jpg,319.0,27,-5.6254,36.30,3.90
rec_20251130_124123.avi,videos__rec_20251130_124123__f006400.jpg,320.0,23,-8.2969,18.74,2.01
rec_20251130_124123.avi,videos__rec_20251130_124123__f006420.jpg,321.0,23,-8.7493,2.14,0.23
rec_20251130_124123.avi,videos__rec_20251130_124123__f006440.jpg,322.0,22,-8.6263,4.65,0.50
rec_20251130_124123.avi,videos__rec_20251130_124123__f006460.jpg,323.0,20,-7.9643,0.73,0.08
rec_20251130_124123.avi,videos__rec_20251130_124123__f006480.jpg,324.0,20,-6.6817,-10.68,-1.15
rec_20251130_124123.avi,videos__rec_20251130_124123__f006500.jpg,325.0,20,-0.6481,-3.95,-0.42
rec_20251130_124123.avi,videos__rec_20251130_124123__f006520.jpg,326.0,20,2.0767,29.00,3.12
rec_20251130_124123.avi,videos__rec_20251130_124123__f006540.jpg,327.0,20,6.7825,34.77,3.74
rec_20251130_124123.avi,videos__rec_20251130_124123__f006560.jpg,328.0,20,9.0949,57.01,6.13
rec_20251130_124123.avi,videos__rec_20251130_124123__f006580.jpg,329.0,19,11.8789,59.41,6.39
rec_20251130_124123.avi,videos__rec_20251130_124123__f006600.jpg,330.0,19,3.9115,65.56,7.05
rec_20251130_124123.avi,videos__rec_20251130_124123__f006620.jpg,331.0,20,-1.9132,57.63,6.19
rec_20251130_124123.avi,videos__rec_20251130_124123__f006640.jpg,332.0,18,-3.0524,55.23,5.94
rec_20251130_124123.avi,videos__rec_20251130_124123__f006660.jpg,333.0,20,-4.7640,52.00,5.59
rec_20251130_124123.avi,videos__rec_20251130_124123__f006680.jpg,334.0,18,-9.2281,12.09,1.30
rec_20251130_124123.avi,videos__rec_20251130_124123__f006700.jpg,335.0,20,-8.9503,15.99,1.72
rec_20251130_124123.avi,videos__rec_20251130_124123__f006720.jpg,336.0,22,-8.9998,19.92,2.14
rec_20251130_124123.avi,videos__rec_20251130_124123__f006740.jpg,337.0,21,-8.1938,25.51,2.74
rec_20251130_124123.avi,videos__rec_20251130_124123__f006760.jpg,338.0,22,-8.7979,28.45,3.06
rec_20251130_124123.avi,videos__rec_20251130_124123__f006780.jpg,339.0,21,-10.8922,33.90,3.64
rec_20251130_124123.avi,videos__rec_20251130_124123__f006800.jpg,340.0,21,-4.1524,41.23,4.43
rec_20251130_124123.avi,videos__rec_20251130_124123__f006820.jpg,341.0,19,2.0830,71.29,7.66
rec_20251130_124123.avi,videos__rec_20251130_124123__f006840.jpg,342.0,18,5.2837,-45.46,-4.88
rec_20251130_124123.avi,videos__rec_20251130_124123__f006860.jpg,343.0,20,42.3528,-61.29,-6.59
rec_20251130_124123.avi,videos__rec_20251130_124123__f006880.jpg,344.0,19,46.5627,-16.33,-1.75
rec_20251130_124123.avi,videos__rec_20251130_124123__f006900.jpg,345.0,22,8.7010,55.17,5.93
rec_20251130_124123.avi,videos__rec_20251130_124123__f006920.jpg,346.0,18,37.4258,55.25,5.94
rec_20251130_124123.avi,videos__rec_20251130_124123__f006940.jpg,347.0,20,41.2662,57.29,6.16
rec_20251130_124123.avi,videos__rec_20251130_124123__f006960.jpg,348.0,18,13.9800,65.36,7.02
rec_20251130_124123.avi,videos__rec_20251130_124123__f006980.jpg,349.0,14,15.4053,53.41,5.74
rec_20251130_124123.avi,videos__rec_20251130_124123__f007000.jpg,350.0,14,15.4600,59.20,6.36
rec_20251130_124123.avi,videos__rec_20251130_124123__f007020.jpg,351.0,13,16.3583,116.52,12.52
rec_20251130_124123.avi,videos__rec_20251130_124123__f007040.jpg,352.0,15,11.4796,102.03,10.96
rec_20251130_124123.avi,videos__rec_20251130_124123__f007060.jpg,353.0,16,4.5558,160.74,17.26
rec_20251130_124123.avi,videos__rec_20251130_124123__f007080.jpg,354.0,17,-2.5633,97.56,10.48
rec_20251130_124123.avi,videos__rec_20251130_124123__f007100.jpg,355.0,13,22.1230,65.14,7.00
rec_20251130_124123.avi,videos__rec_20251130_124123__f007120.jpg,356.0,11,22.2734,61.28,6.59
rec_20251130_124123.avi,videos__rec_20251130_124123__f007140.jpg,357.0,11,17.2264,38.45,4.13
rec_20251130_124123.avi,videos__rec_20251130_124123__f007160.jpg,358.0,14,5.9688,13.09,1.41
rec_20251130_124123.avi,videos__rec_20251130_124123__f007180.jpg,359.0,15,6.9446,29.06,3.12
rec_20251130_124123.avi,videos__rec_20251130_124123__f007200.jpg,360.0,13,14.7220,25.99,2.79
rec_20251130_124123.avi,videos__rec_20251130_124123__f007220.jpg,361.0,14,14.6827,23.96,2.58
rec_20251130_124123.avi,videos__rec_20251130_124123__f007240.jpg,362.0,14,12.0858,13.80,1.48
rec_20251130_124123.avi,videos__rec_20251130_124123__f007260.jpg,363.0,15,32.4030,44.20,4.75
rec_20251130_124123.avi,videos__rec_20251130_124123__f007280.jpg,364.0,13,3.8065,10.98,1.18
rec_20251130_124123.avi,videos__rec_20251130_124123__f007300.jpg,365.0,14,3.2182,8.72,0.94
rec_20251130_124123.avi,videos__rec_20251130_124123__f007320.jpg,366.0,15,2.8754,13.71,1.47
rec_20251130_124123.avi,videos__rec_20251130_124123__f007340.jpg,367.0,15,3.7930,11.06,1.19
rec_20251130_124123.avi,videos__rec_20251130_124123__f007360.jpg,368.0,15,3.4627,12.46,1.34
rec_20251130_124123.avi,videos__rec_20251130_124123__f007380.jpg,369.0,18,4.2453,19.41,2.09
rec_20251130_124123.avi,videos__rec_20251130_124123__f007400.jpg,370.0,14,3.8724,17.19,1.85
rec_20251130_124123.avi,videos__rec_20251130_124123__f007420.jpg,371.0,14,5.0283,23.96,2.57
rec_20251130_124123.avi,videos__rec_20251130_124123__f007440.jpg,372.0,15,6.5134,33.40,3.59
rec_20251130_124123.avi,videos__rec_20251130_124123__f007460.jpg,373.0,11,14.1028,56.78,6.10
rec_20251130_124123.avi,videos__rec_20251130_124123__f007480.jpg,374.0,13,7.5218,25.19,2.71
rec_20251130_124123.avi,videos__rec_20251130_124123__f007500.jpg,375.0,14,3.7800,1.44,0.15
rec_20251130_124123.avi,videos__rec_20251130_124123__f007520.jpg,376.0,15,1.8571,-4.49,-0.48
rec_20251130_124123.avi,videos__rec_20251130_124123__f007540.jpg,377.0,15,3.0451,-1.43,-0.15
rec_20251130_124123.avi,videos__rec_20251130_124123__f007560.jpg,378.0,13,3.4593,-12.01,-1.29
rec_20251130_124123.avi,videos__rec_20251130_124123__f007580.jpg,379.0,14,3.2121,-4.57,-0.49
rec_20251130_124123.avi,videos__rec_20251130_124123__f007600.jpg,380.0,13,2.2780,-2.87,-0.31
rec_20251130_124123.avi,videos__rec_20251130_124123__f007620.jpg,381.0,15,2.9860,-2.43,-0.26
rec_20251130_124123.avi,videos__rec_20251130_124123__f007640.jpg,382.0,14,1.7809,-2.56,-0.28
rec_20251130_124123.avi,videos__rec_20251130_124123__f007660.jpg,383.0,14,4.2457,-12.11,-1.30
rec_20251130_124123.avi,videos__rec_20251130_124123__f007680.jpg,384.0,14,4.8214,-9.92,-1.07
rec_20251130_124123.avi,videos__rec_20251130_124123__f007700.jpg,385.0,13,4.5246,-9.89,-1.06
rec_20251130_124123.avi,videos__rec_20251130_124123__f007720.jpg,386.0,13,5.8191,-2.13,-0.23
rec_20251130_124123.avi,videos__rec_20251130_124123__f007740.jpg,387.0,13,6.6445,2.30,0.25
rec_20251130_124123.avi,videos__rec_20251130_124123__f007760.jpg,388.0,14,6.7949,-8.05,-0.86
rec_20251130_124123.avi,videos__rec_20251130_124123__f007780.jpg,389.0,11,7.7263,-1.61,-0.17
rec_20251130_124123.avi,videos__rec_20251130_124123__f007800.jpg,390.0,12,8.2835,-5.51,-0.59
rec_20251130_124123.avi,videos__rec_20251130_124123__f007820.jpg,391.0,13,7.8940,-4.79,-0.52
rec_20251130_124123.avi,videos__rec_20251130_124123__f007840.jpg,392.0,12,7.5184,3.41,0.37
rec_20251130_124123.avi,videos__rec_20251130_124123__f007860.jpg,393.0,10,6.2691,-10.84,-1.17
rec_20251130_124123.avi,videos__rec_20251130_124123__f007880.jpg,394.0,10,-0.6233,-23.33,-2.51
rec_20251130_124123.avi,videos__rec_20251130_124123__f007900.jpg,395.0,10,-0.2350,-31.53,-3.39
rec_20251130_124123.avi,videos__rec_20251130_124123__f007920.jpg,396.0,9,-7.4295,-36.66,-3.94
rec_20251130_124123.avi,videos__rec_20251130_124123__f007940.jpg,397.0,9,-7.6342,-39.11,-4.20
rec_20251130_124123.avi,videos__rec_20251130_124123__f007960.jpg,398.0,9,-8.9677,-39.54,-4.25
rec_20251130_124123.avi,videos__rec_20251130_124123__f007980.jpg,399.0,9,-4.5699,-41.09,-4.42
rec_20251130_124123.avi,videos__rec_20251130_124123__f008000.jpg,400.0,8,-4.7555,-46.92,-5.04
rec_20251130_124123.avi,videos__rec_20251130_124123__f008020.jpg,401.0,9,-2.6537,-34.77,-3.74
rec_20251130_124123.avi,videos__rec_20251130_124123__f008040.jpg,402.0,9,-1.7317,-33.74,-3.63
rec_20251130_124123.avi,videos__rec_20251130_124123__f008060.jpg,403.0,8,-1.0807,-30.34,-3.26
rec_20251130_124123.avi,videos__rec_20251130_124123__f008080.jpg,404.0,7,-2.1896,-22.52,-2.42
rec_20251130_124123.avi,videos__rec_20251130_124123__f008100.jpg,405.0,8,-2.2488,-33.44,-3.59
rec_20251130_124123.avi,videos__rec_20251130_124123__f008120.jpg,406.0,7,-2.4270,-31.42,-3.38
rec_20251130_124123.avi,videos__rec_20251130_124123__f008140.jpg,407.0,7,-3.7321,-31.94,-3.43
rec_20251130_124123.avi,videos__rec_20251130_124123__f008160.jpg,408.0,8,-3.1095,-27.96,-3.00
rec_20251130_124123.avi,videos__rec_20251130_124123__f008180.jpg,409.0,7,-7.1206,-38.66,-4.15
rec_20251130_124123.avi,videos__rec_20251130_124123__f008200.jpg,410.0,7,-3.0905,-36.59,-3.93
rec_20251130_124123.avi,videos__rec_20251130_124123__f008220.jpg,411.0,8,-1.1385,-26.84,-2.88
rec_20251130_124123.avi,videos__rec_20251130_124123__f008240.jpg,412.0,8,-0.9824,-20.68,-2.22
rec_20251130_124123.avi,videos__rec_20251130_124123__f008260.jpg,413.0,8,-1.0585,-15.82,-1.70
rec_20251130_124123.avi,videos__rec_20251130_124123__f008280.jpg,414.0,10,-0.7226,-4.64,-0.50
rec_20251130_124123.avi,videos__rec_20251130_124123__f008300.jpg,415.0,10,-0.4940,-1.18,-0.13
rec_20251130_124123.avi,videos__rec_20251130_124123__f008320.jpg,416.0,11,-1.6669,-1.03,-0.11
rec_20251130_124123.avi,videos__rec_20251130_124123__f008340.jpg,417.0,10,-3.0684,-4.44,-0.48
rec_20251130_124123.avi,videos__rec_20251130_124123__f008360.jpg,418.0,8,34.6142,167.89,18.02
rec_20251130_124123.avi,videos__rec_20251130_124123__f008380.jpg,419.0,11,20.1555,81.94,8.81
rec_20251130_124123.avi,videos__rec_20251130_124123__f008400.jpg,420.0,12,19.1272,64.69,6.95
rec_20251130_124123.avi,videos__rec_20251130_124123__f008420.jpg,421.0,10,15.7759,48.33,5.19
rec_20251130_124123.avi,videos__rec_20251130_124123__f008440.jpg,422.0,11,14.3381,50.55,5.43
rec_20251130_124123.avi,videos__rec_20251130_124123__f008460.jpg,423.0,11,15.2451,33.11,3.56
rec_20251130_124123.avi,videos__rec_20251130_124123__f008480.jpg,424.0,10,15.8997,26.19,2.81
rec_20251130_124123.avi,videos__rec_20251130_124123__f008500.jpg,425.0,10,14.7390,24.95,2.68
rec_20251130_124123.avi,videos__rec_20251130_124123__f008520.jpg,426.0,12,13.0429,19.45,2.09
rec_20251130_124123.avi,videos__rec_20251130_124123__f008540.jpg,427.0,11,12.2786,14.72,1.58
rec_20251130_124123.avi,videos__rec_20251130_124123__f008560.jpg,428.0,11,5.4677,29.03,3.12
rec_20251130_124123.avi,videos__rec_20251130_124123__f008580.jpg,429.0,12,3.3520,24.62,2.65
rec_20251130_124123.avi,videos__rec_20251130_124123__f008600.jpg,430.0,11,-0.5993,10.48,1.13
rec_20251130_124123.avi,videos__rec_20251130_124123__f008620.jpg,431.0,7,-3.6531,-14.75,-1.59
rec_20251130_124123.avi,videos__rec_20251130_124123__f008640.jpg,432.0,10,-2.2051,-9.19,-0.99
rec_20251130_124123.avi,videos__rec_20251130_124123__f008660.jpg,433.0,12,-2.1809,-15.75,-1.69
rec_20251130_124123.avi,videos__rec_20251130_124123__f008680.jpg,434.0,12,-2.3543,-15.94,-1.71
rec_20251130_124123.avi,videos__rec_20251130_124123__f008700.jpg,435.0,13,5.4222,-18.55,-1.99
rec_20251130_124123.avi,videos__rec_20251130_124123__f008720.jpg,436.0,10,7.3750,-11.78,-1.27
rec_20251130_124123.avi,videos__rec_20251130_124123__f008740.jpg,437.0,11,9.3676,-6.27,-0.67
rec_20251130_124123.avi,videos__rec_20251130_124123__f008760.jpg,438.0,10,12.1266,-1.85,-0.20
rec_20251130_124123.avi,videos__rec_20251130_124123__f008780.jpg,439.0,9,11.9715,10.21,1.10
rec_20251130_124123.avi,videos__rec_20251130_124123__f008800.jpg,440.0,10,11.4145,10.17,1.09
rec_20251130_124123.avi,videos__rec_20251130_124123__f008820.jpg,441.0,11,12.4312,6.75,0.73
rec_20251130_124123.avi,videos__rec_20251130_124123__f008840.jpg,442.0,11,-4.0482,21.63,2.33
rec_20251130_124123.avi,videos__rec_20251130_124123__f008860.jpg,443.0,9,-10.3551,-24.96,-2.68
rec_20251130_124123.avi,videos__rec_20251130_124123__f008880.jpg,444.0,10,-12.1786,-32.11,-3.45
rec_20251130_124123.avi,videos__rec_20251130_124123__f008900.jpg,445.0,10,-13.3117,-28.34,-3.05
rec_20251130_124123.avi,videos__rec_20251130_124123__f008920.jpg,446.0,11,-7.5825,-29.54,-3.18
rec_20251130_124123.avi,videos__rec_20251130_124123__f008940.jpg,447.0,11,-8.1131,-17.05,-1.83
rec_20251130_124123.avi,videos__rec_20251130_124123__f008960.jpg,448.0,11,-6.3850,-7.88,-0.85
rec_20251130_124123.avi,videos__rec_20251130_124123__f008980.jpg,449.0,11,-4.1986,34.74,3.73
rec_20251130_124123.avi,videos__rec_20251130_124123__f009000.jpg,450.0,11,-0.9080,55.19,5.93
rec_20251130_124123.avi,videos__rec_20251130_124123__f009020.jpg,451.0,9,0.4548,50.08,5.38
rec_20251130_124123.avi,videos__rec_20251130_124123__f009040.jpg,452.0,11,-1.3273,41.95,4.51
rec_20251130_124123.avi,videos__rec_20251130_124123__f009060.jpg,453.0,11,4.7682,33.40,3.59
rec_20251130_124123.avi,videos__rec_20251130_124123__f009080.jpg,454.0,9,13.4385,112.07,12.04
rec_20251130_124123.avi,videos__rec_20251130_124123__f009100.jpg,455.0,9,14.2713,102.35,11.00
rec_20251130_124123.avi,videos__rec_20251130_124123__f009120.jpg,456.0,9,14.7121,89.25,9.59
rec_20251130_124123.avi,videos__rec_20251130_124123__f009140.jpg,457.0,10,12.2281,112.91,12.13
rec_20251130_124123.avi,videos__rec_20251130_124123__f009160.jpg,458.0,10,12.3982,110.42,11.86
rec_20251130_124123.avi,videos__rec_20251130_124123__f009180.jpg,459.0,11,10.8799,120.41,12.93
rec_20251130_124123.avi,videos__rec_20251130_124123__f009200.jpg,460.0,10,11.3975,119.25,12.81
rec_20251130_124123.avi,videos__rec_20251130_124123__f009220.jpg,461.0,11,10.6943,118.75,12.76
rec_20251130_124123.avi,videos__rec_20251130_124123__f009240.jpg,462.0,10,51.5038,187.55,20.12
rec_20251130_124123.avi,videos__rec_20251130_124123__f009260.jpg,463.0,10,6.4162,102.17,10.98
rec_20251130_124123.avi,videos__rec_20251130_124123__f009280.jpg,464.0,10,4.5897,100.74,10.82
rec_20251130_124123.avi,videos__rec_20251130_124123__f009300.jpg,465.0,9,3.2009,109.50,11.76
rec_20251130_124123.avi,videos__rec_20251130_124123__f009320.jpg,466.0,10,2.4165,93.61,10.06
rec_20251130_124123.avi,videos__rec_20251130_124123__f009340.jpg,467.0,11,8.0061,99.42,10.68
rec_20251130_124123.avi,videos__rec_20251130_124123__f009360.jpg,468.0,10,1.3127,110.94,11.92
rec_20251130_124123.avi,videos__rec_20251130_124123__f009380.jpg,469.0,9,-4.5945,2.70,0.29
rec_20251130_124123.avi,videos__rec_20251130_124123__f009400.jpg,470.0,8,7.4028,39.02,4.19
rec_20251130_124123.avi,videos__rec_20251130_124123__f009420.jpg,471.0,7,10.7853,42.92,4.61
rec_20251130_124123.avi,videos__rec_20251130_124123__f009440.jpg,472.0,8,14.3386,63.17,6.79
rec_20251130_124123.avi,videos__rec_20251130_124123__f009460.jpg,473.0,9,46.3474,11.12,1.20
rec_20251130_124123.avi,videos__rec_20251130_124123__f009480.jpg,474.0,9,22.7103,76.76,8.25
rec_20251130_124123.avi,videos__rec_20251130_124123__f009500.jpg,475.0,6,25.6629,91.92,9.88
rec_20251130_124123.avi,videos__rec_20251130_124123__f009520.jpg,476.0,9,28.5817,86.05,9.25
rec_20251130_124123.avi,videos__rec_20251130_124123__f009540.jpg,477.0,7,16.6610,70.12,7.53
rec_20251130_124123.avi,videos__rec_20251130_124123__f009560.jpg,478.0,5,22.4655,103.72,11.14
rec_20251130_124123.avi,videos__rec_20251130_124123__f009580.jpg,479.0,6,17.8728,81.57,8.77
rec_20251130_124123.avi,videos__rec_20251130_124123__f009600.jpg,480.0,7,16.3921,62.75,6.74
rec_20251130_124123.avi,videos__rec_20251130_124123__f009620.jpg,481.0,7,14.8890,61.65,6.63
rec_20251130_124123.avi,videos__rec_20251130_124123__f009640.jpg,482.0,6,10.2289,48.77,5.24
rec_20251130_124123.avi,videos__rec_20251130_124123__f009660.jpg,483.0,5,8.7133,25.42,2.73
rec_20251130_124123.avi,videos__rec_20251130_124123__f009680.jpg,484.0,4,7.6982,7.21,0.77
rec_20251130_124123.avi,videos__rec_20251130_124123__f009700.jpg,485.0,4,5.9583,7.04,0.76
rec_20251130_124123.avi,videos__rec_20251130_124123__f009720.jpg,486.0,5,3.8309,22.62,2.43
rec_20251130_124123.avi,videos__rec_20251130_124123__f009740.jpg,487.0,3,-0.5016,-12.35,-1.33
rec_20251130_124123.avi,videos__rec_20251130_124123__f009760.jpg,488.0,3,-2.9991,-6.15,-0.66
rec_20251130_124123.avi,videos__rec_20251130_124123__f009780.jpg,489.0,3,-4.0637,-6.41,-0.69
rec_20251130_124123.avi,videos__rec_20251130_124123__f010680.jpg,534.0,12,17.5702,67.41,7.24
rec_20251130_124123.avi,videos__rec_20251130_124123__f010700.jpg,535.0,16,14.9148,82.05,8.82
rec_20251130_124123.avi,videos__rec_20251130_124123__f010720.jpg,536.0,16,16.3152,78.05,8.39
rec_20251130_124123.avi,videos__rec_20251130_124123__f010740.jpg,537.0,18,16.2286,79.28,8.52
rec_20251130_124123.avi,videos__rec_20251130_124123__f010760.jpg,538.0,19,16.7129,78.03,8.38
rec_20251130_124123.avi,videos__rec_20251130_124123__f010780.jpg,539.0,16,16.2833,78.16,8.40
rec_20251130_124123.avi,videos__rec_20251130_124123__f010800.jpg,540.0,17,16.6319,77.96,8.38
rec_20251130_124123.avi,videos__rec_20251130_124123__f010820.jpg,541.0,18,16.3761,78.45,8.43
rec_20251130_124123.avi,videos__rec_20251130_124123__f010840.jpg,542.0,20,16.4939,78.00,8.38
rec_20251130_124123.avi,videos__rec_20251130_124123__f010860.jpg,543.0,25,16.0565,78.10,8.39
rec_20251130_124123.avi,videos__rec_20251130_124123__f010880.jpg,544.0,25,16.2659,78.15,8.40
rec_20251130_124123.avi,videos__rec_20251130_124123__f010900.jpg,545.0,24,16.2432,78.03,8.38
rec_20251130_124123.avi,videos__rec_20251130_124123__f010920.jpg,546.0,24,16.1687,77.14,8.29
rec_20251130_124123.avi,videos__rec_20251130_124123__f010940.jpg,547.0,25,16.0696,77.63,8.34
rec_20251130_124123.avi,videos__rec_20251130_124123__f010960.jpg,548.0,22,16.0093,78.00,8.38
rec_20251130_124123.avi,videos__rec_20251130_124123__f010980.jpg,549.0,24,15.9312,77.45,8.32
rec_20251130_124123.avi,videos__rec_20251130_124123__f011000.jpg,550.0,22,15.8474,78.12,8.39
rec_20251130_124123.avi,videos__rec_20251130_124123__f011020.jpg,551.0,24,17.3601,64.72,6.96
rec_20251130_124123.avi,videos__rec_20251130_124123__f011040.jpg,552.0,20,17.3594,64.48,6.93
rec_20251130_124123.avi,videos__rec_20251130_124123__f011060.jpg,553.0,17,17.3316,58.35,6.27
rec_20251130_124123.avi,videos__rec_20251130_124123__f011080.jpg,554.0,19,16.6837,54.94,5.90
rec_20251130_124123.avi,videos__rec_20251130_124123__f011100.jpg,555.0,17,16.6197,56.42,6.06
rec_20251130_124123.avi,videos__rec_20251130_124123__f011120.jpg,556.0,16,16.2684,56.91,6.12
rec_20251130_124123.avi,videos__rec_20251130_124123__f011140.jpg,557.0,16,16.5356,56.65,6.09
rec_20251130_124123.avi,videos__rec_20251130_124123__f011160.jpg,558.0,17,16.4721,56.87,6.11
rec_20251130_124123.avi,videos__rec_20251130_124123__f011180.jpg,559.0,16,16.7436,57.20,6.15
rec_20251130_124123.avi,videos__rec_20251130_124123__f011200.jpg,560.0,19,16.7125,57.24,6.15
rec_20251130_124123.avi,videos__rec_20251130_124123__f011220.jpg,561.0,18,18.0436,55.31,5.94
rec_20251130_124123.avi,videos__rec_20251130_124123__f011240.jpg,562.0,21,17.4189,55.49,5.96
rec_20251130_124123.avi,videos__rec_20251130_124123__f011260.jpg,563.0,19,16.8696,54.96,5.91
rec_20251130_124123.avi,videos__rec_20251130_124123__f011280.jpg,564.0,19,17.9793,59.24,6.37
rec_20251130_124123.avi,videos__rec_20251130_124123__f011300.jpg,565.0,17,18.0549,58.79,6.32
rec_20251130_124123.avi,videos__rec_20251130_124123__f011320.jpg,566.0,19,17.8073,58.56,6.29
rec_20251130_124123.avi,videos__rec_20251130_124123__f011340.jpg,567.0,22,17.6518,53.96,5.80
rec_20251130_124123.avi,videos__rec_20251130_124123__f011360.jpg,568.0,19,16.8222,48.74,5.24
rec_20251130_124123.avi,videos__rec_20251130_124123__f011380.jpg,569.0,22,17.0352,48.58,5.22
rec_20251130_124123.avi,videos__rec_20251130_124123__f011400.jpg,570.0,20,16.9845,49.36,5.30
rec_20251130_124123.avi,videos__rec_20251130_124123__f011420.jpg,571.0,20,16.7138,49.92,5.36
rec_20251130_124123.avi,videos__rec_20251130_124123__f011440.jpg,572.0,20,16.8642,51.69,5.56
rec_20251130_124123.avi,videos__rec_20251130_124123__f011460.jpg,573.0,20,17.0283,50.71,5.45
rec_20251130_124123.avi,videos__rec_20251130_124123__f011480.jpg,574.0,19,17.2627,51.54,5.54
rec_20251130_124123.avi,videos__rec_20251130_124123__f011500.jpg,575.0,21,16.9144,52.10,5.60
rec_20251130_124123.avi,videos__rec_20251130_124123__f011520.jpg,576.0,23,17.1208,51.24,5.51
rec_20251130_124123.avi,videos__rec_20251130_124123__f011540.jpg,577.0,20,17.0173,51.80,5.57
rec_20251130_124123.avi,videos__rec_20251130_124123__f011560.jpg,578.0,21,17.0050,49.97,5.37
rec_20251130_124123.avi,videos__rec_20251130_124123__f011580.jpg,579.0,24,17.0470,49.34,5.30
rec_20251130_124123.avi,videos__rec_20251130_124123__f011600.jpg,580.0,20,16.7849,51.09,5.49
rec_20251130_124123.avi,videos__rec_20251130_124123__f011620.jpg,581.0,22,16.7726,50.00,5.37
rec_20251130_124123.avi,videos__rec_20251130_124123__f011640.jpg,582.0,22,17.5078,49.52,5.32
rec_20251130_124123.avi,videos__rec_20251130_124123__f011660.jpg,583.0,21,17.1833,53.15,5.71
rec_20251130_124123.avi,videos__rec_20251130_124123__f011680.jpg,584.0,19,17.5248,52.21,5.61
rec_20251130_124123.avi,videos__rec_20251130_124123__f011700.jpg,585.0,18,18.6297,50.76,5.46
rec_20251130_124123.avi,videos__rec_20251130_124123__f011720.jpg,586.0,20,15.1229,29.69,3.19
rec_20251130_124123.avi,videos__rec_20251130_124123__f011740.jpg,587.0,19,14.7844,11.50,1.24
rec_20251130_124123.avi,videos__rec_20251130_124123__f011760.jpg,588.0,20,12.5135,0.96,0.10
rec_20251130_124123.avi,videos__rec_20251130_124123__f011780.jpg,589.0,17,11.2682,-5.17,-0.56
rec_20251130_124123.avi,videos__rec_20251130_124123__f011800.jpg,590.0,18,10.2040,-7.91,-0.85
rec_20251130_124123.avi,videos__rec_20251130_124123__f011820.jpg,591.0,20,10.2791,-12.70,-1.37
rec_20251130_124123.avi,videos__rec_20251130_124123__f011840.jpg,592.0,21,13.5376,-10.57,-1.14
rec_20251130_124123.avi,videos__rec_20251130_124123__f011860.jpg,593.0,19,6.6810,-18.16,-1.95
rec_20251130_124123.avi,videos__rec_20251130_124123__f011880.jpg,594.0,19,4.7810,-27.18,-2.92
rec_20251130_124123.avi,videos__rec_20251130_124123__f011900.jpg,595.0,18,4.4287,-26.43,-2.84
rec_20251130_124123.avi,videos__rec_20251130_124123__f011920.jpg,596.0,20,3.4814,-18.73,-2.01
rec_20251130_124123.avi,videos__rec_20251130_124123__f011940.jpg,597.0,19,13.1772,-16.30,-1.75
rec_20251130_124123.avi,videos__rec_20251130_124123__f011960.jpg,598.0,20,5.8849,-10.01,-1.08
rec_20251130_124123.avi,videos__rec_20251130_124123__f011980.jpg,599.0,19,2.4544,-26.97,-2.90
rec_20251130_124123.avi,videos__rec_20251130_124123__f012000.jpg,600.0,20,3.9074,-30.26,-3.25
rec_20251130_124123.avi,videos__rec_20251130_124123__f012020.jpg,601.0,18,5.0750,-22.96,-2.47
rec_20251130_124123.avi,videos__rec_20251130_124123__f012040.jpg,602.0,20,5.8517,-18.75,-2.01
rec_20251130_124123.avi,videos__rec_20251130_124123__f012060.jpg,603.0,18,6.2250,-26.98,-2.90
rec_20251130_124123.avi,videos__rec_20251130_124123__f012080.jpg,604.0,20,5.1908,-30.96,-3.33
rec_20251130_124123.avi,videos__rec_20251130_124123__f012100.jpg,605.0,20,5.4801,-29.30,-3.15
rec_20251130_124123.avi,videos__rec_20251130_124123__f012120.jpg,606.0,22,3.6385,-31.93,-3.43
rec_20251130_124123.avi,videos__rec_20251130_124123__f012140.jpg,607.0,19,3.6637,-27.87,-3.00
rec_20251130_124123.avi,videos__rec_20251130_124123__f012160.jpg,608.0,23,4.6755,-27.21,-2.92
rec_20251130_124123.avi,videos__rec_20251130_124123__f012180.jpg,609.0,18,4.1726,-25.02,-2.69
rec_20251130_124123.avi,videos__rec_20251130_124123__f012200.jpg,610.0,19,4.9926,-22.64,-2.43
rec_20251130_124123.avi,videos__rec_20251130_124123__f012220.jpg,611.0,19,5.8918,-19.79,-2.13
rec_20251130_124123.avi,videos__rec_20251130_124123__f012240.jpg,612.0,19,5.3846,-21.17,-2.28
rec_20251130_124123.avi,videos__rec_20251130_124123__f012260.jpg,613.0,18,4.2161,6.76,0.73
rec_20251130_124123.avi,videos__rec_20251130_124123__f012280.jpg,614.0,17,6.3812,37.93,4.08
rec_20251130_124123.avi,videos__rec_20251130_124123__f012300.jpg,615.0,21,12.7557,75.03,8.06
rec_20251130_124123.avi,videos__rec_20251130_124123__f012320.jpg,616.0,18,9.6099,54.65,5.87
rec_20251130_124123.avi,videos__rec_20251130_124123__f012340.jpg,617.0,18,10.2931,56.54,6.08
rec_20251130_124123.avi,videos__rec_20251130_124123__f012360.jpg,618.0,20,10.2050,53.81,5.78
rec_20251130_124123.avi,videos__rec_20251130_124123__f012380.jpg,619.0,20,10.6348,54.56,5.86
rec_20251130_124123.avi,videos__rec_20251130_124123__f012400.jpg,620.0,18,10.0847,54.00,5.80
rec_20251130_124123.avi,videos__rec_20251130_124123__f012420.jpg,621.0,20,10.8133,57.32,6.16
rec_20251130_124123.avi,videos__rec_20251130_124123__f012440.jpg,622.0,20,11.0050,55.66,5.98
rec_20251130_124123.avi,videos__rec_20251130_124123__f012460.jpg,623.0,22,9.7008,70.33,7.56
rec_20251130_124123.avi,videos__rec_20251130_124123__f012480.jpg,624.0,20,10.0382,66.85,7.18
rec_20251130_124123.avi,videos__rec_20251130_124123__f012500.jpg,625.0,20,10.3406,75.07,8.07
rec_20251130_124123.avi,videos__rec_20251130_124123__f012520.jpg,626.0,18,13.1389,84.12,9.04
rec_20251130_124123.avi,videos__rec_20251130_124123__f012540.jpg,627.0,22,13.1616,76.68,8.24
rec_20251130_124123.avi,videos__rec_20251130_124123__f012560.jpg,628.0,19,12.2377,80.75,8.68
rec_20251130_124123.avi,videos__rec_20251130_124123__f012580.jpg,629.0,19,12.6837,64.78,6.96
rec_20251130_124123.avi,videos__rec_20251130_124123__f012600.jpg,630.0,18,13.1650,72.16,7.75
rec_20251130_124123.avi,videos__rec_20251130_124123__f012620.jpg,631.0,17,12.1229,84.62,9.09
rec_20251130_124123.avi,videos__rec_20251130_124123__f012640.jpg,632.0,16,12.8229,90.30,9.70
rec_20251130_124123.avi,videos__rec_20251130_124123__f012660.jpg,633.0,17,12.9593,92.55,9.94
rec_20251130_124123.avi,videos__rec_20251130_124123__f012680.jpg,634.0,18,11.7370,90.79,9.75
rec_20251130_124123.avi,videos__rec_20251130_124123__f012700.jpg,635.0,20,12.6524,95.91,10.31
rec_20251130_124123.avi,videos__rec_20251130_124123__f012720.jpg,636.0,21,11.3669,84.24,9.05
rec_20251130_124123.avi,videos__rec_20251130_124123__f012740.jpg,637.0,19,11.4923,91.03,9.78
rec_20251130_124123.avi,videos__rec_20251130_124123__f012760.jpg,638.0,19,12.1412,86.01,9.24
rec_20251130_124123.avi,videos__rec_20251130_124123__f012780.jpg,639.0,17,11.8346,78.88,8.48
rec_20251130_124123.avi,videos__rec_20251130_124123__f012800.jpg,640.0,19,11.8920,90.91,9.77
rec_20251130_124123.avi,videos__rec_20251130_124123__f012820.jpg,641.0,22,11.8672,91.15,9.79
rec_20251130_124123.avi,videos__rec_20251130_124123__f012840.jpg,642.0,22,12.5693,95.34,10.24
rec_20251130_124123.avi,videos__rec_20251130_124123__f012860.jpg,643.0,21,11.7239,100.05,10.75
rec_20251130_124123.avi,videos__rec_20251130_124123__f012880.jpg,644.0,18,11.5699,104.47,11.22
rec_20251130_124123.avi,videos__rec_20251130_124123__f012900.jpg,645.0,21,11.3612,106.08,11.40
rec_20251130_124123.avi,videos__rec_20251130_124123__f012920.jpg,646.0,23,12.2747,109.89,11.81
rec_20251130_124123.avi,videos__rec_20251130_124123__f012940.jpg,647.0,25,11.9773,112.20,12.05
rec_20251130_124123.avi,videos__rec_20251130_124123__f012960.jpg,648.0,27,12.0383,115.31,12.39
rec_20251130_124123.avi,videos__rec_20251130_124123__f012980.jpg,649.0,24,12.1818,116.24,12.49
rec_20251130_124123.avi,videos__rec_20251130_124123__f013000.jpg,650.0,20,11.9163,99.61,10.70
rec_20251130_124123.avi,videos__rec_20251130_124123__f013020.jpg,651.0,26,13.3710,123.76,13.29
rec_20251130_124123.avi,videos__rec_20251130_124123__f013040.jpg,652.0,23,15.4001,129.22,13.88
rec_20251130_124123.avi,videos__rec_20251130_124123__f013060.jpg,653.0,23,19.2513,156.44,16.80
rec_20251130_124123.avi,videos__rec_20251130_124123__f013080.jpg,654.0,21,16.7909,141.83,15.23
rec_20251130_124123.avi,videos__rec_20251130_124123__f013100.jpg,655.0,20,17.4349,142.95,15.35
rec_20251130_124123.avi,videos__rec_20251130_124123__f013120.jpg,656.0,21,18.0109,145.17,15.59
rec_20251130_124123.avi,videos__rec_20251130_124123__f013140.jpg,657.0,24,16.9245,144.13,15.48
rec_20251130_124123.avi,videos__rec_20251130_124123__f013160.jpg,658.0,22,18.8436,153.29,16.46
rec_20251130_124123.avi,videos__rec_20251130_124123__f013180.jpg,659.0,22,19.6846,158.04,16.97
rec_20251130_124123.avi,videos__rec_20251130_124123__f013200.jpg,660.0,24,12.4708,164.46,17.65
rec_20251130_124123.avi,videos__rec_20251130_124123__f013220.jpg,661.0,19,6.5457,120.11,12.90
rec_20251130_124123.avi,videos__rec_20251130_124123__f013240.jpg,662.0,19,7.7228,114.56,12.31
rec_20251130_124123.avi,videos__rec_20251130_124123__f013260.jpg,663.0,21,6.2878,100.13,10.76
rec_20251130_124123.avi,videos__rec_20251130_124123__f013280.jpg,664.0,19,6.5161,104.31,11.21
rec_20251130_124123.avi,videos__rec_20251130_124123__f013300.jpg,665.0,20,7.8457,108.82,11.69
rec_20251130_124123.avi,videos__rec_20251130_124123__f013320.jpg,666.0,18,10.1962,115.24,12.38
rec_20251130_124123.avi,videos__rec_20251130_124123__f013340.jpg,667.0,18,10.1735,116.05,12.47
rec_20251130_124123.avi,videos__rec_20251130_124123__f013360.jpg,668.0,17,8.4436,107.47,11.55
rec_20251130_124123.avi,videos__rec_20251130_124123__f013380.jpg,669.0,14,9.7253,94.30,10.13
rec_20251130_124123.avi,videos__rec_20251130_124123__f013400.jpg,670.0,19,17.0906,100.82,10.83
rec_20251130_124123.avi,videos__rec_20251130_124123__f013420.jpg,671.0,19,28.0799,99.78,10.72
rec_20251130_124123.avi,videos__rec_20251130_124123__f013440.jpg,672.0,18,27.9204,94.35,10.14
rec_20251130_124123.avi,videos__rec_20251130_124123__f013460.jpg,673.0,16,17.5174,83.49,8.97
rec_20251130_124123.avi,videos__rec_20251130_124123__f013480.jpg,674.0,17,-5.0223,78.14,8.40
rec_20251130_124123.avi,videos__rec_20251130_124123__f013500.jpg,675.0,15,17.1959,84.11,9.04
rec_20251130_124123.avi,videos__rec_20251130_124123__f013520.jpg,676.0,18,33.0466,70.66,7.59
rec_20251130_124123.avi,videos__rec_20251130_124123__f013540.jpg,677.0,17,31.3476,64.81,6.96
rec_20251130_124123.avi,videos__rec_20251130_124123__f013560.jpg,678.0,14,52.2817,108.66,11.67
rec_20251130_124123.avi,videos__rec_20251130_124123__f013580.jpg,679.0,16,4.7502,24.93,2.68
rec_20251130_124123.avi,videos__rec_20251130_124123__f013600.jpg,680.0,18,4.7830,24.42,2.62
rec_20251130_124123.avi,videos__rec_20251130_124123__f013620.jpg,681.0,18,3.1200,25.30,2.72
rec_20251130_124123.avi,videos__rec_20251130_124123__f013640.jpg,682.0,18,4.2181,11.07,1.19
rec_20251130_124123.avi,videos__rec_20251130_124123__f013660.jpg,683.0,15,5.8389,21.08,2.27
rec_20251130_124123.avi,videos__rec_20251130_124123__f013680.jpg,684.0,14,4.6260,23.32,2.51
rec_20251130_124123.avi,videos__rec_20251130_124123__f013700.jpg,685.0,14,10.6879,49.42,5.31
rec_20251130_124123.avi,videos__rec_20251130_124123__f013720.jpg,686.0,18,22.9710,82.05,8.82
rec_20251130_124123.avi,videos__rec_20251130_124123__f013740.jpg,687.0,16,21.9133,79.87,8.58
rec_20251130_124123.avi,videos__rec_20251130_124123__f013760.jpg,688.0,18,22.7034,82.45,8.86
rec_20251130_124123.avi,videos__rec_20251130_124123__f013780.jpg,689.0,14,21.8947,73.50,7.90
rec_20251130_124123.avi,videos__rec_20251130_124123__f013800.jpg,690.0,15,21.5195,83.41,8.96
rec_20251130_124123.avi,videos__rec_20251130_124123__f013820.jpg,691.0,14,21.9186,73.78,7.93
rec_20251130_124123.avi,videos__rec_20251130_124123__f013840.jpg,692.0,17,23.5693,77.47,8.33
rec_20251130_124123.avi,videos__rec_20251130_124123__f013860.jpg,693.0,15,23.2900,77.75,8.36
rec_20251130_124123.avi,videos__rec_20251130_124123__f013880.jpg,694.0,13,22.8711,74.10,7.96
rec_20251130_124123.avi,videos__rec_20251130_124123__f013900.jpg,695.0,14,23.1990,76.49,8.22
rec_20251130_124123.avi,videos__rec_20251130_124123__f013920.jpg,696.0,9,5.7112,27.59,2.97
rec_20251130_124123.avi,videos__rec_20251130_124123__f013940.jpg,697.0,14,5.6722,28.02,3.01
rec_20251130_124123.avi,videos__rec_20251130_124123__f013960.jpg,698.0,14,5.6040,43.28,4.65
rec_20251130_124123.avi,videos__rec_20251130_124123__f013980.jpg,699.0,12,4.7944,41.05,4.41
rec_20251130_124123.avi,videos__rec_20251130_124123__f014000.jpg,700.0,11,5.4335,43.85,4.71
rec_20251130_124123.avi,videos__rec_20251130_124123__f014020.jpg,701.0,8,5.8083,38.97,4.19
rec_20251130_124123.avi,videos__rec_20251130_124123__f014040.jpg,702.0,13,6.0020,42.27,4.54
rec_20251130_124123.avi,videos__rec_20251130_124123__f014060.jpg,703.0,17,9.0006,53.14,5.71
rec_20251130_124123.avi,videos__rec_20251130_124123__f014080.jpg,704.0,18,-0.6765,36.81,3.96
rec_20251130_124123.avi,videos__rec_20251130_124123__f014100.jpg,705.0,17,-8.8718,28.16,3.03
rec_20251130_124123.avi,videos__rec_20251130_124123__f014120.jpg,706.0,11,-1.6379,29.23,3.14
rec_20251130_124123.avi,videos__rec_20251130_124123__f014140.jpg,707.0,15,0.4235,51.20,5.50
rec_20251130_124123.avi,videos__rec_20251130_124123__f014160.jpg,708.0,15,0.2544,49.62,5.33
rec_20251130_124123.avi,videos__rec_20251130_124123__f014180.jpg,709.0,12,3.3624,59.69,6.42
rec_20251130_124123.avi,videos__rec_20251130_124123__f014200.jpg,710.0,13,4.9954,52.77,5.67
rec_20251130_124123.avi,videos__rec_20251130_124123__f014220.jpg,711.0,13,5.7592,53.42,5.74
rec_20251130_124123.avi,videos__rec_20251130_124123__f014240.jpg,712.0,18,-3.6532,68.73,7.39
rec_20251130_124123.avi,videos__rec_20251130_124123__f014260.jpg,713.0,17,16.5227,138.61,14.89
rec_20251130_124123.avi,videos__rec_20251130_124123__f014280.jpg,714.0,14,18.1729,129.56,13.92
rec_20251130_124123.avi,videos__rec_20251130_124123__f014300.jpg,715.0,13,19.0739,122.11,13.12
rec_20251130_124123.avi,videos__rec_20251130_124123__f014320.jpg,716.0,13,18.9032,126.17,13.55
rec_20251130_124123.avi,videos__rec_20251130_124123__f014340.jpg,717.0,15,17.8439,128.24,13.77
rec_20251130_124123.avi,videos__rec_20251130_124123__f014360.jpg,718.0,12,62.7618,31.28,3.36
rec_20251130_124123.avi,videos__rec_20251130_124123__f014380.jpg,719.0,14,17.1801,108.34,11.64
rec_20251130_124123.avi,videos__rec_20251130_124123__f014400.jpg,720.0,14,10.7427,101.34,10.89
rec_20251130_124123.avi,videos__rec_20251130_124123__f014420.jpg,721.0,13,13.9863,115.42,12.40
rec_20251130_124123.avi,videos__rec_20251130_124123__f014440.jpg,722.0,12,10.4450,113.88,12.23
rec_20251130_124123.avi,videos__rec_20251130_124123__f014460.jpg,723.0,11,10.8712,100.27,10.77
rec_20251130_124123.avi,videos__rec_20251130_124123__f014480.jpg,724.0,14,10.0849,113.66,12.21
rec_20251130_124123.avi,videos__rec_20251130_124123__f014500.jpg,725.0,10,12.8397,95.63,10.28
rec_20251130_124123.avi,videos__rec_20251130_124123__f014520.jpg,726.0,11,11.9696,102.10,10.97
rec_20251130_124123.avi,videos__rec_20251130_124123__f014540.jpg,727.0,11,14.1356,116.96,12.56
rec_20251130_124123.avi,videos__rec_20251130_124123__f014560.jpg,728.0,10,14.4892,98.84,10.62
rec_20251130_124123.avi,videos__rec_20251130_124123__f014580.jpg,729.0,10,15.7555,96.11,10.33
rec_20251130_124123.avi,videos__rec_20251130_124123__f014600.jpg,730.0,10,16.5650,121.74,13.08
rec_20251130_124123.avi,videos__rec_20251130_124123__f014620.jpg,731.0,10,17.4307,109.14,11.73
rec_20251130_124123.avi,videos__rec_20251130_124123__f014640.jpg,732.0,11,16.8475,115.29,12.39
rec_20251130_124123.avi,videos__rec_20251130_124123__f014660.jpg,733.0,10,17.6221,108.36,11.64
rec_20251130_124123.avi,videos__rec_20251130_124123__f014680.jpg,734.0,10,19.7714,127.73,13.72
rec_20251130_124123.avi,videos__rec_20251130_124123__f014700.jpg,735.0,11,21.8095,135.93,14.60
rec_20251130_124123.avi,videos__rec_20251130_124123__f014720.jpg,736.0,12,11.8290,119.99,12.89
rec_20251130_124123.avi,videos__rec_20251130_124123__f014740.jpg,737.0,9,8.7760,131.00,14.07
rec_20251130_124123.avi,videos__rec_20251130_124123__f014760.jpg,738.0,8,10.3156,136.39,14.65
rec_20251130_124123.avi,videos__rec_20251130_124123__f014780.jpg,739.0,9,10.6980,160.17,17.20
rec_20251130_124123.avi,videos__rec_20251130_124123__f014800.jpg,740.0,8,10.6334,166.53,17.88
rec_20251130_124123.avi,videos__rec_20251130_124123__f014820.jpg,741.0,6,17.7402,170.07,18.25
rec_20251130_124123.avi,videos__rec_20251130_124123__f014840.jpg,742.0,8,19.1097,178.55,19.16
rec_20251130_124123.avi,videos__rec_20251130_124123__f014860.jpg,743.0,8,12.6727,166.57,17.88
rec_20251130_124123.avi,videos__rec_20251130_124123__f014880.jpg,744.0,9,22.8127,210.21,22.54
rec_20251130_124123.avi,videos__rec_20251130_124123__f014900.jpg,745.0,8,18.7827,191.32,20.52
rec_20251130_124123.avi,videos__rec_20251130_124123__f014920.jpg,746.0,8,20.1101,178.60,19.17
rec_20251130_124123.avi,videos__rec_20251130_124123__f014940.jpg,747.0,8,21.0583,178.56,19.16
rec_20251130_124123.avi,videos__rec_20251130_124123__f014960.jpg,748.0,7,23.2266,184.49,19.80
rec_20251130_124123.avi,videos__rec_20251130_124123__f014980.jpg,749.0,7,25.3408,190.12,20.40
rec_20251130_124123.avi,videos__rec_20251130_124123__f015000.jpg,750.0,6,21.6056,180.51,19.37
rec_20251130_124123.avi,videos__rec_20251130_124123__f015020.jpg,751.0,7,20.7256,181.27,19.45
rec_20251130_124123.avi,videos__rec_20251130_124123__f015040.jpg,752.0,7,-12.3479,73.07,7.85
rec_20251130_124123.avi,videos__rec_20251130_124123__f015060.jpg,753.0,7,-13.0887,70.21,7.54
rec_20251130_124123.avi,videos__rec_20251130_124123__f015080.jpg,754.0,7,-14.2670,65.15,7.00
rec_20251130_124123.avi,videos__rec_20251130_124123__f015100.jpg,755.0,7,-2.3705,121.79,13.08
rec_20251130_124123.avi,videos__rec_20251130_124123__f015120.jpg,756.0,7,-3.8133,117.79,12.65
rec_20251130_124123.avi,videos__rec_20251130_124123__f015140.jpg,757.0,7,26.8385,197.12,21.14
rec_20251130_124123.avi,videos__rec_20251130_124123__f015160.jpg,758.0,6,-8.4303,79.62,8.56
rec_20251130_124123.avi,videos__rec_20251130_124123__f015180.jpg,759.0,6,0.3351,128.05,13.75
rec_20251130_124123.avi,videos__rec_20251130_124123__f015200.jpg,760.0,7,-0.0367,125.35,13.46
rec_20251130_124123.avi,videos__rec_20251130_124123__f015220.jpg,761.0,6,0.6973,126.68,13.61
rec_20251130_124123.avi,videos__rec_20251130_124123__f015240.jpg,762.0,7,0.4969,126.56,13.59
rec_20251130_124123.avi,videos__rec_20251130_124123__f015260.jpg,763.0,7,0.9017,113.34,12.18
rec_20251130_124123.avi,videos__rec_20251130_124123__f015280.jpg,764.0,6,0.5777,79.47,8.54
rec_20251130_124123.avi,videos__rec_20251130_124123__f015300.jpg,765.0,6,3.1872,87.91,9.45
rec_20251130_124123.avi,videos__rec_20251130_124123__f015320.jpg,766.0,5,0.9828,74.98,8.06
rec_20251130_124123.avi,videos__rec_20251130_124123__f015340.jpg,767.0,6,0.0923,103.08,11.07
rec_20251130_124123.avi,videos__rec_20251130_124123__f015360.jpg,768.0,6,-1.8032,79.61,8.55
rec_20251130_124123.avi,videos__rec_20251130_124123__f015380.jpg,769.0,5,-1.6689,79.34,8.53
rec_20251130_124123.avi,videos__rec_20251130_124123__f015400.jpg,770.0,6,3.3057,91.70,9.85
rec_20251130_124123.avi,videos__rec_20251130_124123__f015420.jpg,771.0,6,12.5810,113.83,12.23
rec_20251130_124123.avi,videos__rec_20251130_124123__f015440.jpg,772.0,3,21.9806,156.00,16.75
