frame,video,session,t_sec,w,h,veg
videos__rec_20251130_030636__f000000.jpg,rec_20251130_030636.avi,videos,0.00,640,480,0.0445
videos__rec_20251130_030636__f000020.jpg,rec_20251130_030636.avi,videos,1.00,640,480,0.0628
videos__rec_20251130_030636__f000040.jpg,rec_20251130_030636.avi,videos,2.00,640,480,0.0642
videos__rec_20251130_030636__f000060.jpg,rec_20251130_030636.avi,videos,3.00,640,480,0.0631
videos__rec_20251130_030636__f000080.jpg,rec_20251130_030636.avi,videos,4.00,640,480,0.0635
videos__rec_20251130_030636__f000100.jpg,rec_20251130_030636.avi,videos,5.00,640,480,0.0640
videos__rec_20251130_030636__f000120.jpg,rec_20251130_030636.avi,videos,6.00,640,480,0.0644
videos__rec_20251130_030636__f000140.jpg,rec_20251130_030636.avi,videos,7.00,640,480,0.0647
videos__rec_20251130_030636__f000160.jpg,rec_20251130_030636.avi,videos,8.00,640,480,0.0682
videos__rec_20251130_030636__f000180.jpg,rec_20251130_030636.avi,videos,9.00,640,480,0.0671
videos__rec_20251130_030636__f000200.jpg,rec_20251130_030636.avi,videos,10.00,640,480,0.0681
videos__rec_20251130_030636__f000220.jpg,rec_20251130_030636.avi,videos,11.00,640,480,0.0715
videos__rec_20251130_030636__f000240.jpg,rec_20251130_030636.avi,videos,12.00,640,480,0.0737
videos__rec_20251130_030636__f000260.jpg,rec_20251130_030636.avi,videos,13.00,640,480,0.0752
videos__rec_20251130_030636__f000280.jpg,rec_20251130_030636.avi,videos,14.00,640,480,0.0747
videos__rec_20251130_030636__f000300.jpg,rec_20251130_030636.avi,videos,15.00,640,480,0.0740
videos__rec_20251130_030636__f000320.jpg,rec_20251130_030636.avi,videos,16.00,640,480,0.0718
videos__rec_20251130_030636__f000340.jpg,rec_20251130_030636.avi,videos,17.00,640,480,0.0623
videos__rec_20251130_030636__f000360.jpg,rec_20251130_030636.avi,videos,18.00,640,480,0.0691
videos__rec_20251130_030636__f000380.jpg,rec_20251130_030636.avi,videos,19.00,640,480,0.0697
videos__rec_20251130_030636__f000400.jpg,rec_20251130_030636.avi,videos,20.00,640,480,0.0700
videos__rec_20251130_030636__f000420.jpg,rec_20251130_030636.avi,videos,21.00,640,480,0.0714
videos__rec_20251130_030636__f000440.jpg,rec_20251130_030636.avi,videos,22.00,640,480,0.0697
videos__rec_20251130_030636__f000460.jpg,rec_20251130_030636.avi,videos,23.00,640,480,0.0698
videos__rec_20251130_030636__f000480.jpg,rec_20251130_030636.avi,videos,24.00,640,480,0.0741
videos__rec_20251130_030636__f000500.jpg,rec_20251130_030636.avi,videos,25.00,640,480,0.0741
videos__rec_20251130_030636__f000520.jpg,rec_20251130_030636.avi,videos,26.00,640,480,0.0745
videos__rec_20251130_030636__f000540.jpg,rec_20251130_030636.avi,videos,27.00,640,480,0.0724
videos__rec_20251130_030636__f000560.jpg,rec_20251130_030636.avi,videos,28.00,640,480,0.0747
videos__rec_20251130_030636__f000580.jpg,rec_20251130_030636.avi,videos,29.00,640,480,0.0791
videos__rec_20251130_030636__f000600.jpg,rec_20251130_030636.avi,videos,30.00,640,480,0.0713
videos__rec_20251130_030636__f000620.jpg,rec_20251130_030636.avi,videos,31.00,640,480,0.0686
videos__rec_20251130_030636__f000640.jpg,rec_20251130_030636.avi,videos,32.00,640,480,0.0714
videos__rec_20251130_030636__f000660.jpg,rec_20251130_030636.avi,videos,33.00,640,480,0.0726
videos__rec_20251130_030636__f000680.jpg,rec_20251130_030636.avi,videos,34.00,640,480,0.0735
videos__rec_20251130_030636__f000700.jpg,rec_20251130_030636.avi,videos,35.00,640,480,0.0715
videos__rec_20251130_030636__f000720.jpg,rec_20251130_030636.avi,videos,36.00,640,480,0.0728
videos__rec_20251130_030636__f000740.jpg,rec_20251130_030636.avi,videos,37.00,640,480,0.0650
videos__rec_20251130_030636__f000760.jpg,rec_20251130_030636.avi,videos,38.00,640,480,0.0654
videos__rec_20251130_030636__f000780.jpg,rec_20251130_030636.avi,videos,39.00,640,480,0.0626
videos__rec_20251130_030636__f000800.jpg,rec_20251130_030636.avi,videos,40.00,640,480,0.0638
videos__rec_20251130_030636__f000820.jpg,rec_20251130_030636.avi,videos,41.00,640,480,0.0651
videos__rec_20251130_030636__f000840.jpg,rec_20251130_030636.avi,videos,42.00,640,480,0.0648
videos__rec_20251130_030636__f000860.jpg,rec_20251130_030636.avi,videos,43.00,640,480,0.0642
videos__rec_20251130_030636__f000880.jpg,rec_20251130_030636.avi,videos,44.00,640,480,0.0638
videos__rec_20251130_030636__f000900.jpg,rec_20251130_030636.avi,videos,45.00,640,480,0.0657
videos__rec_20251130_030636__f000920.jpg,rec_20251130_030636.avi,videos,46.00,640,480,0.0681
videos__rec_20251130_030636__f000940.jpg,rec_20251130_030636.avi,videos,47.00,640,480,0.0720
videos__rec_20251130_030636__f000960.jpg,rec_20251130_030636.avi,videos,48.00,640,480,0.0725
videos__rec_20251130_030636__f000980.jpg,rec_20251130_030636.avi,videos,49.00,640,480,0.0735
videos__rec_20251130_030636__f001000.jpg,rec_20251130_030636.avi,videos,50.00,640,480,0.0730
videos__rec_20251130_030636__f001020.jpg,rec_20251130_030636.avi,videos,51.00,640,480,0.0727
videos__rec_20251130_030636__f001040.jpg,rec_20251130_030636.avi,videos,52.00,640,480,0.0716
videos__rec_20251130_030636__f001060.jpg,rec_20251130_030636.avi,videos,53.00,640,480,0.0725
videos__rec_20251130_030636__f001080.jpg,rec_20251130_030636.avi,videos,54.00,640,480,0.0749
videos__rec_20251130_030636__f001100.jpg,rec_20251130_030636.avi,videos,55.00,640,480,0.0777
videos__rec_20251130_030636__f001120.jpg,rec_20251130_030636.avi,videos,56.00,640,480,0.0769
videos__rec_20251130_030636__f001140.jpg,rec_20251130_030636.avi,videos,57.00,640,480,0.0771
videos__rec_20251130_030636__f001160.jpg,rec_20251130_030636.avi,videos,58.00,640,480,0.0755
videos__rec_20251130_030636__f001180.jpg,rec_20251130_030636.avi,videos,59.00,640,480,0.0749
videos__rec_20251130_030636__f001200.jpg,rec_20251130_030636.avi,videos,60.00,640,480,0.0753
videos__rec_20251130_030636__f001220.jpg,rec_20251130_030636.avi,videos,61.00,640,480,0.0751
videos__rec_20251130_030636__f001240.jpg,rec_20251130_030636.avi,videos,62.00,640,480,0.0752
videos__rec_20251130_030636__f001260.jpg,rec_20251130_030636.avi,videos,63.00,640,480,0.0755
videos__rec_20251130_030636__f001280.jpg,rec_20251130_030636.avi,videos,64.00,640,480,0.0737
videos__rec_20251130_030636__f001300.jpg,rec_20251130_030636.avi,videos,65.00,640,480,0.0731
videos__rec_20251130_030636__f001320.jpg,rec_20251130_030636.avi,videos,66.00,640,480,0.0735
videos__rec_20251130_030636__f001340.jpg,rec_20251130_030636.avi,videos,67.00,640,480,0.0736
videos__rec_20251130_030636__f001360.jpg,rec_20251130_030636.avi,videos,68.00,640,480,0.0737
videos__rec_20251130_030636__f001380.jpg,rec_20251130_030636.avi,videos,69.00,640,480,0.0749
videos__rec_20251130_030636__f001400.jpg,rec_20251130_030636.avi,videos,70.00,640,480,0.0739
videos__rec_20251130_030636__f001420.jpg,rec_20251130_030636.avi,videos,71.00,640,480,0.0686
videos__rec_20251130_030636__f001440.jpg,rec_20251130_030636.avi,videos,72.00,640,480,0.0601
videos__rec_20251130_030636__f001460.jpg,rec_20251130_030636.avi,videos,73.00,640,480,0.0589
videos__rec_20251130_030636__f001480.jpg,rec_20251130_030636.avi,videos,74.00,640,480,0.0602
videos__rec_20251130_030636__f001500.jpg,rec_20251130_030636.avi,videos,75.00,640,480,0.0613
videos__rec_20251130_030636__f001520.jpg,rec_20251130_030636.avi,videos,76.00,640,480,0.0605
videos__rec_20251130_030636__f001540.jpg,rec_20251130_030636.avi,videos,77.00,640,480,0.0601
videos__rec_20251130_030636__f001560.jpg,rec_20251130_030636.avi,videos,78.00,640,480,0.0601
videos__rec_20251130_030636__f001580.jpg,rec_20251130_030636.avi,videos,79.00,640,480,0.0601
videos__rec_20251130_030636__f001600.jpg,rec_20251130_030636.avi,videos,80.00,640,480,0.0578
videos__rec_20251130_030636__f001640.jpg,rec_20251130_030636.avi,videos,82.00,640,480,0.0653
videos__rec_20251130_030636__f001660.jpg,rec_20251130_030636.avi,videos,83.00,640,480,0.0712
videos__rec_20251130_030636__f001680.jpg,rec_20251130_030636.avi,videos,84.00,640,480,0.0624
videos__rec_20251130_030636__f001700.jpg,rec_20251130_030636.avi,videos,85.00,640,480,0.0688
videos__rec_20251130_030636__f001720.jpg,rec_20251130_030636.avi,videos,86.00,640,480,0.0683
videos__rec_20251130_030636__f001740.jpg,rec_20251130_030636.avi,videos,87.00,640,480,0.0664
videos__rec_20251130_030636__f001760.jpg,rec_20251130_030636.avi,videos,88.00,640,480,0.0681
videos__rec_20251130_030636__f001780.jpg,rec_20251130_030636.avi,videos,89.00,640,480,0.0667
videos__rec_20251130_030636__f001800.jpg,rec_20251130_030636.avi,videos,90.00,640,480,0.0673
videos__rec_20251130_030636__f001820.jpg,rec_20251130_030636.avi,videos,91.00,640,480,0.0661
videos__rec_20251130_030636__f001840.jpg,rec_20251130_030636.avi,videos,92.00,640,480,0.0658
videos__rec_20251130_030636__f001860.jpg,rec_20251130_030636.avi,videos,93.00,640,480,0.0665
videos__rec_20251130_030636__f001880.jpg,rec_20251130_030636.avi,videos,94.00,640,480,0.0671
videos__rec_20251130_030636__f001900.jpg,rec_20251130_030636.avi,videos,95.00,640,480,0.0672
videos__rec_20251130_030636__f001920.jpg,rec_20251130_030636.avi,videos,96.00,640,480,0.0671
videos__rec_20251130_030636__f001940.jpg,rec_20251130_030636.avi,videos,97.00,640,480,0.0673
videos__rec_20251130_030636__f001960.jpg,rec_20251130_030636.avi,videos,98.00,640,480,0.0691
videos__rec_20251130_030636__f001980.jpg,rec_20251130_030636.avi,videos,99.00,640,480,0.0704
videos__rec_20251130_030636__f002000.jpg,rec_20251130_030636.avi,videos,100.00,640,480,0.0714
videos__rec_20251130_030636__f002020.jpg,rec_20251130_030636.avi,videos,101.00,640,480,0.0710
videos__rec_20251130_030636__f002040.jpg,rec_20251130_030636.avi,videos,102.00,640,480,0.0705
videos__rec_20251130_030636__f002060.jpg,rec_20251130_030636.avi,videos,103.00,640,480,0.0709
videos__rec_20251130_030636__f002080.jpg,rec_20251130_030636.avi,videos,104.00,640,480,0.0708
videos__rec_20251130_030636__f002100.jpg,rec_20251130_030636.avi,videos,105.00,640,480,0.0695
videos__rec_20251130_030636__f002120.jpg,rec_20251130_030636.avi,videos,106.00,640,480,0.0699
videos__rec_20251130_030636__f002140.jpg,rec_20251130_030636.avi,videos,107.00,640,480,0.0696
videos__rec_20251130_030636__f002160.jpg,rec_20251130_030636.avi,videos,108.00,640,480,0.0703
videos__rec_20251130_030636__f002180.jpg,rec_20251130_030636.avi,videos,109.00,640,480,0.0699
videos__rec_20251130_030636__f002200.jpg,rec_20251130_030636.avi,videos,110.00,640,480,0.0692
videos__rec_20251130_030636__f002220.jpg,rec_20251130_030636.avi,videos,111.00,640,480,0.0669
videos__rec_20251130_030636__f002240.jpg,rec_20251130_030636.avi,videos,112.00,640,480,0.0667
videos__rec_20251130_030636__f002260.jpg,rec_20251130_030636.avi,videos,113.00,640,480,0.0671
videos__rec_20251130_030636__f002280.jpg,rec_20251130_030636.avi,videos,114.00,640,480,0.0681
videos__rec_20251130_030636__f002300.jpg,rec_20251130_030636.avi,videos,115.00,640,480,0.0691
videos__rec_20251130_030636__f002320.jpg,rec_20251130_030636.avi,videos,116.00,640,480,0.0698
videos__rec_20251130_030636__f002340.jpg,rec_20251130_030636.avi,videos,117.00,640,480,0.0707
videos__rec_20251130_030636__f002360.jpg,rec_20251130_030636.avi,videos,118.00,640,480,0.0671
videos__rec_20251130_030636__f002380.jpg,rec_20251130_030636.avi,videos,119.00,640,480,0.0668
videos__rec_20251130_030636__f002400.jpg,rec_20251130_030636.avi,videos,120.00,640,480,0.0681
videos__rec_20251130_030636__f002420.jpg,rec_20251130_030636.avi,videos,121.00,640,480,0.0653
videos__rec_20251130_030636__f002440.jpg,rec_20251130_030636.avi,videos,122.00,640,480,0.0645
videos__rec_20251130_030636__f002460.jpg,rec_20251130_030636.avi,videos,123.00,640,480,0.0647
videos__rec_20251130_030636__f002480.jpg,rec_20251130_030636.avi,videos,124.00,640,480,0.0606
videos__rec_20251130_030636__f002500.jpg,rec_20251130_030636.avi,videos,125.00,640,480,0.0535
videos__rec_20251130_030636__f002520.jpg,rec_20251130_030636.avi,videos,126.00,640,480,0.0531
videos__rec_20251130_030636__f002540.jpg,rec_20251130_030636.avi,videos,127.00,640,480,0.0516
videos__rec_20251130_030636__f002560.jpg,rec_20251130_030636.avi,videos,128.00,640,480,0.0533
videos__rec_20251130_030636__f002580.jpg,rec_20251130_030636.avi,videos,129.00,640,480,0.0603
videos__rec_20251130_030636__f002600.jpg,rec_20251130_030636.avi,videos,130.00,640,480,0.0643
videos__rec_20251130_030636__f002620.jpg,rec_20251130_030636.avi,videos,131.00,640,480,0.0642
videos__rec_20251130_030636__f002640.jpg,rec_20251130_030636.avi,videos,132.00,640,480,0.0649
videos__rec_20251130_030636__f002660.jpg,rec_20251130_030636.avi,videos,133.00,640,480,0.0655
videos__rec_20251130_030636__f002680.jpg,rec_20251130_030636.avi,videos,134.00,640,480,0.0654
videos__rec_20251130_030636__f002700.jpg,rec_20251130_030636.avi,videos,135.00,640,480,0.0730
videos__rec_20251130_030636__f002720.jpg,rec_20251130_030636.avi,videos,136.00,640,480,0.0710
videos__rec_20251130_030636__f002740.jpg,rec_20251130_030636.avi,videos,137.00,640,480,0.0716
videos__rec_20251130_030636__f002760.jpg,rec_20251130_030636.avi,videos,138.00,640,480,0.0716
videos__rec_20251130_030636__f002780.jpg,rec_20251130_030636.avi,videos,139.00,640,480,0.0635
videos__rec_20251130_030636__f002800.jpg,rec_20251130_030636.avi,videos,140.00,640,480,0.0624
videos__rec_20251130_030636__f002820.jpg,rec_20251130_030636.avi,videos,141.00,640,480,0.0626
videos__rec_20251130_030636__f002840.jpg,rec_20251130_030636.avi,videos,142.00,640,480,0.0628
videos__rec_20251130_030636__f002860.jpg,rec_20251130_030636.avi,videos,143.00,640,480,0.0644
videos__rec_20251130_030636__f002880.jpg,rec_20251130_030636.avi,videos,144.00,640,480,0.0636
videos__rec_20251130_030636__f002900.jpg,rec_20251130_030636.avi,videos,145.00,640,480,0.0639
videos__rec_20251130_030636__f002920.jpg,rec_20251130_030636.avi,videos,146.00,640,480,0.0657
videos__rec_20251130_030636__f002940.jpg,rec_20251130_030636.avi,videos,147.00,640,480,0.0637
videos__rec_20251130_030636__f002960.jpg,rec_20251130_030636.avi,videos,148.00,640,480,0.0639
videos__rec_20251130_030636__f002980.jpg,rec_20251130_030636.avi,videos,149.00,640,480,0.0668
videos__rec_20251130_030636__f003000.jpg,rec_20251130_030636.avi,videos,150.00,640,480,0.0683
videos__rec_20251130_030636__f003020.jpg,rec_20251130_030636.avi,videos,151.00,640,480,0.0771
videos__rec_20251130_030636__f003040.jpg,rec_20251130_030636.avi,videos,152.00,640,480,0.0671
videos__rec_20251130_030636__f003060.jpg,rec_20251130_030636.avi,videos,153.00,640,480,0.0667
videos__rec_20251130_030636__f003080.jpg,rec_20251130_030636.avi,videos,154.00,640,480,0.0653
videos__rec_20251130_030636__f003100.jpg,rec_20251130_030636.avi,videos,155.00,640,480,0.0646
videos__rec_20251130_030636__f003120.jpg,rec_20251130_030636.avi,videos,156.00,640,480,0.0625
videos__rec_20251130_030636__f003140.jpg,rec_20251130_030636.avi,videos,157.00,640,480,0.0645
videos__rec_20251130_030636__f003160.jpg,rec_20251130_030636.avi,videos,158.00,640,480,0.0664
videos__rec_20251130_030636__f003180.jpg,rec_20251130_030636.avi,videos,159.00,640,480,0.0666
videos__rec_20251130_030636__f003200.jpg,rec_20251130_030636.avi,videos,160.00,640,480,0.0663
videos__rec_20251130_030636__f003220.jpg,rec_20251130_030636.avi,videos,161.00,640,480,0.0599
videos__rec_20251130_030636__f003240.jpg,rec_20251130_030636.avi,videos,162.00,640,480,0.0588
videos__rec_20251130_030636__f003260.jpg,rec_20251130_030636.avi,videos,163.00,640,480,0.0584
videos__rec_20251130_030636__f003280.jpg,rec_20251130_030636.avi,videos,164.00,640,480,0.0586
videos__rec_20251130_030636__f003300.jpg,rec_20251130_030636.avi,videos,165.00,640,480,0.0586
videos__rec_20251130_030636__f003320.jpg,rec_20251130_030636.avi,videos,166.00,640,480,0.0556
videos__rec_20251130_030636__f003340.jpg,rec_20251130_030636.avi,videos,167.00,640,480,0.0571
videos__rec_20251130_030636__f003360.jpg,rec_20251130_030636.avi,videos,168.00,640,480,0.0606
videos__rec_20251130_030636__f003380.jpg,rec_20251130_030636.avi,videos,169.00,640,480,0.0591
videos__rec_20251130_030636__f003400.jpg,rec_20251130_030636.avi,videos,170.00,640,480,0.0605
videos__rec_20251130_030636__f003420.jpg,rec_20251130_030636.avi,videos,171.00,640,480,0.0595
videos__rec_20251130_030636__f003440.jpg,rec_20251130_030636.avi,videos,172.00,640,480,0.0594
videos__rec_20251130_030636__f003460.jpg,rec_20251130_030636.avi,videos,173.00,640,480,0.0604
videos__rec_20251130_030636__f003480.jpg,rec_20251130_030636.avi,videos,174.00,640,480,0.0614
videos__rec_20251130_030636__f003500.jpg,rec_20251130_030636.avi,videos,175.00,640,480,0.0606
videos__rec_20251130_030636__f003520.jpg,rec_20251130_030636.avi,videos,176.00,640,480,0.0612
videos__rec_20251130_030636__f003540.jpg,rec_20251130_030636.avi,videos,177.00,640,480,0.0618
videos__rec_20251130_030636__f003560.jpg,rec_20251130_030636.avi,videos,178.00,640,480,0.0608
videos__rec_20251130_030636__f003580.jpg,rec_20251130_030636.avi,videos,179.00,640,480,0.0619
videos__rec_20251130_030636__f003600.jpg,rec_20251130_030636.avi,videos,180.00,640,480,0.0617
videos__rec_20251130_030636__f003620.jpg,rec_20251130_030636.avi,videos,181.00,640,480,0.0620
videos__rec_20251130_030636__f003640.jpg,rec_20251130_030636.avi,videos,182.00,640,480,0.0636
videos__rec_20251130_030636__f003660.jpg,rec_20251130_030636.avi,videos,183.00,640,480,0.0620
videos__rec_20251130_030636__f003680.jpg,rec_20251130_030636.avi,videos,184.00,640,480,0.0602
videos__rec_20251130_030636__f003700.jpg,rec_20251130_030636.avi,videos,185.00,640,480,0.0617
videos__rec_20251130_030636__f003720.jpg,rec_20251130_030636.avi,videos,186.00,640,480,0.0606
videos__rec_20251130_030636__f003740.jpg,rec_20251130_030636.avi,videos,187.00,640,480,0.0600
videos__rec_20251130_030636__f003760.jpg,rec_20251130_030636.avi,videos,188.00,640,480,0.0612
videos__rec_20251130_030636__f003780.jpg,rec_20251130_030636.avi,videos,189.00,640,480,0.0603
videos__rec_20251130_030636__f003800.jpg,rec_20251130_030636.avi,videos,190.00,640,480,0.0601
videos__rec_20251130_030636__f003820.jpg,rec_20251130_030636.avi,videos,191.00,640,480,0.0582
videos__rec_20251130_030636__f003840.jpg,rec_20251130_030636.avi,videos,192.00,640,480,0.0602
videos__rec_20251130_030636__f003860.jpg,rec_20251130_030636.avi,videos,193.00,640,480,0.0606
videos__rec_20251130_030636__f003880.jpg,rec_20251130_030636.avi,videos,194.00,640,480,0.0619
videos__rec_20251130_030636__f003900.jpg,rec_20251130_030636.avi,videos,195.00,640,480,0.0597
videos__rec_20251130_030636__f003920.jpg,rec_20251130_030636.avi,videos,196.00,640,480,0.0577
videos__rec_20251130_030636__f003940.jpg,rec_20251130_030636.avi,videos,197.00,640,480,0.0558
videos__rec_20251130_030636__f003960.jpg,rec_20251130_030636.avi,videos,198.00,640,480,0.0571
videos__rec_20251130_030636__f003980.jpg,rec_20251130_030636.avi,videos,199.00,640,480,0.0574
videos__rec_20251130_030636__f004000.jpg,rec_20251130_030636.avi,videos,200.00,640,480,0.0589
videos__rec_20251130_030636__f004020.jpg,rec_20251130_030636.avi,videos,201.00,640,480,0.0588
videos__rec_20251130_030636__f004040.jpg,rec_20251130_030636.avi,videos,202.00,640,480,0.0566
videos__rec_20251130_030636__f004060.jpg,rec_20251130_030636.avi,videos,203.00,640,480,0.0601
videos__rec_20251130_030636__f004080.jpg,rec_20251130_030636.avi,videos,204.00,640,480,0.0605
videos__rec_20251130_030636__f004100.jpg,rec_20251130_030636.avi,videos,205.00,640,480,0.0601
videos__rec_20251130_030636__f004120.jpg,rec_20251130_030636.avi,videos,206.00,640,480,0.0628
videos__rec_20251130_030636__f004140.jpg,rec_20251130_030636.avi,videos,207.00,640,480,0.0619
videos__rec_20251130_030636__f004160.jpg,rec_20251130_030636.avi,videos,208.00,640,480,0.0622
videos__rec_20251130_030636__f004180.jpg,rec_20251130_030636.avi,videos,209.00,640,480,0.0595
videos__rec_20251130_030636__f004200.jpg,rec_20251130_030636.avi,videos,210.00,640,480,0.0605
videos__rec_20251130_030636__f004220.jpg,rec_20251130_030636.avi,videos,211.00,640,480,0.0623
videos__rec_20251130_030636__f004240.jpg,rec_20251130_030636.avi,videos,212.00,640,480,0.0636
videos__rec_20251130_030636__f004260.jpg,rec_20251130_030636.avi,videos,213.00,640,480,0.0636
videos__rec_20251130_030636__f004280.jpg,rec_20251130_030636.avi,videos,214.00,640,480,0.0631
videos__rec_20251130_030636__f004300.jpg,rec_20251130_030636.avi,videos,215.00,640,480,0.0638
videos__rec_20251130_030636__f004320.jpg,rec_20251130_030636.avi,videos,216.00,640,480,0.0626
videos__rec_20251130_030636__f004340.jpg,rec_20251130_030636.avi,videos,217.00,640,480,0.0632
videos__rec_20251130_030636__f004360.jpg,rec_20251130_030636.avi,videos,218.00,640,480,0.0584
videos__rec_20251130_030636__f004380.jpg,rec_20251130_030636.avi,videos,219.00,640,480,0.0572
videos__rec_20251130_030636__f004400.jpg,rec_20251130_030636.avi,videos,220.00,640,480,0.0605
videos__rec_20251130_030636__f004420.jpg,rec_20251130_030636.avi,videos,221.00,640,480,0.0598
videos__rec_20251130_030636__f004440.jpg,rec_20251130_030636.avi,videos,222.00,640,480,0.0668
videos__rec_20251130_030636__f004460.jpg,rec_20251130_030636.avi,videos,223.00,640,480,0.0643
videos__rec_20251130_030636__f004480.jpg,rec_20251130_030636.avi,videos,224.00,640,480,0.0642
videos__rec_20251130_030636__f004500.jpg,rec_20251130_030636.avi,videos,225.00,640,480,0.0634
videos__rec_20251130_030636__f004520.jpg,rec_20251130_030636.avi,videos,226.00,640,480,0.0637
videos__rec_20251130_030636__f004540.jpg,rec_20251130_030636.avi,videos,227.00,640,480,0.0651
videos__rec_20251130_030636__f004560.jpg,rec_20251130_030636.avi,videos,228.00,640,480,0.0632
videos__rec_20251130_030636__f004580.jpg,rec_20251130_030636.avi,videos,229.00,640,480,0.0634
videos__rec_20251130_030636__f004600.jpg,rec_20251130_030636.avi,videos,230.00,640,480,0.0635
videos__rec_20251130_030636__f004620.jpg,rec_20251130_030636.avi,videos,231.00,640,480,0.0636
videos__rec_20251130_030636__f004640.jpg,rec_20251130_030636.avi,videos,232.00,640,480,0.0638
videos__rec_20251130_030636__f004660.jpg,rec_20251130_030636.avi,videos,233.00,640,480,0.0638
videos__rec_20251130_030636__f004680.jpg,rec_20251130_030636.avi,videos,234.00,640,480,0.0639
videos__rec_20251130_030636__f004700.jpg,rec_20251130_030636.avi,videos,235.00,640,480,0.0638
videos__rec_20251130_030636__f004720.jpg,rec_20251130_030636.avi,videos,236.00,640,480,0.0633
videos__rec_20251130_030636__f004740.jpg,rec_20251130_030636.avi,videos,237.00,640,480,0.0630
videos__rec_20251130_030636__f004760.jpg,rec_20251130_030636.avi,videos,238.00,640,480,0.0629
videos__rec_20251130_030636__f004780.jpg,rec_20251130_030636.avi,videos,239.00,640,480,0.0637
videos__rec_20251130_030636__f004800.jpg,rec_20251130_030636.avi,videos,240.00,640,480,0.0634
videos__rec_20251130_030636__f004820.jpg,rec_20251130_030636.avi,videos,241.00,640,480,0.0643
videos__rec_20251130_030636__f004840.jpg,rec_20251130_030636.avi,videos,242.00,640,480,0.0607
videos__rec_20251130_030636__f004860.jpg,rec_20251130_030636.avi,videos,243.00,640,480,0.0640
videos__rec_20251130_030636__f004880.jpg,rec_20251130_030636.avi,videos,244.00,640,480,0.0649
videos__rec_20251130_030636__f004900.jpg,rec_20251130_030636.avi,videos,245.00,640,480,0.0648
videos__rec_20251130_030636__f004920.jpg,rec_20251130_030636.avi,videos,246.00,640,480,0.0650
videos__rec_20251130_030636__f004940.jpg,rec_20251130_030636.avi,videos,247.00,640,480,0.0649
videos__rec_20251130_030636__f004960.jpg,rec_20251130_030636.avi,videos,248.00,640,480,0.0638
videos__rec_20251130_030636__f004980.jpg,rec_20251130_030636.avi,videos,249.00,640,480,0.0632
videos__rec_20251130_030636__f005000.jpg,rec_20251130_030636.avi,videos,250.00,640,480,0.0621
videos__rec_20251130_030636__f005020.jpg,rec_20251130_030636.avi,videos,251.00,640,480,0.0625
videos__rec_20251130_030636__f005040.jpg,rec_20251130_030636.avi,videos,252.00,640,480,0.0623
videos__rec_20251130_030636__f005060.jpg,rec_20251130_030636.avi,videos,253.00,640,480,0.0641
videos__rec_20251130_030636__f005080.jpg,rec_20251130_030636.avi,videos,254.00,640,480,0.0641
videos__rec_20251130_030636__f005100.jpg,rec_20251130_030636.avi,videos,255.00,640,480,0.0635
videos__rec_20251130_030636__f005120.jpg,rec_20251130_030636.avi,videos,256.00,640,480,0.0650
videos__rec_20251130_030636__f005140.jpg,rec_20251130_030636.avi,videos,257.00,640,480,0.0651
videos__rec_20251130_030636__f005160.jpg,rec_20251130_030636.avi,videos,258.00,640,480,0.0640
videos__rec_20251130_030636__f005180.jpg,rec_20251130_030636.avi,videos,259.00,640,480,0.0636
videos__rec_20251130_030636__f005200.jpg,rec_20251130_030636.avi,videos,260.00,640,480,0.0636
videos__rec_20251130_030636__f005220.jpg,rec_20251130_030636.avi,videos,261.00,640,480,0.0633
videos__rec_20251130_030636__f005240.jpg,rec_20251130_030636.avi,videos,262.00,640,480,0.0628
videos__rec_20251130_030636__f005260.jpg,rec_20251130_030636.avi,videos,263.00,640,480,0.0630
videos__rec_20251130_030636__f005280.jpg,rec_20251130_030636.avi,videos,264.00,640,480,0.0638
videos__rec_20251130_030636__f005300.jpg,rec_20251130_030636.avi,videos,265.00,640,480,0.0632
videos__rec_20251130_030636__f005320.jpg,rec_20251130_030636.avi,videos,266.00,640,480,0.0628
videos__rec_20251130_030636__f005340.jpg,rec_20251130_030636.avi,videos,267.00,640,480,0.0631
videos__rec_20251130_030636__f005360.jpg,rec_20251130_030636.avi,videos,268.00,640,480,0.0621
videos__rec_20251130_030636__f005380.jpg,rec_20251130_030636.avi,videos,269.00,640,480,0.0617
videos__rec_20251130_030636__f005400.jpg,rec_20251130_030636.avi,videos,270.00,640,480,0.0598
videos__rec_20251130_030636__f005420.jpg,rec_20251130_030636.avi,videos,271.00,640,480,0.0596
videos__rec_20251130_030636__f005440.jpg,rec_20251130_030636.avi,videos,272.00,640,480,0.0597
videos__rec_20251130_030636__f005460.jpg,rec_20251130_030636.avi,videos,273.00,640,480,0.0597
videos__rec_20251130_030636__f005480.jpg,rec_20251130_030636.avi,videos,274.00,640,480,0.0602
videos__rec_20251130_030636__f005500.jpg,rec_20251130_030636.avi,videos,275.00,640,480,0.0601
videos__rec_20251130_030636__f005520.jpg,rec_20251130_030636.avi,videos,276.00,640,480,0.0601
videos__rec_20251130_030636__f005540.jpg,rec_20251130_030636.avi,videos,277.00,640,480,0.0600
videos__rec_20251130_030636__f005560.jpg,rec_20251130_030636.avi,videos,278.00,640,480,0.0600
videos__rec_20251130_030636__f005580.jpg,rec_20251130_030636.avi,videos,279.00,640,480,0.0600
videos__rec_20251130_030636__f005600.jpg,rec_20251130_030636.avi,videos,280.00,640,480,0.0586
videos__rec_20251130_030636__f005620.jpg,rec_20251130_030636.avi,videos,281.00,640,480,0.0593
videos__rec_20251130_030636__f005640.jpg,rec_20251130_030636.avi,videos,282.00,640,480,0.0594
videos__rec_20251130_030636__f005660.jpg,rec_20251130_030636.avi,videos,283.00,640,480,0.0588
videos__rec_20251130_030636__f005680.jpg,rec_20251130_030636.avi,videos,284.00,640,480,0.0600
videos__rec_20251130_030636__f005700.jpg,rec_20251130_030636.avi,videos,285.00,640,480,0.0570
videos__rec_20251130_030636__f005720.jpg,rec_20251130_030636.avi,videos,286.00,640,480,0.0576
videos__rec_20251130_030636__f005740.jpg,rec_20251130_030636.avi,videos,287.00,640,480,0.0562
videos__rec_20251130_030636__f005760.jpg,rec_20251130_030636.avi,videos,288.00,640,480,0.0547
videos__rec_20251130_030636__f005780.jpg,rec_20251130_030636.avi,videos,289.00,640,480,0.0564
videos__rec_20251130_030636__f005800.jpg,rec_20251130_030636.avi,videos,290.00,640,480,0.0564
videos__rec_20251130_030636__f005820.jpg,rec_20251130_030636.avi,videos,291.00,640,480,0.0568
videos__rec_20251130_030636__f005840.jpg,rec_20251130_030636.avi,videos,292.00,640,480,0.0483
videos__rec_20251130_030636__f005860.jpg,rec_20251130_030636.avi,videos,293.00,640,480,0.0540
videos__rec_20251130_030636__f005880.jpg,rec_20251130_030636.avi,videos,294.00,640,480,0.0613
videos__rec_20251130_030636__f005900.jpg,rec_20251130_030636.avi,videos,295.00,640,480,0.0609
videos__rec_20251130_030636__f005920.jpg,rec_20251130_030636.avi,videos,296.00,640,480,0.0543
videos__rec_20251130_030636__f005940.jpg,rec_20251130_030636.avi,videos,297.00,640,480,0.0596
videos__rec_20251130_030636__f005960.jpg,rec_20251130_030636.avi,videos,298.00,640,480,0.0550
videos__rec_20251130_030636__f005980.jpg,rec_20251130_030636.avi,videos,299.00,640,480,0.0549
videos__rec_20251130_030636__f006000.jpg,rec_20251130_030636.avi,videos,300.00,640,480,0.0595
videos__rec_20251130_030636__f006020.jpg,rec_20251130_030636.avi,videos,301.00,640,480,0.0618
videos__rec_20251130_030636__f006040.jpg,rec_20251130_030636.avi,videos,302.00,640,480,0.0602
videos__rec_20251130_030636__f006060.jpg,rec_20251130_030636.avi,videos,303.00,640,480,0.0676
videos__rec_20251130_030636__f006080.jpg,rec_20251130_030636.avi,videos,304.00,640,480,0.0628
videos__rec_20251130_030636__f006100.jpg,rec_20251130_030636.avi,videos,305.00,640,480,0.0619
videos__rec_20251130_030636__f006120.jpg,rec_20251130_030636.avi,videos,306.00,640,480,0.0631
videos__rec_20251130_030636__f006140.jpg,rec_20251130_030636.avi,videos,307.00,640,480,0.0639
videos__rec_20251130_030636__f006160.jpg,rec_20251130_030636.avi,videos,308.00,640,480,0.0622
videos__rec_20251130_030636__f006180.jpg,rec_20251130_030636.avi,videos,309.00,640,480,0.0625
videos__rec_20251130_030636__f006200.jpg,rec_20251130_030636.avi,videos,310.00,640,480,0.0618
videos__rec_20251130_030636__f006240.jpg,rec_20251130_030636.avi,videos,312.00,640,480,0.0598
videos__rec_20251130_030636__f006260.jpg,rec_20251130_030636.avi,videos,313.00,640,480,0.0596
videos__rec_20251130_030636__f006280.jpg,rec_20251130_030636.avi,videos,314.00,640,480,0.0598
videos__rec_20251130_030636__f006320.jpg,rec_20251130_030636.avi,videos,316.00,640,480,0.0619
videos__rec_20251130_030636__f006340.jpg,rec_20251130_030636.avi,videos,317.00,640,480,0.0618
videos__rec_20251130_030636__f006360.jpg,rec_20251130_030636.avi,videos,318.00,640,480,0.0586
videos__rec_20251130_030636__f006380.jpg,rec_20251130_030636.avi,videos,319.00,640,480,0.0590
videos__rec_20251130_030636__f006400.jpg,rec_20251130_030636.avi,videos,320.00,640,480,0.0593
videos__rec_20251130_030636__f006420.jpg,rec_20251130_030636.avi,videos,321.00,640,480,0.0593
videos__rec_20251130_030636__f006440.jpg,rec_20251130_030636.avi,videos,322.00,640,480,0.0591
videos__rec_20251130_030636__f006460.jpg,rec_20251130_030636.avi,videos,323.00,640,480,0.0593
videos__rec_20251130_030636__f006480.jpg,rec_20251130_030636.avi,videos,324.00,640,480,0.0596
videos__rec_20251130_030636__f006500.jpg,rec_20251130_030636.avi,videos,325.00,640,480,0.0597
videos__rec_20251130_030636__f006520.jpg,rec_20251130_030636.avi,videos,326.00,640,480,0.0589
videos__rec_20251130_030636__f006540.jpg,rec_20251130_030636.avi,videos,327.00,640,480,0.0581
videos__rec_20251130_030636__f006560.jpg,rec_20251130_030636.avi,videos,328.00,640,480,0.0581
videos__rec_20251130_030636__f006580.jpg,rec_20251130_030636.avi,videos,329.00,640,480,0.0588
videos__rec_20251130_030636__f006600.jpg,rec_20251130_030636.avi,videos,330.00,640,480,0.0592
videos__rec_20251130_030636__f006620.jpg,rec_20251130_030636.avi,videos,331.00,640,480,0.0587
videos__rec_20251130_030636__f006640.jpg,rec_20251130_030636.avi,videos,332.00,640,480,0.0600
videos__rec_20251130_030636__f006660.jpg,rec_20251130_030636.avi,videos,333.00,640,480,0.0591
videos__rec_20251130_030636__f006680.jpg,rec_20251130_030636.avi,videos,334.00,640,480,0.0594
videos__rec_20251130_030636__f006700.jpg,rec_20251130_030636.avi,videos,335.00,640,480,0.0601
videos__rec_20251130_030636__f006720.jpg,rec_20251130_030636.avi,videos,336.00,640,480,0.0591
videos__rec_20251130_030636__f006740.jpg,rec_20251130_030636.avi,videos,337.00,640,480,0.0585
videos__rec_20251130_030636__f006760.jpg,rec_20251130_030636.avi,videos,338.00,640,480,0.0592
videos__rec_20251130_030636__f006780.jpg,rec_20251130_030636.avi,videos,339.00,640,480,0.0582
videos__rec_20251130_030636__f006800.jpg,rec_20251130_030636.avi,videos,340.00,640,480,0.0585
videos__rec_20251130_030636__f006820.jpg,rec_20251130_030636.avi,videos,341.00,640,480,0.0576
videos__rec_20251130_030636__f006840.jpg,rec_20251130_030636.avi,videos,342.00,640,480,0.0577
videos__rec_20251130_030636__f006860.jpg,rec_20251130_030636.avi,videos,343.00,640,480,0.0575
videos__rec_20251130_030636__f006880.jpg,rec_20251130_030636.avi,videos,344.00,640,480,0.0609
videos__rec_20251130_030636__f006900.jpg,rec_20251130_030636.avi,videos,345.00,640,480,0.0609
videos__rec_20251130_030636__f006920.jpg,rec_20251130_030636.avi,videos,346.00,640,480,0.0613
videos__rec_20251130_030636__f006940.jpg,rec_20251130_030636.avi,videos,347.00,640,480,0.0624
videos__rec_20251130_030636__f006960.jpg,rec_20251130_030636.avi,videos,348.00,640,480,0.0618
videos__rec_20251130_030636__f006980.jpg,rec_20251130_030636.avi,videos,349.00,640,480,0.0615
videos__rec_20251130_030636__f007000.jpg,rec_20251130_030636.avi,videos,350.00,640,480,0.0623
videos__rec_20251130_030636__f007020.jpg,rec_20251130_030636.avi,videos,351.00,640,480,0.0621
videos__rec_20251130_030636__f007040.jpg,rec_20251130_030636.avi,videos,352.00,640,480,0.0621
videos__rec_20251130_030636__f007060.jpg,rec_20251130_030636.avi,videos,353.00,640,480,0.0615
videos__rec_20251130_030636__f007080.jpg,rec_20251130_030636.avi,videos,354.00,640,480,0.0626
videos__rec_20251130_030636__f007100.jpg,rec_20251130_030636.avi,videos,355.00,640,480,0.0627
videos__rec_20251130_030636__f007120.jpg,rec_20251130_030636.avi,videos,356.00,640,480,0.0628
videos__rec_20251130_030636__f007140.jpg,rec_20251130_030636.avi,videos,357.00,640,480,0.0629
videos__rec_20251130_030636__f007160.jpg,rec_20251130_030636.avi,videos,358.00,640,480,0.0641
videos__rec_20251130_030636__f007180.jpg,rec_20251130_030636.avi,videos,359.00,640,480,0.0641
videos__rec_20251130_030636__f008380.jpg,rec_20251130_030636.avi,videos,419.00,640,480,0.0477
videos__rec_20251130_030636__f008400.jpg,rec_20251130_030636.avi,videos,420.00,640,480,0.0522
videos__rec_20251130_030636__f008420.jpg,rec_20251130_030636.avi,videos,421.00,640,480,0.0604
videos__rec_20251130_030636__f008440.jpg,rec_20251130_030636.avi,videos,422.00,640,480,0.0565
videos__rec_20251130_030636__f008460.jpg,rec_20251130_030636.avi,videos,423.00,640,480,0.0551
videos__rec_20251130_030636__f008480.jpg,rec_20251130_030636.avi,videos,424.00,640,480,0.0561
videos__rec_20251130_030636__f008540.jpg,rec_20251130_030636.avi,videos,427.00,640,480,0.0546
videos__rec_20251130_030636__f008560.jpg,rec_20251130_030636.avi,videos,428.00,640,480,0.0544
videos__rec_20251130_030636__f008580.jpg,rec_20251130_030636.avi,videos,429.00,640,480,0.0696
videos__rec_20251130_030636__f008600.jpg,rec_20251130_030636.avi,videos,430.00,640,480,0.0631
videos__rec_20251130_030636__f008620.jpg,rec_20251130_030636.avi,videos,431.00,640,480,0.0636
videos__rec_20251130_030636__f008640.jpg,rec_20251130_030636.avi,videos,432.00,640,480,0.0640
videos__rec_20251130_030636__f008660.jpg,rec_20251130_030636.avi,videos,433.00,640,480,0.0634
videos__rec_20251130_030636__f008680.jpg,rec_20251130_030636.avi,videos,434.00,640,480,0.0644
videos__rec_20251130_030636__f008700.jpg,rec_20251130_030636.avi,videos,435.00,640,480,0.0636
videos__rec_20251130_030636__f008720.jpg,rec_20251130_030636.avi,videos,436.00,640,480,0.0646
videos__rec_20251130_030636__f008740.jpg,rec_20251130_030636.avi,videos,437.00,640,480,0.0594
videos__rec_20251130_030636__f008760.jpg,rec_20251130_030636.avi,videos,438.00,640,480,0.0576
videos__rec_20251130_030636__f008780.jpg,rec_20251130_030636.avi,videos,439.00,640,480,0.0559
videos__rec_20251130_030636__f008800.jpg,rec_20251130_030636.avi,videos,440.00,640,480,0.0560
videos__rec_20251130_030636__f008820.jpg,rec_20251130_030636.avi,videos,441.00,640,480,0.0543
videos__rec_20251130_030636__f008840.jpg,rec_20251130_030636.avi,videos,442.00,640,480,0.0554
videos__rec_20251130_030636__f008860.jpg,rec_20251130_030636.avi,videos,443.00,640,480,0.0543
videos__rec_20251130_030636__f008880.jpg,rec_20251130_030636.avi,videos,444.00,640,480,0.0568
videos__rec_20251130_030636__f008900.jpg,rec_20251130_030636.avi,videos,445.00,640,480,0.0561
videos__rec_20251130_030636__f008920.jpg,rec_20251130_030636.avi,videos,446.00,640,480,0.0524
videos__rec_20251130_030636__f008940.jpg,rec_20251130_030636.avi,videos,447.00,640,480,0.0605
videos__rec_20251130_030636__f008960.jpg,rec_20251130_030636.avi,videos,448.00,640,480,0.0381
videos__rec_20251130_030636__f009000.jpg,rec_20251130_030636.avi,videos,450.00,640,480,0.0498
videos__rec_20251130_030636__f009020.jpg,rec_20251130_030636.avi,videos,451.00,640,480,0.0575
videos__rec_20251130_030636__f009040.jpg,rec_20251130_030636.avi,videos,452.00,640,480,0.0548
videos__rec_20251130_030636__f009060.jpg,rec_20251130_030636.avi,videos,453.00,640,480,0.0545
videos__rec_20251130_030636__f009080.jpg,rec_20251130_030636.avi,videos,454.00,640,480,0.0551
videos__rec_20251130_030636__f009100.jpg,rec_20251130_030636.avi,videos,455.00,640,480,0.0576
videos__rec_20251130_030636__f009120.jpg,rec_20251130_030636.avi,videos,456.00,640,480,0.0617
videos__rec_20251130_030636__f009140.jpg,rec_20251130_030636.avi,videos,457.00,640,480,0.0658
videos__rec_20251130_030636__f009160.jpg,rec_20251130_030636.avi,videos,458.00,640,480,0.0645
videos__rec_20251130_030636__f009180.jpg,rec_20251130_030636.avi,videos,459.00,640,480,0.0650
videos__rec_20251130_030636__f009200.jpg,rec_20251130_030636.avi,videos,460.00,640,480,0.0653
videos__rec_20251130_030636__f009220.jpg,rec_20251130_030636.avi,videos,461.00,640,480,0.0650
videos__rec_20251130_030636__f009240.jpg,rec_20251130_030636.avi,videos,462.00,640,480,0.0648
videos__rec_20251130_030636__f009260.jpg,rec_20251130_030636.avi,videos,463.00,640,480,0.0645
videos__rec_20251130_030636__f009280.jpg,rec_20251130_030636.avi,videos,464.00,640,480,0.0653
videos__rec_20251130_030636__f009300.jpg,rec_20251130_030636.avi,videos,465.00,640,480,0.0653
videos__rec_20251130_030636__f009320.jpg,rec_20251130_030636.avi,videos,466.00,640,480,0.0650
videos__rec_20251130_030636__f009340.jpg,rec_20251130_030636.avi,videos,467.00,640,480,0.0657
videos__rec_20251130_030636__f009360.jpg,rec_20251130_030636.avi,videos,468.00,640,480,0.0649
videos__rec_20251130_030636__f009380.jpg,rec_20251130_030636.avi,videos,469.00,640,480,0.0652
videos__rec_20251130_030636__f009400.jpg,rec_20251130_030636.avi,videos,470.00,640,480,0.0660
videos__rec_20251130_030636__f009420.jpg,rec_20251130_030636.avi,videos,471.00,640,480,0.0658
videos__rec_20251130_030636__f009440.jpg,rec_20251130_030636.avi,videos,472.00,640,480,0.0652
videos__rec_20251130_030636__f009460.jpg,rec_20251130_030636.avi,videos,473.00,640,480,0.0658
videos__rec_20251130_030636__f009480.jpg,rec_20251130_030636.avi,videos,474.00,640,480,0.0654
videos__rec_20251130_030636__f009500.jpg,rec_20251130_030636.avi,videos,475.00,640,480,0.0635
videos__rec_20251130_030636__f009520.jpg,rec_20251130_030636.avi,videos,476.00,640,480,0.0632
videos__rec_20251130_030636__f009540.jpg,rec_20251130_030636.avi,videos,477.00,640,480,0.0632
videos__rec_20251130_030636__f009560.jpg,rec_20251130_030636.avi,videos,478.00,640,480,0.0628
videos__rec_20251130_030636__f009580.jpg,rec_20251130_030636.avi,videos,479.00,640,480,0.0645
videos__rec_20251130_030636__f009600.jpg,rec_20251130_030636.avi,videos,480.00,640,480,0.0643
videos__rec_20251130_030636__f009620.jpg,rec_20251130_030636.avi,videos,481.00,640,480,0.0620
videos__rec_20251130_030636__f009640.jpg,rec_20251130_030636.avi,videos,482.00,640,480,0.0622
videos__rec_20251130_030636__f009660.jpg,rec_20251130_030636.avi,videos,483.00,640,480,0.0629
videos__rec_20251130_030636__f009680.jpg,rec_20251130_030636.avi,videos,484.00,640,480,0.0604
videos__rec_20251130_030636__f009700.jpg,rec_20251130_030636.avi,videos,485.00,640,480,0.0626
videos__rec_20251130_030636__f009720.jpg,rec_20251130_030636.avi,videos,486.00,640,480,0.0630
videos__rec_20251130_030636__f009740.jpg,rec_20251130_030636.avi,videos,487.00,640,480,0.0640
videos__rec_20251130_030636__f009760.jpg,rec_20251130_030636.avi,videos,488.00,640,480,0.0654
videos__rec_20251130_030636__f009780.jpg,rec_20251130_030636.avi,videos,489.00,640,480,0.0680
videos__rec_20251130_030636__f009800.jpg,rec_20251130_030636.avi,videos,490.00,640,480,0.0719
videos__rec_20251130_030636__f009820.jpg,rec_20251130_030636.avi,videos,491.00,640,480,0.0724
videos__rec_20251130_030636__f009840.jpg,rec_20251130_030636.avi,videos,492.00,640,480,0.0695
videos__rec_20251130_030636__f009860.jpg,rec_20251130_030636.avi,videos,493.00,640,480,0.0652
videos__rec_20251130_030636__f009880.jpg,rec_20251130_030636.avi,videos,494.00,640,480,0.0570
videos__rec_20251130_030636__f009900.jpg,rec_20251130_030636.avi,videos,495.00,640,480,0.0512
videos__rec_20251130_030636__f009920.jpg,rec_20251130_030636.avi,videos,496.00,640,480,0.0551
videos__rec_20251130_030636__f009940.jpg,rec_20251130_030636.avi,videos,497.00,640,480,0.0556
videos__rec_20251130_030636__f009960.jpg,rec_20251130_030636.avi,videos,498.00,640,480,0.0570
videos__rec_20251130_030636__f009980.jpg,rec_20251130_030636.avi,videos,499.00,640,480,0.0567
videos__rec_20251130_030636__f010000.jpg,rec_20251130_030636.avi,videos,500.00,640,480,0.0571
videos__rec_20251130_030636__f010020.jpg,rec_20251130_030636.avi,videos,501.00,640,480,0.0373
videos__rec_20251130_030636__f010080.jpg,rec_20251130_030636.avi,videos,504.00,640,480,0.0491
videos__rec_20251130_030636__f010100.jpg,rec_20251130_030636.avi,videos,505.00,640,480,0.0471
videos__rec_20251130_030636__f010120.jpg,rec_20251130_030636.avi,videos,506.00,640,480,0.0448
videos__rec_20251130_030636__f010140.jpg,rec_20251130_030636.avi,videos,507.00,640,480,0.0454
videos__rec_20251130_030636__f010160.jpg,rec_20251130_030636.avi,videos,508.00,640,480,0.0443
videos__rec_20251130_030636__f010180.jpg,rec_20251130_030636.avi,videos,509.00,640,480,0.0436
videos__rec_20251130_030636__f010200.jpg,rec_20251130_030636.avi,videos,510.00,640,480,0.0482
videos__rec_20251130_030636__f010220.jpg,rec_20251130_030636.avi,videos,511.00,640,480,0.0527
videos__rec_20251130_030636__f010240.jpg,rec_20251130_030636.avi,videos,512.00,640,480,0.0540
videos__rec_20251130_030636__f010260.jpg,rec_20251130_030636.avi,videos,513.00,640,480,0.0526
videos__rec_20251130_030636__f010280.jpg,rec_20251130_030636.avi,videos,514.00,640,480,0.0514
videos__rec_20251130_030636__f010300.jpg,rec_20251130_030636.avi,videos,515.00,640,480,0.0508
videos__rec_20251130_030636__f010320.jpg,rec_20251130_030636.avi,videos,516.00,640,480,0.0516
videos__rec_20251130_030636__f010340.jpg,rec_20251130_030636.avi,videos,517.00,640,480,0.0513
videos__rec_20251130_030636__f010360.jpg,rec_20251130_030636.avi,videos,518.00,640,480,0.0502
videos__rec_20251130_030636__f010380.jpg,rec_20251130_030636.avi,videos,519.00,640,480,0.0505
videos__rec_20251130_030636__f010400.jpg,rec_20251130_030636.avi,videos,520.00,640,480,0.0579
videos__rec_20251130_030636__f010420.jpg,rec_20251130_030636.avi,videos,521.00,640,480,0.0624
videos__rec_20251130_030636__f010440.jpg,rec_20251130_030636.avi,videos,522.00,640,480,0.0587
videos__rec_20251130_030636__f010460.jpg,rec_20251130_030636.avi,videos,523.00,640,480,0.0524
videos__rec_20251130_030636__f010480.jpg,rec_20251130_030636.avi,videos,524.00,640,480,0.0501
videos__rec_20251130_030636__f010500.jpg,rec_20251130_030636.avi,videos,525.00,640,480,0.0399
videos__rec_20251130_030636__f010520.jpg,rec_20251130_030636.avi,videos,526.00,640,480,0.0470
videos__rec_20251130_030636__f010540.jpg,rec_20251130_030636.avi,videos,527.00,640,480,0.0444
videos__rec_20251130_030636__f010560.jpg,rec_20251130_030636.avi,videos,528.00,640,480,0.0520
videos__rec_20251130_030636__f010580.jpg,rec_20251130_030636.avi,videos,529.00,640,480,0.0776
videos__rec_20251130_030636__f010600.jpg,rec_20251130_030636.avi,videos,530.00,640,480,0.0792
videos__rec_20251130_030636__f010620.jpg,rec_20251130_030636.avi,videos,531.00,640,480,0.0749
videos__rec_20251130_030636__f010640.jpg,rec_20251130_030636.avi,videos,532.00,640,480,0.0693
videos__rec_20251130_030636__f010660.jpg,rec_20251130_030636.avi,videos,533.00,640,480,0.0639
videos__rec_20251130_030636__f010680.jpg,rec_20251130_030636.avi,videos,534.00,640,480,0.0655
videos__rec_20251130_030636__f010700.jpg,rec_20251130_030636.avi,videos,535.00,640,480,0.0635
videos__rec_20251130_030636__f010720.jpg,rec_20251130_030636.avi,videos,536.00,640,480,0.0619
videos__rec_20251130_030636__f010740.jpg,rec_20251130_030636.avi,videos,537.00,640,480,0.0618
videos__rec_20251130_030636__f010760.jpg,rec_20251130_030636.avi,videos,538.00,640,480,0.0629
videos__rec_20251130_030636__f010780.jpg,rec_20251130_030636.avi,videos,539.00,640,480,0.0619
videos__rec_20251130_030636__f010800.jpg,rec_20251130_030636.avi,videos,540.00,640,480,0.0624
videos__rec_20251130_030636__f010820.jpg,rec_20251130_030636.avi,videos,541.00,640,480,0.0622
videos__rec_20251130_030636__f010840.jpg,rec_20251130_030636.avi,videos,542.00,640,480,0.0625
videos__rec_20251130_030636__f010860.jpg,rec_20251130_030636.avi,videos,543.00,640,480,0.0638
videos__rec_20251130_030636__f010880.jpg,rec_20251130_030636.avi,videos,544.00,640,480,0.0635
videos__rec_20251130_030636__f010900.jpg,rec_20251130_030636.avi,videos,545.00,640,480,0.0632
videos__rec_20251130_030636__f010920.jpg,rec_20251130_030636.avi,videos,546.00,640,480,0.0609
videos__rec_20251130_030636__f010940.jpg,rec_20251130_030636.avi,videos,547.00,640,480,0.0614
videos__rec_20251130_030636__f010960.jpg,rec_20251130_030636.avi,videos,548.00,640,480,0.0628
videos__rec_20251130_030636__f010980.jpg,rec_20251130_030636.avi,videos,549.00,640,480,0.0606
videos__rec_20251130_030636__f011000.jpg,rec_20251130_030636.avi,videos,550.00,640,480,0.0565
videos__rec_20251130_030636__f011020.jpg,rec_20251130_030636.avi,videos,551.00,640,480,0.0551
videos__rec_20251130_030636__f011040.jpg,rec_20251130_030636.avi,videos,552.00,640,480,0.0571
videos__rec_20251130_030636__f011060.jpg,rec_20251130_030636.avi,videos,553.00,640,480,0.0541
videos__rec_20251130_030636__f011080.jpg,rec_20251130_030636.avi,videos,554.00,640,480,0.0571
videos__rec_20251130_030636__f011100.jpg,rec_20251130_030636.avi,videos,555.00,640,480,0.0554
videos__rec_20251130_030636__f011120.jpg,rec_20251130_030636.avi,videos,556.00,640,480,0.0542
videos__rec_20251130_030636__f011140.jpg,rec_20251130_030636.avi,videos,557.00,640,480,0.0549
videos__rec_20251130_030636__f011160.jpg,rec_20251130_030636.avi,videos,558.00,640,480,0.0554
videos__rec_20251130_030636__f011200.jpg,rec_20251130_030636.avi,videos,560.00,640,480,0.0592
videos__rec_20251130_030636__f011220.jpg,rec_20251130_030636.avi,videos,561.00,640,480,0.0511
videos__rec_20251130_030636__f011240.jpg,rec_20251130_030636.avi,videos,562.00,640,480,0.0487
videos__rec_20251130_030636__f011260.jpg,rec_20251130_030636.avi,videos,563.00,640,480,0.0601
videos__rec_20251130_030636__f011280.jpg,rec_20251130_030636.avi,videos,564.00,640,480,0.0656
videos__rec_20251130_030636__f011300.jpg,rec_20251130_030636.avi,videos,565.00,640,480,0.0562
videos__rec_20251130_030636__f011320.jpg,rec_20251130_030636.avi,videos,566.00,640,480,0.0529
videos__rec_20251130_030636__f011340.jpg,rec_20251130_030636.avi,videos,567.00,640,480,0.0566
videos__rec_20251130_030636__f011360.jpg,rec_20251130_030636.avi,videos,568.00,640,480,0.0581
videos__rec_20251130_030636__f011380.jpg,rec_20251130_030636.avi,videos,569.00,640,480,0.0571
videos__rec_20251130_030636__f011400.jpg,rec_20251130_030636.avi,videos,570.00,640,480,0.0630
videos__rec_20251130_030636__f011420.jpg,rec_20251130_030636.avi,videos,571.00,640,480,0.0626
videos__rec_20251130_030636__f011440.jpg,rec_20251130_030636.avi,videos,572.00,640,480,0.0640
videos__rec_20251130_030636__f011460.jpg,rec_20251130_030636.avi,videos,573.00,640,480,0.0681
videos__rec_20251130_030636__f011480.jpg,rec_20251130_030636.avi,videos,574.00,640,480,0.0672
videos__rec_20251130_030636__f011500.jpg,rec_20251130_030636.avi,videos,575.00,640,480,0.0679
videos__rec_20251130_030636__f011520.jpg,rec_20251130_030636.avi,videos,576.00,640,480,0.0694
videos__rec_20251130_030636__f011540.jpg,rec_20251130_030636.avi,videos,577.00,640,480,0.0721
videos__rec_20251130_030636__f011560.jpg,rec_20251130_030636.avi,videos,578.00,640,480,0.0738
videos__rec_20251130_030636__f011580.jpg,rec_20251130_030636.avi,videos,579.00,640,480,0.0749
videos__rec_20251130_030636__f011600.jpg,rec_20251130_030636.avi,videos,580.00,640,480,0.0745
videos__rec_20251130_030636__f011620.jpg,rec_20251130_030636.avi,videos,581.00,640,480,0.0764
videos__rec_20251130_030636__f011640.jpg,rec_20251130_030636.avi,videos,582.00,640,480,0.0789
videos__rec_20251130_030636__f011660.jpg,rec_20251130_030636.avi,videos,583.00,640,480,0.0796
videos__rec_20251130_030636__f011680.jpg,rec_20251130_030636.avi,videos,584.00,640,480,0.0828
videos__rec_20251130_030636__f011700.jpg,rec_20251130_030636.avi,videos,585.00,640,480,0.0845
videos__rec_20251130_030636__f011720.jpg,rec_20251130_030636.avi,videos,586.00,640,480,0.0829
videos__rec_20251130_030636__f011740.jpg,rec_20251130_030636.avi,videos,587.00,640,480,0.0840
videos__rec_20251130_030636__f011760.jpg,rec_20251130_030636.avi,videos,588.00,640,480,0.0912
videos__rec_20251130_030636__f011780.jpg,rec_20251130_030636.avi,videos,589.00,640,480,0.1013
videos__rec_20251130_030636__f011800.jpg,rec_20251130_030636.avi,videos,590.00,640,480,0.1057
videos__rec_20251130_030636__f011820.jpg,rec_20251130_030636.avi,videos,591.00,640,480,0.1191
videos__rec_20251130_030636__f011840.jpg,rec_20251130_030636.avi,videos,592.00,640,480,0.1207
videos__rec_20251130_030636__f011860.jpg,rec_20251130_030636.avi,videos,593.00,640,480,0.1240
videos__rec_20251130_030636__f011880.jpg,rec_20251130_030636.avi,videos,594.00,640,480,0.1288
videos__rec_20251130_030636__f011900.jpg,rec_20251130_030636.avi,videos,595.00,640,480,0.1298
videos__rec_20251130_030636__f011920.jpg,rec_20251130_030636.avi,videos,596.00,640,480,0.1241
videos__rec_20251130_030636__f011940.jpg,rec_20251130_030636.avi,videos,597.00,640,480,0.1228
videos__rec_20251130_030636__f011960.jpg,rec_20251130_030636.avi,videos,598.00,640,480,0.1224
videos__rec_20251130_030636__f011980.jpg,rec_20251130_030636.avi,videos,599.00,640,480,0.1238
videos__rec_20251130_030636__f012000.jpg,rec_20251130_030636.avi,videos,600.00,640,480,0.1298
videos__rec_20251130_030636__f012020.jpg,rec_20251130_030636.avi,videos,601.00,640,480,0.1357
videos__rec_20251130_030636__f012040.jpg,rec_20251130_030636.avi,videos,602.00,640,480,0.1405
videos__rec_20251130_030636__f012060.jpg,rec_20251130_030636.avi,videos,603.00,640,480,0.1479
videos__rec_20251130_030636__f012080.jpg,rec_20251130_030636.avi,videos,604.00,640,480,0.1517
videos__rec_20251130_030636__f012100.jpg,rec_20251130_030636.avi,videos,605.00,640,480,0.1531
videos__rec_20251130_030636__f012120.jpg,rec_20251130_030636.avi,videos,606.00,640,480,0.1526
videos__rec_20251130_030636__f012140.jpg,rec_20251130_030636.avi,videos,607.00,640,480,0.1522
videos__rec_20251130_030636__f012160.jpg,rec_20251130_030636.avi,videos,608.00,640,480,0.1564
videos__rec_20251130_030636__f012180.jpg,rec_20251130_030636.avi,videos,609.00,640,480,0.1581
videos__rec_20251130_030636__f012200.jpg,rec_20251130_030636.avi,videos,610.00,640,480,0.1560
videos__rec_20251130_030636__f012220.jpg,rec_20251130_030636.avi,videos,611.00,640,480,0.1518
videos__rec_20251130_030636__f012240.jpg,rec_20251130_030636.avi,videos,612.00,640,480,0.1566
videos__rec_20251130_030636__f012260.jpg,rec_20251130_030636.avi,videos,613.00,640,480,0.1571
videos__rec_20251130_030636__f012280.jpg,rec_20251130_030636.avi,videos,614.00,640,480,0.1573
videos__rec_20251130_030636__f012300.jpg,rec_20251130_030636.avi,videos,615.00,640,480,0.1603
videos__rec_20251130_030636__f012320.jpg,rec_20251130_030636.avi,videos,616.00,640,480,0.1582
videos__rec_20251130_030636__f012340.jpg,rec_20251130_030636.avi,videos,617.00,640,480,0.1572
videos__rec_20251130_030636__f012360.jpg,rec_20251130_030636.avi,videos,618.00,640,480,0.1594
videos__rec_20251130_030636__f012380.jpg,rec_20251130_030636.avi,videos,619.00,640,480,0.1603
videos__rec_20251130_030636__f012400.jpg,rec_20251130_030636.avi,videos,620.00,640,480,0.1602
videos__rec_20251130_030636__f012420.jpg,rec_20251130_030636.avi,videos,621.00,640,480,0.1610
videos__rec_20251130_030636__f012440.jpg,rec_20251130_030636.avi,videos,622.00,640,480,0.1612
videos__rec_20251130_030636__f012460.jpg,rec_20251130_030636.avi,videos,623.00,640,480,0.1597
videos__rec_20251130_030636__f012480.jpg,rec_20251130_030636.avi,videos,624.00,640,480,0.1508
videos__rec_20251130_030636__f012500.jpg,rec_20251130_030636.avi,videos,625.00,640,480,0.1397
videos__rec_20251130_030636__f012520.jpg,rec_20251130_030636.avi,videos,626.00,640,480,0.1405
videos__rec_20251130_030636__f012540.jpg,rec_20251130_030636.avi,videos,627.00,640,480,0.1420
videos__rec_20251130_030636__f012560.jpg,rec_20251130_030636.avi,videos,628.00,640,480,0.1403
videos__rec_20251130_030636__f012580.jpg,rec_20251130_030636.avi,videos,629.00,640,480,0.1409
videos__rec_20251130_030636__f012600.jpg,rec_20251130_030636.avi,videos,630.00,640,480,0.1424
videos__rec_20251130_030636__f012620.jpg,rec_20251130_030636.avi,videos,631.00,640,480,0.1426
videos__rec_20251130_030636__f012640.jpg,rec_20251130_030636.avi,videos,632.00,640,480,0.1426
videos__rec_20251130_030636__f012660.jpg,rec_20251130_030636.avi,videos,633.00,640,480,0.1437
videos__rec_20251130_030636__f012680.jpg,rec_20251130_030636.avi,videos,634.00,640,480,0.1461
videos__rec_20251130_030636__f012700.jpg,rec_20251130_030636.avi,videos,635.00,640,480,0.1467
videos__rec_20251130_030636__f012720.jpg,rec_20251130_030636.avi,videos,636.00,640,480,0.1455
videos__rec_20251130_030636__f012740.jpg,rec_20251130_030636.avi,videos,637.00,640,480,0.1420
videos__rec_20251130_030636__f012760.jpg,rec_20251130_030636.avi,videos,638.00,640,480,0.1435
videos__rec_20251130_030636__f012780.jpg,rec_20251130_030636.avi,videos,639.00,640,480,0.1432
videos__rec_20251130_030636__f012800.jpg,rec_20251130_030636.avi,videos,640.00,640,480,0.1416
videos__rec_20251130_030636__f012820.jpg,rec_20251130_030636.avi,videos,641.00,640,480,0.1404
videos__rec_20251130_030636__f012840.jpg,rec_20251130_030636.avi,videos,642.00,640,480,0.1412
videos__rec_20251130_030636__f012860.jpg,rec_20251130_030636.avi,videos,643.00,640,480,0.1391
videos__rec_20251130_030636__f012880.jpg,rec_20251130_030636.avi,videos,644.00,640,480,0.1390
videos__rec_20251130_030636__f012900.jpg,rec_20251130_030636.avi,videos,645.00,640,480,0.1421
videos__rec_20251130_030636__f012920.jpg,rec_20251130_030636.avi,videos,646.00,640,480,0.1395
videos__rec_20251130_030636__f012940.jpg,rec_20251130_030636.avi,videos,647.00,640,480,0.1396
videos__rec_20251130_030636__f012960.jpg,rec_20251130_030636.avi,videos,648.00,640,480,0.1384
videos__rec_20251130_030636__f012980.jpg,rec_20251130_030636.avi,videos,649.00,640,480,0.1384
videos__rec_20251130_030636__f013000.jpg,rec_20251130_030636.avi,videos,650.00,640,480,0.1369
videos__rec_20251130_030636__f013020.jpg,rec_20251130_030636.avi,videos,651.00,640,480,0.1385
videos__rec_20251130_030636__f013040.jpg,rec_20251130_030636.avi,videos,652.00,640,480,0.1354
videos__rec_20251130_030636__f013060.jpg,rec_20251130_030636.avi,videos,653.00,640,480,0.1385
videos__rec_20251130_030636__f013080.jpg,rec_20251130_030636.avi,videos,654.00,640,480,0.1408
videos__rec_20251130_030636__f013100.jpg,rec_20251130_030636.avi,videos,655.00,640,480,0.1408
videos__rec_20251130_030636__f013120.jpg,rec_20251130_030636.avi,videos,656.00,640,480,0.1399
videos__rec_20251130_030636__f013140.jpg,rec_20251130_030636.avi,videos,657.00,640,480,0.1418
videos__rec_20251130_030636__f013160.jpg,rec_20251130_030636.avi,videos,658.00,640,480,0.1416
videos__rec_20251130_030636__f013180.jpg,rec_20251130_030636.avi,videos,659.00,640,480,0.1409
videos__rec_20251130_030636__f013200.jpg,rec_20251130_030636.avi,videos,660.00,640,480,0.1413
videos__rec_20251130_030636__f013220.jpg,rec_20251130_030636.avi,videos,661.00,640,480,0.1418
videos__rec_20251130_030636__f013240.jpg,rec_20251130_030636.avi,videos,662.00,640,480,0.1416
videos__rec_20251130_030636__f013260.jpg,rec_20251130_030636.avi,videos,663.00,640,480,0.1396
videos__rec_20251130_030636__f013280.jpg,rec_20251130_030636.avi,videos,664.00,640,480,0.1408
videos__rec_20251130_030636__f013300.jpg,rec_20251130_030636.avi,videos,665.00,640,480,0.1418
videos__rec_20251130_030636__f013320.jpg,rec_20251130_030636.avi,videos,666.00,640,480,0.1404
videos__rec_20251130_030636__f013340.jpg,rec_20251130_030636.avi,videos,667.00,640,480,0.1396
videos__rec_20251130_030636__f013360.jpg,rec_20251130_030636.avi,videos,668.00,640,480,0.1393
videos__rec_20251130_030636__f013380.jpg,rec_20251130_030636.avi,videos,669.00,640,480,0.1398
videos__rec_20251130_030636__f013400.jpg,rec_20251130_030636.avi,videos,670.00,640,480,0.1411
videos__rec_20251130_030636__f013420.jpg,rec_20251130_030636.avi,videos,671.00,640,480,0.1414
videos__rec_20251130_030636__f013440.jpg,rec_20251130_030636.avi,videos,672.00,640,480,0.1398
videos__rec_20251130_030636__f013460.jpg,rec_20251130_030636.avi,videos,673.00,640,480,0.1352
videos__rec_20251130_030636__f013480.jpg,rec_20251130_030636.avi,videos,674.00,640,480,0.1384
videos__rec_20251130_030636__f013500.jpg,rec_20251130_030636.avi,videos,675.00,640,480,0.1393
videos__rec_20251130_030636__f013520.jpg,rec_20251130_030636.avi,videos,676.00,640,480,0.1391
videos__rec_20251130_030636__f013540.jpg,rec_20251130_030636.avi,videos,677.00,640,480,0.1381
videos__rec_20251130_030636__f013560.jpg,rec_20251130_030636.avi,videos,678.00,640,480,0.1434
videos__rec_20251130_030636__f013580.jpg,rec_20251130_030636.avi,videos,679.00,640,480,0.1412
videos__rec_20251130_030636__f013600.jpg,rec_20251130_030636.avi,videos,680.00,640,480,0.1389
videos__rec_20251130_030636__f013620.jpg,rec_20251130_030636.avi,videos,681.00,640,480,0.1376
videos__rec_20251130_030636__f013640.jpg,rec_20251130_030636.avi,videos,682.00,640,480,0.1327
videos__rec_20251130_030636__f013660.jpg,rec_20251130_030636.avi,videos,683.00,640,480,0.1315
videos__rec_20251130_030636__f013680.jpg,rec_20251130_030636.avi,videos,684.00,640,480,0.1108
videos__rec_20251130_030636__f013700.jpg,rec_20251130_030636.avi,videos,685.00,640,480,0.1018
videos__rec_20251130_030636__f013720.jpg,rec_20251130_030636.avi,videos,686.00,640,480,0.0960
videos__rec_20251130_030636__f013740.jpg,rec_20251130_030636.avi,videos,687.00,640,480,0.0982
videos__rec_20251130_030636__f013760.jpg,rec_20251130_030636.avi,videos,688.00,640,480,0.0982
videos__rec_20251130_030636__f013780.jpg,rec_20251130_030636.avi,videos,689.00,640,480,0.0982
videos__rec_20251130_030636__f013800.jpg,rec_20251130_030636.avi,videos,690.00,640,480,0.0973
videos__rec_20251130_030636__f013820.jpg,rec_20251130_030636.avi,videos,691.00,640,480,0.0975
videos__rec_20251130_030636__f013840.jpg,rec_20251130_030636.avi,videos,692.00,640,480,0.0976
videos__rec_20251130_030636__f013860.jpg,rec_20251130_030636.avi,videos,693.00,640,480,0.0978
videos__rec_20251130_030636__f013880.jpg,rec_20251130_030636.avi,videos,694.00,640,480,0.0947
videos__rec_20251130_030636__f013900.jpg,rec_20251130_030636.avi,videos,695.00,640,480,0.0949
videos__rec_20251130_030636__f013920.jpg,rec_20251130_030636.avi,videos,696.00,640,480,0.0989
videos__rec_20251130_030636__f013940.jpg,rec_20251130_030636.avi,videos,697.00,640,480,0.0927
videos__rec_20251130_030636__f013960.jpg,rec_20251130_030636.avi,videos,698.00,640,480,0.0939
videos__rec_20251130_030636__f013980.jpg,rec_20251130_030636.avi,videos,699.00,640,480,0.0960
videos__rec_20251130_030636__f014000.jpg,rec_20251130_030636.avi,videos,700.00,640,480,0.0990
videos__rec_20251130_030636__f014020.jpg,rec_20251130_030636.avi,videos,701.00,640,480,0.1000
videos__rec_20251130_030636__f014040.jpg,rec_20251130_030636.avi,videos,702.00,640,480,0.1017
videos__rec_20251130_030636__f014060.jpg,rec_20251130_030636.avi,videos,703.00,640,480,0.1018
videos__rec_20251130_030636__f014080.jpg,rec_20251130_030636.avi,videos,704.00,640,480,0.1044
videos__rec_20251130_030636__f014100.jpg,rec_20251130_030636.avi,videos,705.00,640,480,0.1057
videos__rec_20251130_030636__f014120.jpg,rec_20251130_030636.avi,videos,706.00,640,480,0.1050
videos__rec_20251130_030636__f014140.jpg,rec_20251130_030636.avi,videos,707.00,640,480,0.1013
videos__rec_20251130_030636__f014160.jpg,rec_20251130_030636.avi,videos,708.00,640,480,0.1062
videos__rec_20251130_030636__f014180.jpg,rec_20251130_030636.avi,videos,709.00,640,480,0.1125
videos__rec_20251130_030636__f014200.jpg,rec_20251130_030636.avi,videos,710.00,640,480,0.1143
videos__rec_20251130_030636__f014220.jpg,rec_20251130_030636.avi,videos,711.00,640,480,0.1152
videos__rec_20251130_030636__f014240.jpg,rec_20251130_030636.avi,videos,712.00,640,480,0.1142
videos__rec_20251130_030636__f014260.jpg,rec_20251130_030636.avi,videos,713.00,640,480,0.1138
videos__rec_20251130_030636__f014280.jpg,rec_20251130_030636.avi,videos,714.00,640,480,0.1134
videos__rec_20251130_030636__f014300.jpg,rec_20251130_030636.avi,videos,715.00,640,480,0.1132
videos__rec_20251130_030636__f014320.jpg,rec_20251130_030636.avi,videos,716.00,640,480,0.1142
videos__rec_20251130_030636__f014340.jpg,rec_20251130_030636.avi,videos,717.00,640,480,0.1150
videos__rec_20251130_030636__f014360.jpg,rec_20251130_030636.avi,videos,718.00,640,480,0.1151
videos__rec_20251130_030636__f014380.jpg,rec_20251130_030636.avi,videos,719.00,640,480,0.1150
videos__rec_20251130_030636__f014400.jpg,rec_20251130_030636.avi,videos,720.00,640,480,0.1153
videos__rec_20251130_030636__f014420.jpg,rec_20251130_030636.avi,videos,721.00,640,480,0.1152
videos__rec_20251130_030636__f014440.jpg,rec_20251130_030636.avi,videos,722.00,640,480,0.1153
videos__rec_20251130_030636__f014460.jpg,rec_20251130_030636.avi,videos,723.00,640,480,0.1153
videos__rec_20251130_030636__f014480.jpg,rec_20251130_030636.avi,videos,724.00,640,480,0.1155
videos__rec_20251130_030636__f014500.jpg,rec_20251130_030636.avi,videos,725.00,640,480,0.1155
videos__rec_20251130_030636__f014520.jpg,rec_20251130_030636.avi,videos,726.00,640,480,0.1155
videos__rec_20251130_030636__f014540.jpg,rec_20251130_030636.avi,videos,727.00,640,480,0.1149
videos__rec_20251130_030636__f014560.jpg,rec_20251130_030636.avi,videos,728.00,640,480,0.1145
videos__rec_20251130_030636__f014580.jpg,rec_20251130_030636.avi,videos,729.00,640,480,0.1156
videos__rec_20251130_030636__f014600.jpg,rec_20251130_030636.avi,videos,730.00,640,480,0.1148
videos__rec_20251130_030636__f014620.jpg,rec_20251130_030636.avi,videos,731.00,640,480,0.1145
videos__rec_20251130_030636__f014640.jpg,rec_20251130_030636.avi,videos,732.00,640,480,0.1151
videos__rec_20251130_030636__f014660.jpg,rec_20251130_030636.avi,videos,733.00,640,480,0.1156
videos__rec_20251130_030636__f014680.jpg,rec_20251130_030636.avi,videos,734.00,640,480,0.1182
videos__rec_20251130_030636__f014700.jpg,rec_20251130_030636.avi,videos,735.00,640,480,0.1145
videos__rec_20251130_030636__f014720.jpg,rec_20251130_030636.avi,videos,736.00,640,480,0.1012
videos__rec_20251130_030636__f014740.jpg,rec_20251130_030636.avi,videos,737.00,640,480,0.0733
videos__rec_20251130_030636__f014760.jpg,rec_20251130_030636.avi,videos,738.00,640,480,0.1208
videos__rec_20251130_030636__f014780.jpg,rec_20251130_030636.avi,videos,739.00,640,480,0.1160
videos__rec_20251130_030636__f014800.jpg,rec_20251130_030636.avi,videos,740.00,640,480,0.1171
videos__rec_20251130_030636__f014820.jpg,rec_20251130_030636.avi,videos,741.00,640,480,0.1178
videos__rec_20251130_030636__f014840.jpg,rec_20251130_030636.avi,videos,742.00,640,480,0.1179
videos__rec_20251130_030636__f014860.jpg,rec_20251130_030636.avi,videos,743.00,640,480,0.1171
videos__rec_20251130_030636__f014880.jpg,rec_20251130_030636.avi,videos,744.00,640,480,0.1131
videos__rec_20251130_030636__f014900.jpg,rec_20251130_030636.avi,videos,745.00,640,480,0.1152
videos__rec_20251130_030636__f014920.jpg,rec_20251130_030636.avi,videos,746.00,640,480,0.1161
videos__rec_20251130_030636__f014940.jpg,rec_20251130_030636.avi,videos,747.00,640,480,0.1145
videos__rec_20251130_030636__f014960.jpg,rec_20251130_030636.avi,videos,748.00,640,480,0.1164
videos__rec_20251130_030636__f014980.jpg,rec_20251130_030636.avi,videos,749.00,640,480,0.1171
videos__rec_20251130_030636__f015000.jpg,rec_20251130_030636.avi,videos,750.00,640,480,0.1216
videos__rec_20251130_030636__f015020.jpg,rec_20251130_030636.avi,videos,751.00,640,480,0.1056
videos__rec_20251130_030636__f015040.jpg,rec_20251130_030636.avi,videos,752.00,640,480,0.0782
videos__rec_20251130_030636__f015060.jpg,rec_20251130_030636.avi,videos,753.00,640,480,0.0819
videos__rec_20251130_030636__f015080.jpg,rec_20251130_030636.avi,videos,754.00,640,480,0.0919
videos__rec_20251130_030636__f015100.jpg,rec_20251130_030636.avi,videos,755.00,640,480,0.0930
videos__rec_20251130_030636__f015120.jpg,rec_20251130_030636.avi,videos,756.00,640,480,0.0898
videos__rec_20251130_030636__f015140.jpg,rec_20251130_030636.avi,videos,757.00,640,480,0.0917
videos__rec_20251130_030636__f015160.jpg,rec_20251130_030636.avi,videos,758.00,640,480,0.1138
videos__rec_20251130_030636__f015180.jpg,rec_20251130_030636.avi,videos,759.00,640,480,0.0974
videos__rec_20251130_030636__f015200.jpg,rec_20251130_030636.avi,videos,760.00,640,480,0.0978
videos__rec_20251130_030636__f015220.jpg,rec_20251130_030636.avi,videos,761.00,640,480,0.1005
videos__rec_20251130_030636__f015240.jpg,rec_20251130_030636.avi,videos,762.00,640,480,0.0893
videos__rec_20251130_030636__f015260.jpg,rec_20251130_030636.avi,videos,763.00,640,480,0.0873
videos__rec_20251130_030636__f015280.jpg,rec_20251130_030636.avi,videos,764.00,640,480,0.1077
videos__rec_20251130_030636__f015300.jpg,rec_20251130_030636.avi,videos,765.00,640,480,0.0969
videos__rec_20251130_030636__f015320.jpg,rec_20251130_030636.avi,videos,766.00,640,480,0.0990
videos__rec_20251130_030636__f015340.jpg,rec_20251130_030636.avi,videos,767.00,640,480,0.1007
videos__rec_20251130_030636__f015360.jpg,rec_20251130_030636.avi,videos,768.00,640,480,0.1000
videos__rec_20251130_030636__f015380.jpg,rec_20251130_030636.avi,videos,769.00,640,480,0.0993
videos__rec_20251130_030636__f015400.jpg,rec_20251130_030636.avi,videos,770.00,640,480,0.0991
videos__rec_20251130_030636__f015420.jpg,rec_20251130_030636.avi,videos,771.00,640,480,0.0978
videos__rec_20251130_030636__f015440.jpg,rec_20251130_030636.avi,videos,772.00,640,480,0.0972
videos__rec_20251130_030636__f015460.jpg,rec_20251130_030636.avi,videos,773.00,640,480,0.0969
videos__rec_20251130_030636__f015480.jpg,rec_20251130_030636.avi,videos,774.00,640,480,0.0999
videos__rec_20251130_030636__f015500.jpg,rec_20251130_030636.avi,videos,775.00,640,480,0.0986
videos__rec_20251130_030636__f015520.jpg,rec_20251130_030636.avi,videos,776.00,640,480,0.0989
videos__rec_20251130_030636__f015540.jpg,rec_20251130_030636.avi,videos,777.00,640,480,0.0997
videos__rec_20251130_030636__f015560.jpg,rec_20251130_030636.avi,videos,778.00,640,480,0.0949
videos__rec_20251130_030636__f015580.jpg,rec_20251130_030636.avi,videos,779.00,640,480,0.0945
videos__rec_20251130_030636__f015600.jpg,rec_20251130_030636.avi,videos,780.00,640,480,0.0948
videos__rec_20251130_030636__f015620.jpg,rec_20251130_030636.avi,videos,781.00,640,480,0.0961
videos__rec_20251130_030636__f015640.jpg,rec_20251130_030636.avi,videos,782.00,640,480,0.0912
videos__rec_20251130_030636__f015660.jpg,rec_20251130_030636.avi,videos,783.00,640,480,0.0952
videos__rec_20251130_030636__f015680.jpg,rec_20251130_030636.avi,videos,784.00,640,480,0.0902
videos__rec_20251130_030636__f015700.jpg,rec_20251130_030636.avi,videos,785.00,640,480,0.0917
videos__rec_20251130_030636__f015720.jpg,rec_20251130_030636.avi,videos,786.00,640,480,0.0930
videos__rec_20251130_030636__f015740.jpg,rec_20251130_030636.avi,videos,787.00,640,480,0.0906
videos__rec_20251130_030636__f015760.jpg,rec_20251130_030636.avi,videos,788.00,640,480,0.0913
videos__rec_20251130_030636__f015780.jpg,rec_20251130_030636.avi,videos,789.00,640,480,0.0981
videos__rec_20251130_030636__f015800.jpg,rec_20251130_030636.avi,videos,790.00,640,480,0.1025
videos__rec_20251130_030636__f015820.jpg,rec_20251130_030636.avi,videos,791.00,640,480,0.1065
videos__rec_20251130_030636__f015840.jpg,rec_20251130_030636.avi,videos,792.00,640,480,0.1052
videos__rec_20251130_030636__f015860.jpg,rec_20251130_030636.avi,videos,793.00,640,480,0.0994
videos__rec_20251130_030636__f015880.jpg,rec_20251130_030636.avi,videos,794.00,640,480,0.0895
videos__rec_20251130_030636__f015900.jpg,rec_20251130_030636.avi,videos,795.00,640,480,0.0825
videos__rec_20251130_030636__f015920.jpg,rec_20251130_030636.avi,videos,796.00,640,480,0.0784
videos__rec_20251130_030636__f015940.jpg,rec_20251130_030636.avi,videos,797.00,640,480,0.0726
videos__rec_20251130_030636__f015960.jpg,rec_20251130_030636.avi,videos,798.00,640,480,0.0701
videos__rec_20251130_030636__f015980.jpg,rec_20251130_030636.avi,videos,799.00,640,480,0.0578
videos__rec_20251130_030636__f016000.jpg,rec_20251130_030636.avi,videos,800.00,640,480,0.0566
videos__rec_20251130_030636__f016020.jpg,rec_20251130_030636.avi,videos,801.00,640,480,0.0561
videos__rec_20251130_030636__f016040.jpg,rec_20251130_030636.avi,videos,802.00,640,480,0.0583
videos__rec_20251130_030636__f016060.jpg,rec_20251130_030636.avi,videos,803.00,640,480,0.0589
videos__rec_20251130_030636__f016080.jpg,rec_20251130_030636.avi,videos,804.00,640,480,0.0625
videos__rec_20251130_030636__f016100.jpg,rec_20251130_030636.avi,videos,805.00,640,480,0.0650
videos__rec_20251130_030636__f016120.jpg,rec_20251130_030636.avi,videos,806.00,640,480,0.0694
videos__rec_20251130_030636__f016140.jpg,rec_20251130_030636.avi,videos,807.00,640,480,0.0719
videos__rec_20251130_030636__f016160.jpg,rec_20251130_030636.avi,videos,808.00,640,480,0.0727
videos__rec_20251130_030636__f016180.jpg,rec_20251130_030636.avi,videos,809.00,640,480,0.0732
videos__rec_20251130_030636__f016200.jpg,rec_20251130_030636.avi,videos,810.00,640,480,0.0748
videos__rec_20251130_030636__f016220.jpg,rec_20251130_030636.avi,videos,811.00,640,480,0.0752
videos__rec_20251130_030636__f016240.jpg,rec_20251130_030636.avi,videos,812.00,640,480,0.0790
videos__rec_20251130_030636__f016260.jpg,rec_20251130_030636.avi,videos,813.00,640,480,0.0806
videos__rec_20251130_030636__f016280.jpg,rec_20251130_030636.avi,videos,814.00,640,480,0.0853
videos__rec_20251130_030636__f016300.jpg,rec_20251130_030636.avi,videos,815.00,640,480,0.0874
videos__rec_20251130_030636__f016380.jpg,rec_20251130_030636.avi,videos,819.00,640,480,0.0898
videos__rec_20251130_030636__f016400.jpg,rec_20251130_030636.avi,videos,820.00,640,480,0.0871
videos__rec_20251130_030636__f016420.jpg,rec_20251130_030636.avi,videos,821.00,640,480,0.0843
videos__rec_20251130_030636__f016440.jpg,rec_20251130_030636.avi,videos,822.00,640,480,0.0836
videos__rec_20251130_030636__f016460.jpg,rec_20251130_030636.avi,videos,823.00,640,480,0.0858
videos__rec_20251130_030636__f016480.jpg,rec_20251130_030636.avi,videos,824.00,640,480,0.0859
videos__rec_20251130_030636__f016500.jpg,rec_20251130_030636.avi,videos,825.00,640,480,0.0861
videos__rec_20251130_030636__f016520.jpg,rec_20251130_030636.avi,videos,826.00,640,480,0.0831
videos__rec_20251130_030636__f016540.jpg,rec_20251130_030636.avi,videos,827.00,640,480,0.0776
videos__rec_20251130_030636__f016560.jpg,rec_20251130_030636.avi,videos,828.00,640,480,0.0752
videos__rec_20251130_030636__f016720.jpg,rec_20251130_030636.avi,videos,836.00,640,480,0.0944
videos__rec_20251130_030636__f016740.jpg,rec_20251130_030636.avi,videos,837.00,640,480,0.0968
videos__rec_20251130_030636__f016760.jpg,rec_20251130_030636.avi,videos,838.00,640,480,0.0991
videos__rec_20251130_030636__f016780.jpg,rec_20251130_030636.avi,videos,839.00,640,480,0.1034
videos__rec_20251130_030636__f016800.jpg,rec_20251130_030636.avi,videos,840.00,640,480,0.1079
videos__rec_20251130_030636__f016820.jpg,rec_20251130_030636.avi,videos,841.00,640,480,0.1117
videos__rec_20251130_030636__f016840.jpg,rec_20251130_030636.avi,videos,842.00,640,480,0.1156
videos__rec_20251130_030636__f016860.jpg,rec_20251130_030636.avi,videos,843.00,640,480,0.1239
videos__rec_20251130_030636__f016880.jpg,rec_20251130_030636.avi,videos,844.00,640,480,0.1222
videos__rec_20251130_030636__f016900.jpg,rec_20251130_030636.avi,videos,845.00,640,480,0.1205
videos__rec_20251130_030636__f016920.jpg,rec_20251130_030636.avi,videos,846.00,640,480,0.1200
videos__rec_20251130_030636__f016940.jpg,rec_20251130_030636.avi,videos,847.00,640,480,0.1207
videos__rec_20251130_030636__f016960.jpg,rec_20251130_030636.avi,videos,848.00,640,480,0.1201
videos__rec_20251130_030636__f016980.jpg,rec_20251130_030636.avi,videos,849.00,640,480,0.1191
videos__rec_20251130_030636__f017000.jpg,rec_20251130_030636.avi,videos,850.00,640,480,0.1201
videos__rec_20251130_030636__f017020.jpg,rec_20251130_030636.avi,videos,851.00,640,480,0.1217
videos__rec_20251130_030636__f017040.jpg,rec_20251130_030636.avi,videos,852.00,640,480,0.1367
videos__rec_20251130_030636__f017060.jpg,rec_20251130_030636.avi,videos,853.00,640,480,0.1358
videos__rec_20251130_030636__f017080.jpg,rec_20251130_030636.avi,videos,854.00,640,480,0.1352
videos__rec_20251130_030636__f017100.jpg,rec_20251130_030636.avi,videos,855.00,640,480,0.1353
videos__rec_20251130_030636__f017120.jpg,rec_20251130_030636.avi,videos,856.00,640,480,0.1348
videos__rec_20251130_030636__f017140.jpg,rec_20251130_030636.avi,videos,857.00,640,480,0.1361
videos__rec_20251130_030636__f017160.jpg,rec_20251130_030636.avi,videos,858.00,640,480,0.1359
videos__rec_20251130_030636__f017180.jpg,rec_20251130_030636.avi,videos,859.00,640,480,0.1317
videos__rec_20251130_030636__f017200.jpg,rec_20251130_030636.avi,videos,860.00,640,480,0.1277
videos__rec_20251130_030636__f017220.jpg,rec_20251130_030636.avi,videos,861.00,640,480,0.1245
videos__rec_20251130_030636__f017240.jpg,rec_20251130_030636.avi,videos,862.00,640,480,0.1202
videos__rec_20251130_030636__f017260.jpg,rec_20251130_030636.avi,videos,863.00,640,480,0.1176
videos__rec_20251130_030636__f017280.jpg,rec_20251130_030636.avi,videos,864.00,640,480,0.1090
videos__rec_20251130_030636__f017300.jpg,rec_20251130_030636.avi,videos,865.00,640,480,0.1070
videos__rec_20251130_030636__f017320.jpg,rec_20251130_030636.avi,videos,866.00,640,480,0.1070
videos__rec_20251130_030636__f017340.jpg,rec_20251130_030636.avi,videos,867.00,640,480,0.1101
videos__rec_20251130_030636__f017360.jpg,rec_20251130_030636.avi,videos,868.00,640,480,0.1045
videos__rec_20251130_030636__f017380.jpg,rec_20251130_030636.avi,videos,869.00,640,480,0.1040
videos__rec_20251130_030636__f017400.jpg,rec_20251130_030636.avi,videos,870.00,640,480,0.1098
videos__rec_20251130_030636__f017420.jpg,rec_20251130_030636.avi,videos,871.00,640,480,0.1117
videos__rec_20251130_030636__f017440.jpg,rec_20251130_030636.avi,videos,872.00,640,480,0.1101
videos__rec_20251130_030636__f017460.jpg,rec_20251130_030636.avi,videos,873.00,640,480,0.1153
videos__rec_20251130_030636__f017480.jpg,rec_20251130_030636.avi,videos,874.00,640,480,0.1144
videos__rec_20251130_030636__f017500.jpg,rec_20251130_030636.avi,videos,875.00,640,480,0.1171
videos__rec_20251130_030636__f017520.jpg,rec_20251130_030636.avi,videos,876.00,640,480,0.1250
videos__rec_20251130_030636__f017540.jpg,rec_20251130_030636.avi,videos,877.00,640,480,0.1176
videos__rec_20251130_030636__f017560.jpg,rec_20251130_030636.avi,videos,878.00,640,480,0.1124
videos__rec_20251130_030636__f017580.jpg,rec_20251130_030636.avi,videos,879.00,640,480,0.1065
videos__rec_20251130_030636__f017600.jpg,rec_20251130_030636.avi,videos,880.00,640,480,0.1006
videos__rec_20251130_030636__f017620.jpg,rec_20251130_030636.avi,videos,881.00,640,480,0.0973
videos__rec_20251130_030636__f017640.jpg,rec_20251130_030636.avi,videos,882.00,640,480,0.0998
videos__rec_20251130_030636__f017660.jpg,rec_20251130_030636.avi,videos,883.00,640,480,0.1002
videos__rec_20251130_030636__f017680.jpg,rec_20251130_030636.avi,videos,884.00,640,480,0.0991
videos__rec_20251130_030636__f017700.jpg,rec_20251130_030636.avi,videos,885.00,640,480,0.0987
videos__rec_20251130_030636__f017720.jpg,rec_20251130_030636.avi,videos,886.00,640,480,0.0889
videos__rec_20251130_030636__f017740.jpg,rec_20251130_030636.avi,videos,887.00,640,480,0.0822
videos__rec_20251130_030636__f017760.jpg,rec_20251130_030636.avi,videos,888.00,640,480,0.0841
videos__rec_20251130_030636__f017780.jpg,rec_20251130_030636.avi,videos,889.00,640,480,0.0852
videos__rec_20251130_124123__f000000.jpg,rec_20251130_124123.avi,videos,0.00,640,480,0.0568
videos__rec_20251130_124123__f000020.jpg,rec_20251130_124123.avi,videos,1.00,640,480,0.0571
videos__rec_20251130_124123__f000040.jpg,rec_20251130_124123.avi,videos,2.00,640,480,0.0581
videos__rec_20251130_124123__f000060.jpg,rec_20251130_124123.avi,videos,3.00,640,480,0.0580
videos__rec_20251130_124123__f000080.jpg,rec_20251130_124123.avi,videos,4.00,640,480,0.0589
videos__rec_20251130_124123__f000100.jpg,rec_20251130_124123.avi,videos,5.00,640,480,0.0597
videos__rec_20251130_124123__f000120.jpg,rec_20251130_124123.avi,videos,6.00,640,480,0.0584
videos__rec_20251130_124123__f000140.jpg,rec_20251130_124123.avi,videos,7.00,640,480,0.0590
videos__rec_20251130_124123__f000160.jpg,rec_20251130_124123.avi,videos,8.00,640,480,0.0561
videos__rec_20251130_124123__f000180.jpg,rec_20251130_124123.avi,videos,9.00,640,480,0.0536
videos__rec_20251130_124123__f000200.jpg,rec_20251130_124123.avi,videos,10.00,640,480,0.0544
videos__rec_20251130_124123__f000220.jpg,rec_20251130_124123.avi,videos,11.00,640,480,0.0519
videos__rec_20251130_124123__f000240.jpg,rec_20251130_124123.avi,videos,12.00,640,480,0.0532
videos__rec_20251130_124123__f000260.jpg,rec_20251130_124123.avi,videos,13.00,640,480,0.0418
videos__rec_20251130_124123__f000280.jpg,rec_20251130_124123.avi,videos,14.00,640,480,0.0548
videos__rec_20251130_124123__f000300.jpg,rec_20251130_124123.avi,videos,15.00,640,480,0.0565
videos__rec_20251130_124123__f000320.jpg,rec_20251130_124123.avi,videos,16.00,640,480,0.0559
videos__rec_20251130_124123__f000340.jpg,rec_20251130_124123.avi,videos,17.00,640,480,0.0580
videos__rec_20251130_124123__f000360.jpg,rec_20251130_124123.avi,videos,18.00,640,480,0.0594
videos__rec_20251130_124123__f000380.jpg,rec_20251130_124123.avi,videos,19.00,640,480,0.0620
videos__rec_20251130_124123__f000400.jpg,rec_20251130_124123.avi,videos,20.00,640,480,0.0620
videos__rec_20251130_124123__f000420.jpg,rec_20251130_124123.avi,videos,21.00,640,480,0.0622
videos__rec_20251130_124123__f000440.jpg,rec_20251130_124123.avi,videos,22.00,640,480,0.0610
videos__rec_20251130_124123__f000460.jpg,rec_20251130_124123.avi,videos,23.00,640,480,0.0589
videos__rec_20251130_124123__f000480.jpg,rec_20251130_124123.avi,videos,24.00,640,480,0.0596
videos__rec_20251130_124123__f000500.jpg,rec_20251130_124123.avi,videos,25.00,640,480,0.0597
videos__rec_20251130_124123__f000520.jpg,rec_20251130_124123.avi,videos,26.00,640,480,0.0575
videos__rec_20251130_124123__f000540.jpg,rec_20251130_124123.avi,videos,27.00,640,480,0.0579
videos__rec_20251130_124123__f000560.jpg,rec_20251130_124123.avi,videos,28.00,640,480,0.0546
videos__rec_20251130_124123__f000580.jpg,rec_20251130_124123.avi,videos,29.00,640,480,0.0522
videos__rec_20251130_124123__f000600.jpg,rec_20251130_124123.avi,videos,30.00,640,480,0.0579
videos__rec_20251130_124123__f000620.jpg,rec_20251130_124123.avi,videos,31.00,640,480,0.0575
videos__rec_20251130_124123__f000780.jpg,rec_20251130_124123.avi,videos,39.00,640,480,0.0467
videos__rec_20251130_124123__f000800.jpg,rec_20251130_124123.avi,videos,40.00,640,480,0.0420
videos__rec_20251130_124123__f000820.jpg,rec_20251130_124123.avi,videos,41.00,640,480,0.0455
videos__rec_20251130_124123__f000840.jpg,rec_20251130_124123.avi,videos,42.00,640,480,0.0470
videos__rec_20251130_124123__f000860.jpg,rec_20251130_124123.avi,videos,43.00,640,480,0.0469
videos__rec_20251130_124123__f000880.jpg,rec_20251130_124123.avi,videos,44.00,640,480,0.0381
videos__rec_20251130_124123__f000900.jpg,rec_20251130_124123.avi,videos,45.00,640,480,0.0286
videos__rec_20251130_124123__f000920.jpg,rec_20251130_124123.avi,videos,46.00,640,480,0.0465
videos__rec_20251130_124123__f000940.jpg,rec_20251130_124123.avi,videos,47.00,640,480,0.0452
videos__rec_20251130_124123__f000960.jpg,rec_20251130_124123.avi,videos,48.00,640,480,0.0454
videos__rec_20251130_124123__f000980.jpg,rec_20251130_124123.avi,videos,49.00,640,480,0.0463
videos__rec_20251130_124123__f001000.jpg,rec_20251130_124123.avi,videos,50.00,640,480,0.0474
videos__rec_20251130_124123__f001020.jpg,rec_20251130_124123.avi,videos,51.00,640,480,0.0494
videos__rec_20251130_124123__f001040.jpg,rec_20251130_124123.avi,videos,52.00,640,480,0.0470
videos__rec_20251130_124123__f001060.jpg,rec_20251130_124123.avi,videos,53.00,640,480,0.0488
videos__rec_20251130_124123__f001080.jpg,rec_20251130_124123.avi,videos,54.00,640,480,0.0497
videos__rec_20251130_124123__f001100.jpg,rec_20251130_124123.avi,videos,55.00,640,480,0.0515
videos__rec_20251130_124123__f001120.jpg,rec_20251130_124123.avi,videos,56.00,640,480,0.0515
videos__rec_20251130_124123__f001140.jpg,rec_20251130_124123.avi,videos,57.00,640,480,0.0493
videos__rec_20251130_124123__f001160.jpg,rec_20251130_124123.avi,videos,58.00,640,480,0.0473
videos__rec_20251130_124123__f001180.jpg,rec_20251130_124123.avi,videos,59.00,640,480,0.0457
videos__rec_20251130_124123__f001200.jpg,rec_20251130_124123.avi,videos,60.00,640,480,0.0484
videos__rec_20251130_124123__f001220.jpg,rec_20251130_124123.avi,videos,61.00,640,480,0.0492
videos__rec_20251130_124123__f001240.jpg,rec_20251130_124123.avi,videos,62.00,640,480,0.0506
videos__rec_20251130_124123__f001260.jpg,rec_20251130_124123.avi,videos,63.00,640,480,0.0512
videos__rec_20251130_124123__f001280.jpg,rec_20251130_124123.avi,videos,64.00,640,480,0.0486
videos__rec_20251130_124123__f001300.jpg,rec_20251130_124123.avi,videos,65.00,640,480,0.0481
videos__rec_20251130_124123__f001320.jpg,rec_20251130_124123.avi,videos,66.00,640,480,0.0510
videos__rec_20251130_124123__f001340.jpg,rec_20251130_124123.avi,videos,67.00,640,480,0.0476
videos__rec_20251130_124123__f001360.jpg,rec_20251130_124123.avi,videos,68.00,640,480,0.0509
videos__rec_20251130_124123__f001380.jpg,rec_20251130_124123.avi,videos,69.00,640,480,0.0502
videos__rec_20251130_124123__f001400.jpg,rec_20251130_124123.avi,videos,70.00,640,480,0.0517
videos__rec_20251130_124123__f001420.jpg,rec_20251130_124123.avi,videos,71.00,640,480,0.0505
videos__rec_20251130_124123__f001440.jpg,rec_20251130_124123.avi,videos,72.00,640,480,0.0526
videos__rec_20251130_124123__f001460.jpg,rec_20251130_124123.avi,videos,73.00,640,480,0.0503
videos__rec_20251130_124123__f001480.jpg,rec_20251130_124123.avi,videos,74.00,640,480,0.0485
videos__rec_20251130_124123__f001500.jpg,rec_20251130_124123.avi,videos,75.00,640,480,0.0483
videos__rec_20251130_124123__f001520.jpg,rec_20251130_124123.avi,videos,76.00,640,480,0.0472
videos__rec_20251130_124123__f001540.jpg,rec_20251130_124123.avi,videos,77.00,640,480,0.0445
videos__rec_20251130_124123__f001560.jpg,rec_20251130_124123.avi,videos,78.00,640,480,0.0441
videos__rec_20251130_124123__f001580.jpg,rec_20251130_124123.avi,videos,79.00,640,480,0.0448
videos__rec_20251130_124123__f001600.jpg,rec_20251130_124123.avi,videos,80.00,640,480,0.0448
videos__rec_20251130_124123__f001620.jpg,rec_20251130_124123.avi,videos,81.00,640,480,0.0470
videos__rec_20251130_124123__f001640.jpg,rec_20251130_124123.avi,videos,82.00,640,480,0.0463
videos__rec_20251130_124123__f001660.jpg,rec_20251130_124123.avi,videos,83.00,640,480,0.0481
videos__rec_20251130_124123__f001680.jpg,rec_20251130_124123.avi,videos,84.00,640,480,0.0517
videos__rec_20251130_124123__f001700.jpg,rec_20251130_124123.avi,videos,85.00,640,480,0.0517
videos__rec_20251130_124123__f001720.jpg,rec_20251130_124123.avi,videos,86.00,640,480,0.0537
videos__rec_20251130_124123__f001740.jpg,rec_20251130_124123.avi,videos,87.00,640,480,0.0530
videos__rec_20251130_124123__f001760.jpg,rec_20251130_124123.avi,videos,88.00,640,480,0.0532
videos__rec_20251130_124123__f001780.jpg,rec_20251130_124123.avi,videos,89.00,640,480,0.0519
videos__rec_20251130_124123__f001800.jpg,rec_20251130_124123.avi,videos,90.00,640,480,0.0515
videos__rec_20251130_124123__f001820.jpg,rec_20251130_124123.avi,videos,91.00,640,480,0.0509
videos__rec_20251130_124123__f001840.jpg,rec_20251130_124123.avi,videos,92.00,640,480,0.0486
videos__rec_20251130_124123__f001860.jpg,rec_20251130_124123.avi,videos,93.00,640,480,0.0495
videos__rec_20251130_124123__f001880.jpg,rec_20251130_124123.avi,videos,94.00,640,480,0.0497
videos__rec_20251130_124123__f001900.jpg,rec_20251130_124123.avi,videos,95.00,640,480,0.0510
videos__rec_20251130_124123__f001920.jpg,rec_20251130_124123.avi,videos,96.00,640,480,0.0497
videos__rec_20251130_124123__f001940.jpg,rec_20251130_124123.avi,videos,97.00,640,480,0.0489
videos__rec_20251130_124123__f001960.jpg,rec_20251130_124123.avi,videos,98.00,640,480,0.0491
videos__rec_20251130_124123__f001980.jpg,rec_20251130_124123.avi,videos,99.00,640,480,0.0475
videos__rec_20251130_124123__f002000.jpg,rec_20251130_124123.avi,videos,100.00,640,480,0.0475
videos__rec_20251130_124123__f002020.jpg,rec_20251130_124123.avi,videos,101.00,640,480,0.0510
videos__rec_20251130_124123__f002040.jpg,rec_20251130_124123.avi,videos,102.00,640,480,0.0514
videos__rec_20251130_124123__f002060.jpg,rec_20251130_124123.avi,videos,103.00,640,480,0.0514
videos__rec_20251130_124123__f002080.jpg,rec_20251130_124123.avi,videos,104.00,640,480,0.0506
videos__rec_20251130_124123__f002100.jpg,rec_20251130_124123.avi,videos,105.00,640,480,0.0506
videos__rec_20251130_124123__f002120.jpg,rec_20251130_124123.avi,videos,106.00,640,480,0.0481
videos__rec_20251130_124123__f002140.jpg,rec_20251130_124123.avi,videos,107.00,640,480,0.0456
videos__rec_20251130_124123__f002160.jpg,rec_20251130_124123.avi,videos,108.00,640,480,0.0352
videos__rec_20251130_124123__f002180.jpg,rec_20251130_124123.avi,videos,109.00,640,480,0.0441
videos__rec_20251130_124123__f002200.jpg,rec_20251130_124123.avi,videos,110.00,640,480,0.0398
videos__rec_20251130_124123__f002220.jpg,rec_20251130_124123.avi,videos,111.00,640,480,0.0465
videos__rec_20251130_124123__f002240.jpg,rec_20251130_124123.avi,videos,112.00,640,480,0.0483
videos__rec_20251130_124123__f002260.jpg,rec_20251130_124123.avi,videos,113.00,640,480,0.0485
videos__rec_20251130_124123__f002280.jpg,rec_20251130_124123.avi,videos,114.00,640,480,0.0504
videos__rec_20251130_124123__f002300.jpg,rec_20251130_124123.avi,videos,115.00,640,480,0.0488
videos__rec_20251130_124123__f002320.jpg,rec_20251130_124123.avi,videos,116.00,640,480,0.0466
videos__rec_20251130_124123__f002340.jpg,rec_20251130_124123.avi,videos,117.00,640,480,0.0481
videos__rec_20251130_124123__f002360.jpg,rec_20251130_124123.avi,videos,118.00,640,480,0.0471
videos__rec_20251130_124123__f002380.jpg,rec_20251130_124123.avi,videos,119.00,640,480,0.0440
videos__rec_20251130_124123__f002400.jpg,rec_20251130_124123.avi,videos,120.00,640,480,0.0439
videos__rec_20251130_124123__f002420.jpg,rec_20251130_124123.avi,videos,121.00,640,480,0.0418
videos__rec_20251130_124123__f002440.jpg,rec_20251130_124123.avi,videos,122.00,640,480,0.0392
videos__rec_20251130_124123__f002460.jpg,rec_20251130_124123.avi,videos,123.00,640,480,0.0398
videos__rec_20251130_124123__f002480.jpg,rec_20251130_124123.avi,videos,124.00,640,480,0.0439
videos__rec_20251130_124123__f002500.jpg,rec_20251130_124123.avi,videos,125.00,640,480,0.0441
videos__rec_20251130_124123__f002520.jpg,rec_20251130_124123.avi,videos,126.00,640,480,0.0472
videos__rec_20251130_124123__f002540.jpg,rec_20251130_124123.avi,videos,127.00,640,480,0.0455
videos__rec_20251130_124123__f002560.jpg,rec_20251130_124123.avi,videos,128.00,640,480,0.0475
videos__rec_20251130_124123__f002580.jpg,rec_20251130_124123.avi,videos,129.00,640,480,0.0446
videos__rec_20251130_124123__f002600.jpg,rec_20251130_124123.avi,videos,130.00,640,480,0.0451
videos__rec_20251130_124123__f002620.jpg,rec_20251130_124123.avi,videos,131.00,640,480,0.0402
videos__rec_20251130_124123__f002640.jpg,rec_20251130_124123.avi,videos,132.00,640,480,0.0399
videos__rec_20251130_124123__f002660.jpg,rec_20251130_124123.avi,videos,133.00,640,480,0.0363
videos__rec_20251130_124123__f002680.jpg,rec_20251130_124123.avi,videos,134.00,640,480,0.0391
videos__rec_20251130_124123__f002700.jpg,rec_20251130_124123.avi,videos,135.00,640,480,0.0427
videos__rec_20251130_124123__f002720.jpg,rec_20251130_124123.avi,videos,136.00,640,480,0.0448
videos__rec_20251130_124123__f002740.jpg,rec_20251130_124123.avi,videos,137.00,640,480,0.0524
videos__rec_20251130_124123__f002760.jpg,rec_20251130_124123.avi,videos,138.00,640,480,0.0549
videos__rec_20251130_124123__f002780.jpg,rec_20251130_124123.avi,videos,139.00,640,480,0.0552
videos__rec_20251130_124123__f002800.jpg,rec_20251130_124123.avi,videos,140.00,640,480,0.0518
videos__rec_20251130_124123__f002820.jpg,rec_20251130_124123.avi,videos,141.00,640,480,0.0488
videos__rec_20251130_124123__f002840.jpg,rec_20251130_124123.avi,videos,142.00,640,480,0.0504
videos__rec_20251130_124123__f002860.jpg,rec_20251130_124123.avi,videos,143.00,640,480,0.0469
videos__rec_20251130_124123__f002880.jpg,rec_20251130_124123.avi,videos,144.00,640,480,0.0366
videos__rec_20251130_124123__f002900.jpg,rec_20251130_124123.avi,videos,145.00,640,480,0.0352
videos__rec_20251130_124123__f002920.jpg,rec_20251130_124123.avi,videos,146.00,640,480,0.0364
videos__rec_20251130_124123__f002940.jpg,rec_20251130_124123.avi,videos,147.00,640,480,0.0379
videos__rec_20251130_124123__f002960.jpg,rec_20251130_124123.avi,videos,148.00,640,480,0.0378
videos__rec_20251130_124123__f002980.jpg,rec_20251130_124123.avi,videos,149.00,640,480,0.0410
videos__rec_20251130_124123__f003000.jpg,rec_20251130_124123.avi,videos,150.00,640,480,0.0409
videos__rec_20251130_124123__f003020.jpg,rec_20251130_124123.avi,videos,151.00,640,480,0.0369
videos__rec_20251130_124123__f003040.jpg,rec_20251130_124123.avi,videos,152.00,640,480,0.0340
videos__rec_20251130_124123__f003060.jpg,rec_20251130_124123.avi,videos,153.00,640,480,0.0355
videos__rec_20251130_124123__f003080.jpg,rec_20251130_124123.avi,videos,154.00,640,480,0.0484
videos__rec_20251130_124123__f003100.jpg,rec_20251130_124123.avi,videos,155.00,640,480,0.0519
videos__rec_20251130_124123__f003120.jpg,rec_20251130_124123.avi,videos,156.00,640,480,0.0526
videos__rec_20251130_124123__f003140.jpg,rec_20251130_124123.avi,videos,157.00,640,480,0.0522
videos__rec_20251130_124123__f003160.jpg,rec_20251130_124123.avi,videos,158.00,640,480,0.0523
videos__rec_20251130_124123__f003180.jpg,rec_20251130_124123.avi,videos,159.00,640,480,0.0537
videos__rec_20251130_124123__f003200.jpg,rec_20251130_124123.avi,videos,160.00,640,480,0.0488
videos__rec_20251130_124123__f003220.jpg,rec_20251130_124123.avi,videos,161.00,640,480,0.0489
videos__rec_20251130_124123__f003240.jpg,rec_20251130_124123.avi,videos,162.00,640,480,0.0494
videos__rec_20251130_124123__f003260.jpg,rec_20251130_124123.avi,videos,163.00,640,480,0.0488
videos__rec_20251130_124123__f003280.jpg,rec_20251130_124123.avi,videos,164.00,640,480,0.0510
videos__rec_20251130_124123__f003300.jpg,rec_20251130_124123.avi,videos,165.00,640,480,0.0526
videos__rec_20251130_124123__f003320.jpg,rec_20251130_124123.avi,videos,166.00,640,480,0.0495
videos__rec_20251130_124123__f003340.jpg,rec_20251130_124123.avi,videos,167.00,640,480,0.0543
videos__rec_20251130_124123__f003360.jpg,rec_20251130_124123.avi,videos,168.00,640,480,0.0487
videos__rec_20251130_124123__f003380.jpg,rec_20251130_124123.avi,videos,169.00,640,480,0.0458
videos__rec_20251130_124123__f003400.jpg,rec_20251130_124123.avi,videos,170.00,640,480,0.0510
videos__rec_20251130_124123__f003420.jpg,rec_20251130_124123.avi,videos,171.00,640,480,0.0491
videos__rec_20251130_124123__f003440.jpg,rec_20251130_124123.avi,videos,172.00,640,480,0.0484
videos__rec_20251130_124123__f003460.jpg,rec_20251130_124123.avi,videos,173.00,640,480,0.0502
videos__rec_20251130_124123__f003480.jpg,rec_20251130_124123.avi,videos,174.00,640,480,0.0533
videos__rec_20251130_124123__f003500.jpg,rec_20251130_124123.avi,videos,175.00,640,480,0.0568
videos__rec_20251130_124123__f003520.jpg,rec_20251130_124123.avi,videos,176.00,640,480,0.0584
videos__rec_20251130_124123__f003540.jpg,rec_20251130_124123.avi,videos,177.00,640,480,0.0590
videos__rec_20251130_124123__f003560.jpg,rec_20251130_124123.avi,videos,178.00,640,480,0.0606
videos__rec_20251130_124123__f003580.jpg,rec_20251130_124123.avi,videos,179.00,640,480,0.0603
videos__rec_20251130_124123__f003600.jpg,rec_20251130_124123.avi,videos,180.00,640,480,0.0564
videos__rec_20251130_124123__f003620.jpg,rec_20251130_124123.avi,videos,181.00,640,480,0.0596
videos__rec_20251130_124123__f003640.jpg,rec_20251130_124123.avi,videos,182.00,640,480,0.0626
videos__rec_20251130_124123__f003660.jpg,rec_20251130_124123.avi,videos,183.00,640,480,0.0623
videos__rec_20251130_124123__f003680.jpg,rec_20251130_124123.avi,videos,184.00,640,480,0.0610
videos__rec_20251130_124123__f003700.jpg,rec_20251130_124123.avi,videos,185.00,640,480,0.0553
videos__rec_20251130_124123__f003720.jpg,rec_20251130_124123.avi,videos,186.00,640,480,0.0581
videos__rec_20251130_124123__f003740.jpg,rec_20251130_124123.avi,videos,187.00,640,480,0.0594
videos__rec_20251130_124123__f003760.jpg,rec_20251130_124123.avi,videos,188.00,640,480,0.0625
videos__rec_20251130_124123__f003780.jpg,rec_20251130_124123.avi,videos,189.00,640,480,0.0636
videos__rec_20251130_124123__f003800.jpg,rec_20251130_124123.avi,videos,190.00,640,480,0.0626
videos__rec_20251130_124123__f003820.jpg,rec_20251130_124123.avi,videos,191.00,640,480,0.0613
videos__rec_20251130_124123__f003840.jpg,rec_20251130_124123.avi,videos,192.00,640,480,0.0608
videos__rec_20251130_124123__f003860.jpg,rec_20251130_124123.avi,videos,193.00,640,480,0.0621
videos__rec_20251130_124123__f003880.jpg,rec_20251130_124123.avi,videos,194.00,640,480,0.0671
videos__rec_20251130_124123__f003900.jpg,rec_20251130_124123.avi,videos,195.00,640,480,0.0609
videos__rec_20251130_124123__f003920.jpg,rec_20251130_124123.avi,videos,196.00,640,480,0.0573
videos__rec_20251130_124123__f003940.jpg,rec_20251130_124123.avi,videos,197.00,640,480,0.0579
videos__rec_20251130_124123__f003960.jpg,rec_20251130_124123.avi,videos,198.00,640,480,0.0595
videos__rec_20251130_124123__f003980.jpg,rec_20251130_124123.avi,videos,199.00,640,480,0.0637
videos__rec_20251130_124123__f004000.jpg,rec_20251130_124123.avi,videos,200.00,640,480,0.0669
videos__rec_20251130_124123__f004020.jpg,rec_20251130_124123.avi,videos,201.00,640,480,0.0717
videos__rec_20251130_124123__f004040.jpg,rec_20251130_124123.avi,videos,202.00,640,480,0.0732
videos__rec_20251130_124123__f004060.jpg,rec_20251130_124123.avi,videos,203.00,640,480,0.0745
videos__rec_20251130_124123__f004080.jpg,rec_20251130_124123.avi,videos,204.00,640,480,0.0769
videos__rec_20251130_124123__f004100.jpg,rec_20251130_124123.avi,videos,205.00,640,480,0.0785
videos__rec_20251130_124123__f004120.jpg,rec_20251130_124123.avi,videos,206.00,640,480,0.0788
videos__rec_20251130_124123__f004140.jpg,rec_20251130_124123.avi,videos,207.00,640,480,0.0820
videos__rec_20251130_124123__f004160.jpg,rec_20251130_124123.avi,videos,208.00,640,480,0.0772
videos__rec_20251130_124123__f004180.jpg,rec_20251130_124123.avi,videos,209.00,640,480,0.0767
videos__rec_20251130_124123__f004200.jpg,rec_20251130_124123.avi,videos,210.00,640,480,0.0818
videos__rec_20251130_124123__f004220.jpg,rec_20251130_124123.avi,videos,211.00,640,480,0.0867
videos__rec_20251130_124123__f004240.jpg,rec_20251130_124123.avi,videos,212.00,640,480,0.0849
videos__rec_20251130_124123__f004260.jpg,rec_20251130_124123.avi,videos,213.00,640,480,0.0869
videos__rec_20251130_124123__f004280.jpg,rec_20251130_124123.avi,videos,214.00,640,480,0.0843
videos__rec_20251130_124123__f004300.jpg,rec_20251130_124123.avi,videos,215.00,640,480,0.0875
videos__rec_20251130_124123__f004320.jpg,rec_20251130_124123.avi,videos,216.00,640,480,0.0854
videos__rec_20251130_124123__f004340.jpg,rec_20251130_124123.avi,videos,217.00,640,480,0.0886
videos__rec_20251130_124123__f004360.jpg,rec_20251130_124123.avi,videos,218.00,640,480,0.0919
videos__rec_20251130_124123__f004380.jpg,rec_20251130_124123.avi,videos,219.00,640,480,0.0975
videos__rec_20251130_124123__f004400.jpg,rec_20251130_124123.avi,videos,220.00,640,480,0.0986
videos__rec_20251130_124123__f004420.jpg,rec_20251130_124123.avi,videos,221.00,640,480,0.0969
videos__rec_20251130_124123__f004440.jpg,rec_20251130_124123.avi,videos,222.00,640,480,0.0969
videos__rec_20251130_124123__f004460.jpg,rec_20251130_124123.avi,videos,223.00,640,480,0.0951
videos__rec_20251130_124123__f004480.jpg,rec_20251130_124123.avi,videos,224.00,640,480,0.0913
videos__rec_20251130_124123__f004500.jpg,rec_20251130_124123.avi,videos,225.00,640,480,0.0916
videos__rec_20251130_124123__f004520.jpg,rec_20251130_124123.avi,videos,226.00,640,480,0.0931
videos__rec_20251130_124123__f004540.jpg,rec_20251130_124123.avi,videos,227.00,640,480,0.0915
videos__rec_20251130_124123__f004560.jpg,rec_20251130_124123.avi,videos,228.00,640,480,0.0948
videos__rec_20251130_124123__f004580.jpg,rec_20251130_124123.avi,videos,229.00,640,480,0.0932
videos__rec_20251130_124123__f004600.jpg,rec_20251130_124123.avi,videos,230.00,640,480,0.0913
videos__rec_20251130_124123__f004620.jpg,rec_20251130_124123.avi,videos,231.00,640,480,0.0886
videos__rec_20251130_124123__f004640.jpg,rec_20251130_124123.avi,videos,232.00,640,480,0.0868
videos__rec_20251130_124123__f004660.jpg,rec_20251130_124123.avi,videos,233.00,640,480,0.0879
videos__rec_20251130_124123__f004680.jpg,rec_20251130_124123.avi,videos,234.00,640,480,0.0917
videos__rec_20251130_124123__f004700.jpg,rec_20251130_124123.avi,videos,235.00,640,480,0.0901
videos__rec_20251130_124123__f004720.jpg,rec_20251130_124123.avi,videos,236.00,640,480,0.0958
videos__rec_20251130_124123__f004740.jpg,rec_20251130_124123.avi,videos,237.00,640,480,0.0913
videos__rec_20251130_124123__f004760.jpg,rec_20251130_124123.avi,videos,238.00,640,480,0.0915
videos__rec_20251130_124123__f004780.jpg,rec_20251130_124123.avi,videos,239.00,640,480,0.0906
videos__rec_20251130_124123__f004800.jpg,rec_20251130_124123.avi,videos,240.00,640,480,0.0917
videos__rec_20251130_124123__f004820.jpg,rec_20251130_124123.avi,videos,241.00,640,480,0.0918
videos__rec_20251130_124123__f004840.jpg,rec_20251130_124123.avi,videos,242.00,640,480,0.0932
videos__rec_20251130_124123__f004860.jpg,rec_20251130_124123.avi,videos,243.00,640,480,0.0913
videos__rec_20251130_124123__f004880.jpg,rec_20251130_124123.avi,videos,244.00,640,480,0.0848
videos__rec_20251130_124123__f004900.jpg,rec_20251130_124123.avi,videos,245.00,640,480,0.0902
videos__rec_20251130_124123__f004920.jpg,rec_20251130_124123.avi,videos,246.00,640,480,0.0925
videos__rec_20251130_124123__f004940.jpg,rec_20251130_124123.avi,videos,247.00,640,480,0.0919
videos__rec_20251130_124123__f004960.jpg,rec_20251130_124123.avi,videos,248.00,640,480,0.0953
videos__rec_20251130_124123__f006020.jpg,rec_20251130_124123.avi,videos,301.00,640,480,0.0476
videos__rec_20251130_124123__f006040.jpg,rec_20251130_124123.avi,videos,302.00,640,480,0.0513
videos__rec_20251130_124123__f006060.jpg,rec_20251130_124123.avi,videos,303.00,640,480,0.0577
videos__rec_20251130_124123__f006080.jpg,rec_20251130_124123.avi,videos,304.00,640,480,0.0605
videos__rec_20251130_124123__f006100.jpg,rec_20251130_124123.avi,videos,305.00,640,480,0.0607
videos__rec_20251130_124123__f006120.jpg,rec_20251130_124123.avi,videos,306.00,640,480,0.0640
videos__rec_20251130_124123__f006140.jpg,rec_20251130_124123.avi,videos,307.00,640,480,0.0655
videos__rec_20251130_124123__f006160.jpg,rec_20251130_124123.avi,videos,308.00,640,480,0.0663
videos__rec_20251130_124123__f006180.jpg,rec_20251130_124123.avi,videos,309.00,640,480,0.0642
videos__rec_20251130_124123__f006200.jpg,rec_20251130_124123.avi,videos,310.00,640,480,0.0632
videos__rec_20251130_124123__f006220.jpg,rec_20251130_124123.avi,videos,311.00,640,480,0.0645
videos__rec_20251130_124123__f006240.jpg,rec_20251130_124123.avi,videos,312.00,640,480,0.0644
videos__rec_20251130_124123__f006260.jpg,rec_20251130_124123.avi,videos,313.00,640,480,0.0648
videos__rec_20251130_124123__f006280.jpg,rec_20251130_124123.avi,videos,314.00,640,480,0.0660
videos__rec_20251130_124123__f006300.jpg,rec_20251130_124123.avi,videos,315.00,640,480,0.0692
videos__rec_20251130_124123__f006320.jpg,rec_20251130_124123.avi,videos,316.00,640,480,0.0655
videos__rec_20251130_124123__f006340.jpg,rec_20251130_124123.avi,videos,317.00,640,480,0.0652
videos__rec_20251130_124123__f006360.jpg,rec_20251130_124123.avi,videos,318.00,640,480,0.0638
videos__rec_20251130_124123__f006380.jpg,rec_20251130_124123.avi,videos,319.00,640,480,0.0599
videos__rec_20251130_124123__f006400.jpg,rec_20251130_124123.avi,videos,320.00,640,480,0.0610
videos__rec_20251130_124123__f006420.jpg,rec_20251130_124123.avi,videos,321.00,640,480,0.0621
videos__rec_20251130_124123__f006440.jpg,rec_20251130_124123.avi,videos,322.00,640,480,0.0615
videos__rec_20251130_124123__f006460.jpg,rec_20251130_124123.avi,videos,323.00,640,480,0.0628
videos__rec_20251130_124123__f006480.jpg,rec_20251130_124123.avi,videos,324.00,640,480,0.0627
videos__rec_20251130_124123__f006500.jpg,rec_20251130_124123.avi,videos,325.00,640,480,0.0622
videos__rec_20251130_124123__f006520.jpg,rec_20251130_124123.avi,videos,326.00,640,480,0.0586
videos__rec_20251130_124123__f006540.jpg,rec_20251130_124123.avi,videos,327.00,640,480,0.0580
videos__rec_20251130_124123__f006560.jpg,rec_20251130_124123.avi,videos,328.00,640,480,0.0560
videos__rec_20251130_124123__f006580.jpg,rec_20251130_124123.avi,videos,329.00,640,480,0.0585
videos__rec_20251130_124123__f006600.jpg,rec_20251130_124123.avi,videos,330.00,640,480,0.0598
videos__rec_20251130_124123__f006620.jpg,rec_20251130_124123.avi,videos,331.00,640,480,0.0548
videos__rec_20251130_124123__f006640.jpg,rec_20251130_124123.avi,videos,332.00,640,480,0.0514
videos__rec_20251130_124123__f006660.jpg,rec_20251130_124123.avi,videos,333.00,640,480,0.0514
videos__rec_20251130_124123__f006680.jpg,rec_20251130_124123.avi,videos,334.00,640,480,0.0488
videos__rec_20251130_124123__f006700.jpg,rec_20251130_124123.avi,videos,335.00,640,480,0.0513
videos__rec_20251130_124123__f006720.jpg,rec_20251130_124123.avi,videos,336.00,640,480,0.0542
videos__rec_20251130_124123__f006740.jpg,rec_20251130_124123.avi,videos,337.00,640,480,0.0526
videos__rec_20251130_124123__f006760.jpg,rec_20251130_124123.avi,videos,338.00,640,480,0.0536
videos__rec_20251130_124123__f006780.jpg,rec_20251130_124123.avi,videos,339.00,640,480,0.0535
videos__rec_20251130_124123__f006800.jpg,rec_20251130_124123.avi,videos,340.00,640,480,0.0494
videos__rec_20251130_124123__f006820.jpg,rec_20251130_124123.avi,videos,341.00,640,480,0.0497
videos__rec_20251130_124123__f006840.jpg,rec_20251130_124123.avi,videos,342.00,640,480,0.0524
videos__rec_20251130_124123__f006860.jpg,rec_20251130_124123.avi,videos,343.00,640,480,0.0532
videos__rec_20251130_124123__f006880.jpg,rec_20251130_124123.avi,videos,344.00,640,480,0.0538
videos__rec_20251130_124123__f006900.jpg,rec_20251130_124123.avi,videos,345.00,640,480,0.0552
videos__rec_20251130_124123__f006920.jpg,rec_20251130_124123.avi,videos,346.00,640,480,0.0552
videos__rec_20251130_124123__f006940.jpg,rec_20251130_124123.avi,videos,347.00,640,480,0.0542
videos__rec_20251130_124123__f006960.jpg,rec_20251130_124123.avi,videos,348.00,640,480,0.0563
videos__rec_20251130_124123__f006980.jpg,rec_20251130_124123.avi,videos,349.00,640,480,0.0567
videos__rec_20251130_124123__f007000.jpg,rec_20251130_124123.avi,videos,350.00,640,480,0.0585
videos__rec_20251130_124123__f007020.jpg,rec_20251130_124123.avi,videos,351.00,640,480,0.0606
videos__rec_20251130_124123__f007040.jpg,rec_20251130_124123.avi,videos,352.00,640,480,0.0600
videos__rec_20251130_124123__f007060.jpg,rec_20251130_124123.avi,videos,353.00,640,480,0.0602
videos__rec_20251130_124123__f007080.jpg,rec_20251130_124123.avi,videos,354.00,640,480,0.0612
videos__rec_20251130_124123__f007100.jpg,rec_20251130_124123.avi,videos,355.00,640,480,0.0587
videos__rec_20251130_124123__f007120.jpg,rec_20251130_124123.avi,videos,356.00,640,480,0.0580
videos__rec_20251130_124123__f007140.jpg,rec_20251130_124123.avi,videos,357.00,640,480,0.0587
videos__rec_20251130_124123__f007160.jpg,rec_20251130_124123.avi,videos,358.00,640,480,0.0581
videos__rec_20251130_124123__f007180.jpg,rec_20251130_124123.avi,videos,359.00,640,480,0.0524
videos__rec_20251130_124123__f007200.jpg,rec_20251130_124123.avi,videos,360.00,640,480,0.0533
videos__rec_20251130_124123__f007220.jpg,rec_20251130_124123.avi,videos,361.00,640,480,0.0451
videos__rec_20251130_124123__f007240.jpg,rec_20251130_124123.avi,videos,362.00,640,480,0.0442
videos__rec_20251130_124123__f007260.jpg,rec_20251130_124123.avi,videos,363.00,640,480,0.0431
videos__rec_20251130_124123__f007280.jpg,rec_20251130_124123.avi,videos,364.00,640,480,0.0409
videos__rec_20251130_124123__f007300.jpg,rec_20251130_124123.avi,videos,365.00,640,480,0.0415
videos__rec_20251130_124123__f007320.jpg,rec_20251130_124123.avi,videos,366.00,640,480,0.0419
videos__rec_20251130_124123__f007340.jpg,rec_20251130_124123.avi,videos,367.00,640,480,0.0412
videos__rec_20251130_124123__f007360.jpg,rec_20251130_124123.avi,videos,368.00,640,480,0.0389
videos__rec_20251130_124123__f007380.jpg,rec_20251130_124123.avi,videos,369.00,640,480,0.0406
videos__rec_20251130_124123__f007400.jpg,rec_20251130_124123.avi,videos,370.00,640,480,0.0389
videos__rec_20251130_124123__f007420.jpg,rec_20251130_124123.avi,videos,371.00,640,480,0.0371
videos__rec_20251130_124123__f007440.jpg,rec_20251130_124123.avi,videos,372.00,640,480,0.0397
videos__rec_20251130_124123__f007460.jpg,rec_20251130_124123.avi,videos,373.00,640,480,0.0417
videos__rec_20251130_124123__f007480.jpg,rec_20251130_124123.avi,videos,374.00,640,480,0.0435
videos__rec_20251130_124123__f007500.jpg,rec_20251130_124123.avi,videos,375.00,640,480,0.0448
videos__rec_20251130_124123__f007520.jpg,rec_20251130_124123.avi,videos,376.00,640,480,0.0472
videos__rec_20251130_124123__f007540.jpg,rec_20251130_124123.avi,videos,377.00,640,480,0.0473
videos__rec_20251130_124123__f007560.jpg,rec_20251130_124123.avi,videos,378.00,640,480,0.0481
videos__rec_20251130_124123__f007580.jpg,rec_20251130_124123.avi,videos,379.00,640,480,0.0516
videos__rec_20251130_124123__f007600.jpg,rec_20251130_124123.avi,videos,380.00,640,480,0.0528
videos__rec_20251130_124123__f007620.jpg,rec_20251130_124123.avi,videos,381.00,640,480,0.0579
videos__rec_20251130_124123__f007640.jpg,rec_20251130_124123.avi,videos,382.00,640,480,0.0574
videos__rec_20251130_124123__f007660.jpg,rec_20251130_124123.avi,videos,383.00,640,480,0.0595
videos__rec_20251130_124123__f007680.jpg,rec_20251130_124123.avi,videos,384.00,640,480,0.0608
videos__rec_20251130_124123__f007700.jpg,rec_20251130_124123.avi,videos,385.00,640,480,0.0574
videos__rec_20251130_124123__f007720.jpg,rec_20251130_124123.avi,videos,386.00,640,480,0.0567
videos__rec_20251130_124123__f007740.jpg,rec_20251130_124123.avi,videos,387.00,640,480,0.0575
videos__rec_20251130_124123__f007760.jpg,rec_20251130_124123.avi,videos,388.00,640,480,0.0540
videos__rec_20251130_124123__f007780.jpg,rec_20251130_124123.avi,videos,389.00,640,480,0.0559
videos__rec_20251130_124123__f007800.jpg,rec_20251130_124123.avi,videos,390.00,640,480,0.0584
videos__rec_20251130_124123__f007820.jpg,rec_20251130_124123.avi,videos,391.00,640,480,0.0552
videos__rec_20251130_124123__f007840.jpg,rec_20251130_124123.avi,videos,392.00,640,480,0.0579
videos__rec_20251130_124123__f007860.jpg,rec_20251130_124123.avi,videos,393.00,640,480,0.0585
videos__rec_20251130_124123__f007880.jpg,rec_20251130_124123.avi,videos,394.00,640,480,0.0575
videos__rec_20251130_124123__f007900.jpg,rec_20251130_124123.avi,videos,395.00,640,480,0.0594
videos__rec_20251130_124123__f007920.jpg,rec_20251130_124123.avi,videos,396.00,640,480,0.0602
videos__rec_20251130_124123__f007940.jpg,rec_20251130_124123.avi,videos,397.00,640,480,0.0599
videos__rec_20251130_124123__f007960.jpg,rec_20251130_124123.avi,videos,398.00,640,480,0.0589
videos__rec_20251130_124123__f007980.jpg,rec_20251130_124123.avi,videos,399.00,640,480,0.0548
videos__rec_20251130_124123__f008000.jpg,rec_20251130_124123.avi,videos,400.00,640,480,0.0514
videos__rec_20251130_124123__f008020.jpg,rec_20251130_124123.avi,videos,401.00,640,480,0.0505
videos__rec_20251130_124123__f008040.jpg,rec_20251130_124123.avi,videos,402.00,640,480,0.0535
videos__rec_20251130_124123__f008060.jpg,rec_20251130_124123.avi,videos,403.00,640,480,0.0536
videos__rec_20251130_124123__f008080.jpg,rec_20251130_124123.avi,videos,404.00,640,480,0.0560
videos__rec_20251130_124123__f008100.jpg,rec_20251130_124123.avi,videos,405.00,640,480,0.0600
videos__rec_20251130_124123__f008120.jpg,rec_20251130_124123.avi,videos,406.00,640,480,0.0591
videos__rec_20251130_124123__f008140.jpg,rec_20251130_124123.avi,videos,407.00,640,480,0.0564
videos__rec_20251130_124123__f008160.jpg,rec_20251130_124123.avi,videos,408.00,640,480,0.0559
videos__rec_20251130_124123__f008180.jpg,rec_20251130_124123.avi,videos,409.00,640,480,0.0562
videos__rec_20251130_124123__f008200.jpg,rec_20251130_124123.avi,videos,410.00,640,480,0.0532
videos__rec_20251130_124123__f008220.jpg,rec_20251130_124123.avi,videos,411.00,640,480,0.0562
videos__rec_20251130_124123__f008240.jpg,rec_20251130_124123.avi,videos,412.00,640,480,0.0569
videos__rec_20251130_124123__f008260.jpg,rec_20251130_124123.avi,videos,413.00,640,480,0.0580
videos__rec_20251130_124123__f008280.jpg,rec_20251130_124123.avi,videos,414.00,640,480,0.0603
videos__rec_20251130_124123__f008300.jpg,rec_20251130_124123.avi,videos,415.00,640,480,0.0601
videos__rec_20251130_124123__f008320.jpg,rec_20251130_124123.avi,videos,416.00,640,480,0.0627
videos__rec_20251130_124123__f008340.jpg,rec_20251130_124123.avi,videos,417.00,640,480,0.0649
videos__rec_20251130_124123__f008360.jpg,rec_20251130_124123.avi,videos,418.00,640,480,0.0626
videos__rec_20251130_124123__f008380.jpg,rec_20251130_124123.avi,videos,419.00,640,480,0.0618
videos__rec_20251130_124123__f008400.jpg,rec_20251130_124123.avi,videos,420.00,640,480,0.0650
videos__rec_20251130_124123__f008420.jpg,rec_20251130_124123.avi,videos,421.00,640,480,0.0731
videos__rec_20251130_124123__f008440.jpg,rec_20251130_124123.avi,videos,422.00,640,480,0.0739
videos__rec_20251130_124123__f008460.jpg,rec_20251130_124123.avi,videos,423.00,640,480,0.0816
videos__rec_20251130_124123__f008480.jpg,rec_20251130_124123.avi,videos,424.00,640,480,0.0798
videos__rec_20251130_124123__f008500.jpg,rec_20251130_124123.avi,videos,425.00,640,480,0.0782
videos__rec_20251130_124123__f008520.jpg,rec_20251130_124123.avi,videos,426.00,640,480,0.0843
videos__rec_20251130_124123__f008540.jpg,rec_20251130_124123.avi,videos,427.00,640,480,0.0811
videos__rec_20251130_124123__f008560.jpg,rec_20251130_124123.avi,videos,428.00,640,480,0.0797
videos__rec_20251130_124123__f008580.jpg,rec_20251130_124123.avi,videos,429.00,640,480,0.0821
videos__rec_20251130_124123__f008600.jpg,rec_20251130_124123.avi,videos,430.00,640,480,0.0789
videos__rec_20251130_124123__f008620.jpg,rec_20251130_124123.avi,videos,431.00,640,480,0.0767
videos__rec_20251130_124123__f008640.jpg,rec_20251130_124123.avi,videos,432.00,640,480,0.0777
videos__rec_20251130_124123__f008660.jpg,rec_20251130_124123.avi,videos,433.00,640,480,0.0755
videos__rec_20251130_124123__f008680.jpg,rec_20251130_124123.avi,videos,434.00,640,480,0.0749
videos__rec_20251130_124123__f008700.jpg,rec_20251130_124123.avi,videos,435.00,640,480,0.0740
videos__rec_20251130_124123__f008720.jpg,rec_20251130_124123.avi,videos,436.00,640,480,0.0704
videos__rec_20251130_124123__f008740.jpg,rec_20251130_124123.avi,videos,437.00,640,480,0.0680
videos__rec_20251130_124123__f008760.jpg,rec_20251130_124123.avi,videos,438.00,640,480,0.0710
videos__rec_20251130_124123__f008780.jpg,rec_20251130_124123.avi,videos,439.00,640,480,0.0660
videos__rec_20251130_124123__f008800.jpg,rec_20251130_124123.avi,videos,440.00,640,480,0.0694
videos__rec_20251130_124123__f008820.jpg,rec_20251130_124123.avi,videos,441.00,640,480,0.0682
videos__rec_20251130_124123__f008840.jpg,rec_20251130_124123.avi,videos,442.00,640,480,0.0684
videos__rec_20251130_124123__f008860.jpg,rec_20251130_124123.avi,videos,443.00,640,480,0.0716
videos__rec_20251130_124123__f008880.jpg,rec_20251130_124123.avi,videos,444.00,640,480,0.0757
videos__rec_20251130_124123__f008900.jpg,rec_20251130_124123.avi,videos,445.00,640,480,0.0739
videos__rec_20251130_124123__f008920.jpg,rec_20251130_124123.avi,videos,446.00,640,480,0.0595
videos__rec_20251130_124123__f008940.jpg,rec_20251130_124123.avi,videos,447.00,640,480,0.0611
videos__rec_20251130_124123__f008960.jpg,rec_20251130_124123.avi,videos,448.00,640,480,0.0580
videos__rec_20251130_124123__f008980.jpg,rec_20251130_124123.avi,videos,449.00,640,480,0.0566
videos__rec_20251130_124123__f009000.jpg,rec_20251130_124123.avi,videos,450.00,640,480,0.0568
videos__rec_20251130_124123__f009020.jpg,rec_20251130_124123.avi,videos,451.00,640,480,0.0597
videos__rec_20251130_124123__f009040.jpg,rec_20251130_124123.avi,videos,452.00,640,480,0.0583
videos__rec_20251130_124123__f009060.jpg,rec_20251130_124123.avi,videos,453.00,640,480,0.0580
videos__rec_20251130_124123__f009080.jpg,rec_20251130_124123.avi,videos,454.00,640,480,0.0556
videos__rec_20251130_124123__f009100.jpg,rec_20251130_124123.avi,videos,455.00,640,480,0.0588
videos__rec_20251130_124123__f009120.jpg,rec_20251130_124123.avi,videos,456.00,640,480,0.0606
videos__rec_20251130_124123__f009140.jpg,rec_20251130_124123.avi,videos,457.00,640,480,0.0559
videos__rec_20251130_124123__f009160.jpg,rec_20251130_124123.avi,videos,458.00,640,480,0.0558
videos__rec_20251130_124123__f009180.jpg,rec_20251130_124123.avi,videos,459.00,640,480,0.0524
videos__rec_20251130_124123__f009200.jpg,rec_20251130_124123.avi,videos,460.00,640,480,0.0513
videos__rec_20251130_124123__f009220.jpg,rec_20251130_124123.avi,videos,461.00,640,480,0.0511
videos__rec_20251130_124123__f009240.jpg,rec_20251130_124123.avi,videos,462.00,640,480,0.0519
videos__rec_20251130_124123__f009260.jpg,rec_20251130_124123.avi,videos,463.00,640,480,0.0541
videos__rec_20251130_124123__f009280.jpg,rec_20251130_124123.avi,videos,464.00,640,480,0.0517
videos__rec_20251130_124123__f009300.jpg,rec_20251130_124123.avi,videos,465.00,640,480,0.0504
videos__rec_20251130_124123__f009320.jpg,rec_20251130_124123.avi,videos,466.00,640,480,0.0513
videos__rec_20251130_124123__f009340.jpg,rec_20251130_124123.avi,videos,467.00,640,480,0.0485
videos__rec_20251130_124123__f009360.jpg,rec_20251130_124123.avi,videos,468.00,640,480,0.0514
videos__rec_20251130_124123__f009380.jpg,rec_20251130_124123.avi,videos,469.00,640,480,0.0509
videos__rec_20251130_124123__f009400.jpg,rec_20251130_124123.avi,videos,470.00,640,480,0.0537
videos__rec_20251130_124123__f009420.jpg,rec_20251130_124123.avi,videos,471.00,640,480,0.0533
videos__rec_20251130_124123__f009440.jpg,rec_20251130_124123.avi,videos,472.00,640,480,0.0537
videos__rec_20251130_124123__f009460.jpg,rec_20251130_124123.avi,videos,473.00,640,480,0.0538
videos__rec_20251130_124123__f009480.jpg,rec_20251130_124123.avi,videos,474.00,640,480,0.0545
videos__rec_20251130_124123__f009500.jpg,rec_20251130_124123.avi,videos,475.00,640,480,0.0501
videos__rec_20251130_124123__f009520.jpg,rec_20251130_124123.avi,videos,476.00,640,480,0.0500
videos__rec_20251130_124123__f009540.jpg,rec_20251130_124123.avi,videos,477.00,640,480,0.0527
videos__rec_20251130_124123__f009560.jpg,rec_20251130_124123.avi,videos,478.00,640,480,0.0549
videos__rec_20251130_124123__f009580.jpg,rec_20251130_124123.avi,videos,479.00,640,480,0.0570
videos__rec_20251130_124123__f009600.jpg,rec_20251130_124123.avi,videos,480.00,640,480,0.0585
videos__rec_20251130_124123__f009620.jpg,rec_20251130_124123.avi,videos,481.00,640,480,0.0596
videos__rec_20251130_124123__f009640.jpg,rec_20251130_124123.avi,videos,482.00,640,480,0.0618
videos__rec_20251130_124123__f009660.jpg,rec_20251130_124123.avi,videos,483.00,640,480,0.0663
videos__rec_20251130_124123__f009680.jpg,rec_20251130_124123.avi,videos,484.00,640,480,0.0698
videos__rec_20251130_124123__f009700.jpg,rec_20251130_124123.avi,videos,485.00,640,480,0.0698
videos__rec_20251130_124123__f009720.jpg,rec_20251130_124123.avi,videos,486.00,640,480,0.0685
videos__rec_20251130_124123__f009740.jpg,rec_20251130_124123.avi,videos,487.00,640,480,0.0674
videos__rec_20251130_124123__f009760.jpg,rec_20251130_124123.avi,videos,488.00,640,480,0.0628
videos__rec_20251130_124123__f009780.jpg,rec_20251130_124123.avi,videos,489.00,640,480,0.0627
videos__rec_20251130_124123__f010680.jpg,rec_20251130_124123.avi,videos,534.00,640,480,0.0662
videos__rec_20251130_124123__f010700.jpg,rec_20251130_124123.avi,videos,535.00,640,480,0.0526
videos__rec_20251130_124123__f010720.jpg,rec_20251130_124123.avi,videos,536.00,640,480,0.0548
videos__rec_20251130_124123__f010740.jpg,rec_20251130_124123.avi,videos,537.00,640,480,0.0563
videos__rec_20251130_124123__f010760.jpg,rec_20251130_124123.avi,videos,538.00,640,480,0.0543
videos__rec_20251130_124123__f010780.jpg,rec_20251130_124123.avi,videos,539.00,640,480,0.0541
videos__rec_20251130_124123__f010800.jpg,rec_20251130_124123.avi,videos,540.00,640,480,0.0542
videos__rec_20251130_124123__f010820.jpg,rec_20251130_124123.avi,videos,541.00,640,480,0.0578
videos__rec_20251130_124123__f010840.jpg,rec_20251130_124123.avi,videos,542.00,640,480,0.0593
videos__rec_20251130_124123__f010860.jpg,rec_20251130_124123.avi,videos,543.00,640,480,0.0648
videos__rec_20251130_124123__f010880.jpg,rec_20251130_124123.avi,videos,544.00,640,480,0.0644
videos__rec_20251130_124123__f010900.jpg,rec_20251130_124123.avi,videos,545.00,640,480,0.0647
videos__rec_20251130_124123__f010920.jpg,rec_20251130_124123.avi,videos,546.00,640,480,0.0653
videos__rec_20251130_124123__f010940.jpg,rec_20251130_124123.avi,videos,547.00,640,480,0.0659
videos__rec_20251130_124123__f010960.jpg,rec_20251130_124123.avi,videos,548.00,640,480,0.0653
videos__rec_20251130_124123__f010980.jpg,rec_20251130_124123.avi,videos,549.00,640,480,0.0649
videos__rec_20251130_124123__f011000.jpg,rec_20251130_124123.avi,videos,550.00,640,480,0.0650
videos__rec_20251130_124123__f011020.jpg,rec_20251130_124123.avi,videos,551.00,640,480,0.0676
videos__rec_20251130_124123__f011040.jpg,rec_20251130_124123.avi,videos,552.00,640,480,0.0656
videos__rec_20251130_124123__f011060.jpg,rec_20251130_124123.avi,videos,553.00,640,480,0.0653
videos__rec_20251130_124123__f011080.jpg,rec_20251130_124123.avi,videos,554.00,640,480,0.0633
videos__rec_20251130_124123__f011100.jpg,rec_20251130_124123.avi,videos,555.00,640,480,0.0639
videos__rec_20251130_124123__f011120.jpg,rec_20251130_124123.avi,videos,556.00,640,480,0.0642
videos__rec_20251130_124123__f011140.jpg,rec_20251130_124123.avi,videos,557.00,640,480,0.0633
videos__rec_20251130_124123__f011160.jpg,rec_20251130_124123.avi,videos,558.00,640,480,0.0633
videos__rec_20251130_124123__f011180.jpg,rec_20251130_124123.avi,videos,559.00,640,480,0.0631
videos__rec_20251130_124123__f011200.jpg,rec_20251130_124123.avi,videos,560.00,640,480,0.0630
videos__rec_20251130_124123__f011220.jpg,rec_20251130_124123.avi,videos,561.00,640,480,0.0665
videos__rec_20251130_124123__f011240.jpg,rec_20251130_124123.avi,videos,562.00,640,480,0.0664
videos__rec_20251130_124123__f011260.jpg,rec_20251130_124123.avi,videos,563.00,640,480,0.0666
videos__rec_20251130_124123__f011280.jpg,rec_20251130_124123.avi,videos,564.00,640,480,0.0655
videos__rec_20251130_124123__f011300.jpg,rec_20251130_124123.avi,videos,565.00,640,480,0.0661
videos__rec_20251130_124123__f011320.jpg,rec_20251130_124123.avi,videos,566.00,640,480,0.0651
videos__rec_20251130_124123__f011340.jpg,rec_20251130_124123.avi,videos,567.00,640,480,0.0712
videos__rec_20251130_124123__f011360.jpg,rec_20251130_124123.avi,videos,568.00,640,480,0.0718
videos__rec_20251130_124123__f011380.jpg,rec_20251130_124123.avi,videos,569.00,640,480,0.0730
videos__rec_20251130_124123__f011400.jpg,rec_20251130_124123.avi,videos,570.00,640,480,0.0726
videos__rec_20251130_124123__f011420.jpg,rec_20251130_124123.avi,videos,571.00,640,480,0.0733
videos__rec_20251130_124123__f011440.jpg,rec_20251130_124123.avi,videos,572.00,640,480,0.0733
videos__rec_20251130_124123__f011460.jpg,rec_20251130_124123.avi,videos,573.00,640,480,0.0734
videos__rec_20251130_124123__f011480.jpg,rec_20251130_124123.avi,videos,574.00,640,480,0.0733
videos__rec_20251130_124123__f011500.jpg,rec_20251130_124123.avi,videos,575.00,640,480,0.0738
videos__rec_20251130_124123__f011520.jpg,rec_20251130_124123.avi,videos,576.00,640,480,0.0730
videos__rec_20251130_124123__f011540.jpg,rec_20251130_124123.avi,videos,577.00,640,480,0.0736
videos__rec_20251130_124123__f011560.jpg,rec_20251130_124123.avi,videos,578.00,640,480,0.0735
videos__rec_20251130_124123__f011580.jpg,rec_20251130_124123.avi,videos,579.00,640,480,0.0733
videos__rec_20251130_124123__f011600.jpg,rec_20251130_124123.avi,videos,580.00,640,480,0.0714
videos__rec_20251130_124123__f011620.jpg,rec_20251130_124123.avi,videos,581.00,640,480,0.0746
videos__rec_20251130_124123__f011640.jpg,rec_20251130_124123.avi,videos,582.00,640,480,0.0739
videos__rec_20251130_124123__f011660.jpg,rec_20251130_124123.avi,videos,583.00,640,480,0.0680
videos__rec_20251130_124123__f011680.jpg,rec_20251130_124123.avi,videos,584.00,640,480,0.0674
videos__rec_20251130_124123__f011700.jpg,rec_20251130_124123.avi,videos,585.00,640,480,0.0700
videos__rec_20251130_124123__f011720.jpg,rec_20251130_124123.avi,videos,586.00,640,480,0.0724
videos__rec_20251130_124123__f011740.jpg,rec_20251130_124123.avi,videos,587.00,640,480,0.0769
videos__rec_20251130_124123__f011760.jpg,rec_20251130_124123.avi,videos,588.00,640,480,0.0804
videos__rec_20251130_124123__f011780.jpg,rec_20251130_124123.avi,videos,589.00,640,480,0.0796
videos__rec_20251130_124123__f011800.jpg,rec_20251130_124123.avi,videos,590.00,640,480,0.0789
videos__rec_20251130_124123__f011820.jpg,rec_20251130_124123.avi,videos,591.00,640,480,0.0802
videos__rec_20251130_124123__f011840.jpg,rec_20251130_124123.avi,videos,592.00,640,480,0.0808
videos__rec_20251130_124123__f011860.jpg,rec_20251130_124123.avi,videos,593.00,640,480,0.0841
videos__rec_20251130_124123__f011880.jpg,rec_20251130_124123.avi,videos,594.00,640,480,0.0829
videos__rec_20251130_124123__f011900.jpg,rec_20251130_124123.avi,videos,595.00,640,480,0.0841
videos__rec_20251130_124123__f011920.jpg,rec_20251130_124123.avi,videos,596.00,640,480,0.0785
videos__rec_20251130_124123__f011940.jpg,rec_20251130_124123.avi,videos,597.00,640,480,0.0818
videos__rec_20251130_124123__f011960.jpg,rec_20251130_124123.avi,videos,598.00,640,480,0.0793
videos__rec_20251130_124123__f011980.jpg,rec_20251130_124123.avi,videos,599.00,640,480,0.0816
videos__rec_20251130_124123__f012000.jpg,rec_20251130_124123.avi,videos,600.00,640,480,0.0829
videos__rec_20251130_124123__f012020.jpg,rec_20251130_124123.avi,videos,601.00,640,480,0.0822
videos__rec_20251130_124123__f012040.jpg,rec_20251130_124123.avi,videos,602.00,640,480,0.0806
videos__rec_20251130_124123__f012060.jpg,rec_20251130_124123.avi,videos,603.00,640,480,0.0853
videos__rec_20251130_124123__f012080.jpg,rec_20251130_124123.avi,videos,604.00,640,480,0.0848
videos__rec_20251130_124123__f012100.jpg,rec_20251130_124123.avi,videos,605.00,640,480,0.0854
videos__rec_20251130_124123__f012120.jpg,rec_20251130_124123.avi,videos,606.00,640,480,0.0849
videos__rec_20251130_124123__f012140.jpg,rec_20251130_124123.avi,videos,607.00,640,480,0.0814
videos__rec_20251130_124123__f012160.jpg,rec_20251130_124123.avi,videos,608.00,640,480,0.0835
videos__rec_20251130_124123__f012180.jpg,rec_20251130_124123.avi,videos,609.00,640,480,0.0841
videos__rec_20251130_124123__f012200.jpg,rec_20251130_124123.avi,videos,610.00,640,480,0.0842
videos__rec_20251130_124123__f012220.jpg,rec_20251130_124123.avi,videos,611.00,640,480,0.0832
videos__rec_20251130_124123__f012240.jpg,rec_20251130_124123.avi,videos,612.00,640,480,0.0845
videos__rec_20251130_124123__f012260.jpg,rec_20251130_124123.avi,videos,613.00,640,480,0.0804
videos__rec_20251130_124123__f012280.jpg,rec_20251130_124123.avi,videos,614.00,640,480,0.0747
videos__rec_20251130_124123__f012300.jpg,rec_20251130_124123.avi,videos,615.00,640,480,0.0692
videos__rec_20251130_124123__f012320.jpg,rec_20251130_124123.avi,videos,616.00,640,480,0.0692
videos__rec_20251130_124123__f012340.jpg,rec_20251130_124123.avi,videos,617.00,640,480,0.0703
videos__rec_20251130_124123__f012360.jpg,rec_20251130_124123.avi,videos,618.00,640,480,0.0704
videos__rec_20251130_124123__f012380.jpg,rec_20251130_124123.avi,videos,619.00,640,480,0.0696
videos__rec_20251130_124123__f012400.jpg,rec_20251130_124123.avi,videos,620.00,640,480,0.0701
videos__rec_20251130_124123__f012420.jpg,rec_20251130_124123.avi,videos,621.00,640,480,0.0709
videos__rec_20251130_124123__f012440.jpg,rec_20251130_124123.avi,videos,622.00,640,480,0.0678
videos__rec_20251130_124123__f012460.jpg,rec_20251130_124123.avi,videos,623.00,640,480,0.0606
videos__rec_20251130_124123__f012480.jpg,rec_20251130_124123.avi,videos,624.00,640,480,0.0603
videos__rec_20251130_124123__f012500.jpg,rec_20251130_124123.avi,videos,625.00,640,480,0.0612
videos__rec_20251130_124123__f012520.jpg,rec_20251130_124123.avi,videos,626.00,640,480,0.0554
videos__rec_20251130_124123__f012540.jpg,rec_20251130_124123.avi,videos,627.00,640,480,0.0542
videos__rec_20251130_124123__f012560.jpg,rec_20251130_124123.avi,videos,628.00,640,480,0.0547
videos__rec_20251130_124123__f012580.jpg,rec_20251130_124123.avi,videos,629.00,640,480,0.0629
videos__rec_20251130_124123__f012600.jpg,rec_20251130_124123.avi,videos,630.00,640,480,0.0658
videos__rec_20251130_124123__f012620.jpg,rec_20251130_124123.avi,videos,631.00,640,480,0.0665
videos__rec_20251130_124123__f012640.jpg,rec_20251130_124123.avi,videos,632.00,640,480,0.0651
videos__rec_20251130_124123__f012660.jpg,rec_20251130_124123.avi,videos,633.00,640,480,0.0641
videos__rec_20251130_124123__f012680.jpg,rec_20251130_124123.avi,videos,634.00,640,480,0.0633
videos__rec_20251130_124123__f012700.jpg,rec_20251130_124123.avi,videos,635.00,640,480,0.0621
videos__rec_20251130_124123__f012720.jpg,rec_20251130_124123.avi,videos,636.00,640,480,0.0631
videos__rec_20251130_124123__f012740.jpg,rec_20251130_124123.avi,videos,637.00,640,480,0.0623
videos__rec_20251130_124123__f012760.jpg,rec_20251130_124123.avi,videos,638.00,640,480,0.0626
videos__rec_20251130_124123__f012780.jpg,rec_20251130_124123.avi,videos,639.00,640,480,0.0659
videos__rec_20251130_124123__f012800.jpg,rec_20251130_124123.avi,videos,640.00,640,480,0.0637
videos__rec_20251130_124123__f012820.jpg,rec_20251130_124123.avi,videos,641.00,640,480,0.0649
videos__rec_20251130_124123__f012840.jpg,rec_20251130_124123.avi,videos,642.00,640,480,0.0650
videos__rec_20251130_124123__f012860.jpg,rec_20251130_124123.avi,videos,643.00,640,480,0.0594
videos__rec_20251130_124123__f012880.jpg,rec_20251130_124123.avi,videos,644.00,640,480,0.0539
videos__rec_20251130_124123__f012900.jpg,rec_20251130_124123.avi,videos,645.00,640,480,0.0496
videos__rec_20251130_124123__f012920.jpg,rec_20251130_124123.avi,videos,646.00,640,480,0.0506
videos__rec_20251130_124123__f012940.jpg,rec_20251130_124123.avi,videos,647.00,640,480,0.0512
videos__rec_20251130_124123__f012960.jpg,rec_20251130_124123.avi,videos,648.00,640,480,0.0519
videos__rec_20251130_124123__f012980.jpg,rec_20251130_124123.avi,videos,649.00,640,480,0.0547
videos__rec_20251130_124123__f013000.jpg,rec_20251130_124123.avi,videos,650.00,640,480,0.0610
videos__rec_20251130_124123__f013020.jpg,rec_20251130_124123.avi,videos,651.00,640,480,0.0627
videos__rec_20251130_124123__f013040.jpg,rec_20251130_124123.avi,videos,652.00,640,480,0.0600
videos__rec_20251130_124123__f013060.jpg,rec_20251130_124123.avi,videos,653.00,640,480,0.0409
videos__rec_20251130_124123__f013080.jpg,rec_20251130_124123.avi,videos,654.00,640,480,0.0425
videos__rec_20251130_124123__f013100.jpg,rec_20251130_124123.avi,videos,655.00,640,480,0.0472
videos__rec_20251130_124123__f013120.jpg,rec_20251130_124123.avi,videos,656.00,640,480,0.0441
videos__rec_20251130_124123__f013140.jpg,rec_20251130_124123.avi,videos,657.00,640,480,0.0488
videos__rec_20251130_124123__f013160.jpg,rec_20251130_124123.avi,videos,658.00,640,480,0.0459
videos__rec_20251130_124123__f013180.jpg,rec_20251130_124123.avi,videos,659.00,640,480,0.0468
videos__rec_20251130_124123__f013200.jpg,rec_20251130_124123.avi,videos,660.00,640,480,0.0404
videos__rec_20251130_124123__f013220.jpg,rec_20251130_124123.avi,videos,661.00,640,480,0.0464
videos__rec_20251130_124123__f013240.jpg,rec_20251130_124123.avi,videos,662.00,640,480,0.0511
videos__rec_20251130_124123__f013260.jpg,rec_20251130_124123.avi,videos,663.00,640,480,0.0424
videos__rec_20251130_124123__f013280.jpg,rec_20251130_124123.avi,videos,664.00,640,480,0.0375
videos__rec_20251130_124123__f013300.jpg,rec_20251130_124123.avi,videos,665.00,640,480,0.0409
videos__rec_20251130_124123__f013320.jpg,rec_20251130_124123.avi,videos,666.00,640,480,0.0414
videos__rec_20251130_124123__f013340.jpg,rec_20251130_124123.avi,videos,667.00,640,480,0.0383
videos__rec_20251130_124123__f013360.jpg,rec_20251130_124123.avi,videos,668.00,640,480,0.0364
videos__rec_20251130_124123__f013380.jpg,rec_20251130_124123.avi,videos,669.00,640,480,0.0317
videos__rec_20251130_124123__f013400.jpg,rec_20251130_124123.avi,videos,670.00,640,480,0.0456
videos__rec_20251130_124123__f013420.jpg,rec_20251130_124123.avi,videos,671.00,640,480,0.0450
videos__rec_20251130_124123__f013440.jpg,rec_20251130_124123.avi,videos,672.00,640,480,0.0529
videos__rec_20251130_124123__f013460.jpg,rec_20251130_124123.avi,videos,673.00,640,480,0.0496
videos__rec_20251130_124123__f013480.jpg,rec_20251130_124123.avi,videos,674.00,640,480,0.0576
videos__rec_20251130_124123__f013500.jpg,rec_20251130_124123.avi,videos,675.00,640,480,0.0571
videos__rec_20251130_124123__f013520.jpg,rec_20251130_124123.avi,videos,676.00,640,480,0.0487
videos__rec_20251130_124123__f013540.jpg,rec_20251130_124123.avi,videos,677.00,640,480,0.0554
videos__rec_20251130_124123__f013560.jpg,rec_20251130_124123.avi,videos,678.00,640,480,0.0618
videos__rec_20251130_124123__f013580.jpg,rec_20251130_124123.avi,videos,679.00,640,480,0.0588
videos__rec_20251130_124123__f013600.jpg,rec_20251130_124123.avi,videos,680.00,640,480,0.0490
videos__rec_20251130_124123__f013620.jpg,rec_20251130_124123.avi,videos,681.00,640,480,0.0503
videos__rec_20251130_124123__f013640.jpg,rec_20251130_124123.avi,videos,682.00,640,480,0.0465
videos__rec_20251130_124123__f013660.jpg,rec_20251130_124123.avi,videos,683.00,640,480,0.0400
videos__rec_20251130_124123__f013680.jpg,rec_20251130_124123.avi,videos,684.00,640,480,0.0332
videos__rec_20251130_124123__f013700.jpg,rec_20251130_124123.avi,videos,685.00,640,480,0.0373
videos__rec_20251130_124123__f013720.jpg,rec_20251130_124123.avi,videos,686.00,640,480,0.0431
videos__rec_20251130_124123__f013740.jpg,rec_20251130_124123.avi,videos,687.00,640,480,0.0572
videos__rec_20251130_124123__f013760.jpg,rec_20251130_124123.avi,videos,688.00,640,480,0.0602
videos__rec_20251130_124123__f013780.jpg,rec_20251130_124123.avi,videos,689.00,640,480,0.0647
videos__rec_20251130_124123__f013800.jpg,rec_20251130_124123.avi,videos,690.00,640,480,0.0637
videos__rec_20251130_124123__f013820.jpg,rec_20251130_124123.avi,videos,691.00,640,480,0.0658
videos__rec_20251130_124123__f013840.jpg,rec_20251130_124123.avi,videos,692.00,640,480,0.0661
videos__rec_20251130_124123__f013860.jpg,rec_20251130_124123.avi,videos,693.00,640,480,0.0664
videos__rec_20251130_124123__f013880.jpg,rec_20251130_124123.avi,videos,694.00,640,480,0.0666
videos__rec_20251130_124123__f013900.jpg,rec_20251130_124123.avi,videos,695.00,640,480,0.0672
videos__rec_20251130_124123__f013920.jpg,rec_20251130_124123.avi,videos,696.00,640,480,0.0566
videos__rec_20251130_124123__f013940.jpg,rec_20251130_124123.avi,videos,697.00,640,480,0.0603
videos__rec_20251130_124123__f013960.jpg,rec_20251130_124123.avi,videos,698.00,640,480,0.0621
videos__rec_20251130_124123__f013980.jpg,rec_20251130_124123.avi,videos,699.00,640,480,0.0664
videos__rec_20251130_124123__f014000.jpg,rec_20251130_124123.avi,videos,700.00,640,480,0.0618
videos__rec_20251130_124123__f014020.jpg,rec_20251130_124123.avi,videos,701.00,640,480,0.0639
videos__rec_20251130_124123__f014040.jpg,rec_20251130_124123.avi,videos,702.00,640,480,0.0650
videos__rec_20251130_124123__f014060.jpg,rec_20251130_124123.avi,videos,703.00,640,480,0.0635
videos__rec_20251130_124123__f014080.jpg,rec_20251130_124123.avi,videos,704.00,640,480,0.0554
videos__rec_20251130_124123__f014100.jpg,rec_20251130_124123.avi,videos,705.00,640,480,0.0564
videos__rec_20251130_124123__f014120.jpg,rec_20251130_124123.avi,videos,706.00,640,480,0.0616
videos__rec_20251130_124123__f014140.jpg,rec_20251130_124123.avi,videos,707.00,640,480,0.0543
videos__rec_20251130_124123__f014160.jpg,rec_20251130_124123.avi,videos,708.00,640,480,0.0567
videos__rec_20251130_124123__f014180.jpg,rec_20251130_124123.avi,videos,709.00,640,480,0.0634
videos__rec_20251130_124123__f014200.jpg,rec_20251130_124123.avi,videos,710.00,640,480,0.0592
videos__rec_20251130_124123__f014220.jpg,rec_20251130_124123.avi,videos,711.00,640,480,0.0565
videos__rec_20251130_124123__f014240.jpg,rec_20251130_124123.avi,videos,712.00,640,480,0.0427
videos__rec_20251130_124123__f014260.jpg,rec_20251130_124123.avi,videos,713.00,640,480,0.0465
videos__rec_20251130_124123__f014280.jpg,rec_20251130_124123.avi,videos,714.00,640,480,0.0442
videos__rec_20251130_124123__f014300.jpg,rec_20251130_124123.avi,videos,715.00,640,480,0.0492
videos__rec_20251130_124123__f014320.jpg,rec_20251130_124123.avi,videos,716.00,640,480,0.0509
videos__rec_20251130_124123__f014340.jpg,rec_20251130_124123.avi,videos,717.00,640,480,0.0538
videos__rec_20251130_124123__f014360.jpg,rec_20251130_124123.avi,videos,718.00,640,480,0.0637
videos__rec_20251130_124123__f014380.jpg,rec_20251130_124123.avi,videos,719.00,640,480,0.0542
videos__rec_20251130_124123__f014400.jpg,rec_20251130_124123.avi,videos,720.00,640,480,0.0515
videos__rec_20251130_124123__f014420.jpg,rec_20251130_124123.avi,videos,721.00,640,480,0.0547
videos__rec_20251130_124123__f014440.jpg,rec_20251130_124123.avi,videos,722.00,640,480,0.0529
videos__rec_20251130_124123__f014460.jpg,rec_20251130_124123.avi,videos,723.00,640,480,0.0618
videos__rec_20251130_124123__f014480.jpg,rec_20251130_124123.avi,videos,724.00,640,480,0.0413
videos__rec_20251130_124123__f014500.jpg,rec_20251130_124123.avi,videos,725.00,640,480,0.0655
videos__rec_20251130_124123__f014520.jpg,rec_20251130_124123.avi,videos,726.00,640,480,0.0662
videos__rec_20251130_124123__f014540.jpg,rec_20251130_124123.avi,videos,727.00,640,480,0.0568
videos__rec_20251130_124123__f014560.jpg,rec_20251130_124123.avi,videos,728.00,640,480,0.0560
videos__rec_20251130_124123__f014580.jpg,rec_20251130_124123.avi,videos,729.00,640,480,0.0692
videos__rec_20251130_124123__f014600.jpg,rec_20251130_124123.avi,videos,730.00,640,480,0.0654
videos__rec_20251130_124123__f014620.jpg,rec_20251130_124123.avi,videos,731.00,640,480,0.0515
videos__rec_20251130_124123__f014640.jpg,rec_20251130_124123.avi,videos,732.00,640,480,0.0460
videos__rec_20251130_124123__f014660.jpg,rec_20251130_124123.avi,videos,733.00,640,480,0.0524
videos__rec_20251130_124123__f014680.jpg,rec_20251130_124123.avi,videos,734.00,640,480,0.0475
videos__rec_20251130_124123__f014700.jpg,rec_20251130_124123.avi,videos,735.00,640,480,0.0490
videos__rec_20251130_124123__f014720.jpg,rec_20251130_124123.avi,videos,736.00,640,480,0.0482
videos__rec_20251130_124123__f014740.jpg,rec_20251130_124123.avi,videos,737.00,640,480,0.0605
videos__rec_20251130_124123__f014760.jpg,rec_20251130_124123.avi,videos,738.00,640,480,0.0630
videos__rec_20251130_124123__f014780.jpg,rec_20251130_124123.avi,videos,739.00,640,480,0.0737
videos__rec_20251130_124123__f014800.jpg,rec_20251130_124123.avi,videos,740.00,640,480,0.0762
videos__rec_20251130_124123__f014820.jpg,rec_20251130_124123.avi,videos,741.00,640,480,0.0691
videos__rec_20251130_124123__f014840.jpg,rec_20251130_124123.avi,videos,742.00,640,480,0.0493
videos__rec_20251130_124123__f014860.jpg,rec_20251130_124123.avi,videos,743.00,640,480,0.0394
videos__rec_20251130_124123__f014880.jpg,rec_20251130_124123.avi,videos,744.00,640,480,0.0348
videos__rec_20251130_124123__f014900.jpg,rec_20251130_124123.avi,videos,745.00,640,480,0.0222
videos__rec_20251130_124123__f014920.jpg,rec_20251130_124123.avi,videos,746.00,640,480,0.0547
videos__rec_20251130_124123__f014940.jpg,rec_20251130_124123.avi,videos,747.00,640,480,0.0588
videos__rec_20251130_124123__f014960.jpg,rec_20251130_124123.avi,videos,748.00,640,480,0.0619
videos__rec_20251130_124123__f014980.jpg,rec_20251130_124123.avi,videos,749.00,640,480,0.0576
videos__rec_20251130_124123__f015000.jpg,rec_20251130_124123.avi,videos,750.00,640,480,0.0629
videos__rec_20251130_124123__f015020.jpg,rec_20251130_124123.avi,videos,751.00,640,480,0.0638
videos__rec_20251130_124123__f015040.jpg,rec_20251130_124123.avi,videos,752.00,640,480,0.0642
videos__rec_20251130_124123__f015060.jpg,rec_20251130_124123.avi,videos,753.00,640,480,0.0645
videos__rec_20251130_124123__f015080.jpg,rec_20251130_124123.avi,videos,754.00,640,480,0.0642
videos__rec_20251130_124123__f015100.jpg,rec_20251130_124123.avi,videos,755.00,640,480,0.0650
videos__rec_20251130_124123__f015120.jpg,rec_20251130_124123.avi,videos,756.00,640,480,0.0647
videos__rec_20251130_124123__f015140.jpg,rec_20251130_124123.avi,videos,757.00,640,480,0.0641
videos__rec_20251130_124123__f015160.jpg,rec_20251130_124123.avi,videos,758.00,640,480,0.0665
videos__rec_20251130_124123__f015180.jpg,rec_20251130_124123.avi,videos,759.00,640,480,0.0674
videos__rec_20251130_124123__f015200.jpg,rec_20251130_124123.avi,videos,760.00,640,480,0.0672
videos__rec_20251130_124123__f015220.jpg,rec_20251130_124123.avi,videos,761.00,640,480,0.0686
videos__rec_20251130_124123__f015240.jpg,rec_20251130_124123.avi,videos,762.00,640,480,0.0694
videos__rec_20251130_124123__f015260.jpg,rec_20251130_124123.avi,videos,763.00,640,480,0.0686
videos__rec_20251130_124123__f015280.jpg,rec_20251130_124123.avi,videos,764.00,640,480,0.0631
videos__rec_20251130_124123__f015300.jpg,rec_20251130_124123.avi,videos,765.00,640,480,0.0667
videos__rec_20251130_124123__f015320.jpg,rec_20251130_124123.avi,videos,766.00,640,480,0.0657
videos__rec_20251130_124123__f015340.jpg,rec_20251130_124123.avi,videos,767.00,640,480,0.0706
videos__rec_20251130_124123__f015360.jpg,rec_20251130_124123.avi,videos,768.00,640,480,0.0723
videos__rec_20251130_124123__f015380.jpg,rec_20251130_124123.avi,videos,769.00,640,480,0.0723
videos__rec_20251130_124123__f015400.jpg,rec_20251130_124123.avi,videos,770.00,640,480,0.0599
videos__rec_20251130_124123__f015420.jpg,rec_20251130_124123.avi,videos,771.00,640,480,0.0654
videos__rec_20251130_124123__f015440.jpg,rec_20251130_124123.avi,videos,772.00,640,480,0.0639
